MATERIAL_GUID,MATERIAL_ID,HIGHNAME,N_TRIALS,N_TRIALS_USED,YIELD_VS_CHECK_PCT,DISEASE_SCORE_MEAN,MOISTURE_PCT_MEAN,GERMINATION_PCT,FUMONISIN_PPM,MARKER_DISEASE_RESISTANCE,GENOMIC_BREEDING_VALUE,SYSTEM_RAG,SYSTEM_REASON,CAVEATS,BREEDER_DECISION,BREEDER_COMMENT,IS_SYNTHETIC
BDA3F23B-B83C-5375-B9B8-3ADB9CD34DC3,SYN-MZ-00001,SYNTH_LINE_00001,1,1,115.4,2.10,23.8,95.2,1.77,RESISTANT,116.4,AMBER,Check: harvest moisture 23.8 (above target 23.0); only 1 usable trial,,,,TRUE
FCA1034F-23D1-5C80-B17D-CA82DC3325EB,SYN-MZ-00002,SYNTH_LINE_00002,1,1,103.7,1.90,25.7,90.6,1.58,RESISTANT,98.6,AMBER,Check: harvest moisture 25.7 (above limit 25.0); only 1 usable trial,,,,TRUE
47CB337B-F9A3-58D9-B496-C84842EE87E3,SYN-MZ-00003,SYNTH_LINE_00003,2,2,109.6,4.27,21.6,91.5,0.38,INTERMEDIATE,118.1,AMBER,Check: disease score 4.3 (above target 4.0),,,,TRUE
F9BC2FEC-60D6-5DFF-B4CF-789F8E765BFD,SYN-MZ-00004,SYNTH_LINE_00004,2,2,108.0,2.18,19.1,97.8,1.85,RESISTANT,100.3,GREEN,Beats checks (108%) with all field and lab checks passing,,,,TRUE
E4CFF24E-3AF0-5FBA-9562-C4393CD711EA,SYN-MZ-00005,SYNTH_LINE_00005,3,3,112.1,2.54,20.6,98.4,0.70,RESISTANT,116.0,GREEN,Beats checks (112%) with all field and lab checks passing,,,,TRUE
2B7C0193-8AD2-5132-90D6-EC0125159542,SYN-MZ-00006,SYNTH_LINE_00006,3,3,111.5,4.87,19.7,91.6,0.25,SUSCEPTIBLE,109.9,AMBER,Check: disease score 4.9 (above target 4.0); disease-susceptible marker,,,,TRUE
B6AEF3F7-49DF-5938-A721-1C9ED30FE32D,SYN-MZ-00007,SYNTH_LINE_00007,3,2,108.8,6.65,20.8,97.2,0.44,SUSCEPTIBLE,109.8,RED,Fails must-pass: disease score 6.6 (above limit 6.0),1 trial(s) excluded: irrigation missed,,,TRUE
AA4D3613-B947-5291-9D6D-08AC58B282CE,SYN-MZ-00008,SYNTH_LINE_00008,3,2,104.9,6.55,22.1,92.2,0.96,SUSCEPTIBLE,99.0,RED,Fails must-pass: disease score 6.5 (above limit 6.0),1 trial(s) excluded: irrigation missed,,,TRUE
49F400C7-67D9-53F7-8C2F-7709D22BA540,SYN-MZ-00009,SYNTH_LINE_00009,3,2,101.6,2.55,19.2,97.9,1.36,RESISTANT,97.1,AMBER,Check: yield vs checks 101.6% (below target 103%),1 trial(s) excluded: irrigation missed,,,TRUE
55B846CE-0304-5467-83C6-6E6D33550CDF,SYN-MZ-00010,SYNTH_LINE_00010,3,2,108.4,4.20,21.2,93.0,0.88,RESISTANT,119.3,AMBER,Check: disease score 4.2 (above target 4.0),1 trial(s) excluded: irrigation missed,,,TRUE
8689D2D4-7776-5FC8-813D-D63017F0337E,SYN-MZ-00011,SYNTH_LINE_00011,3,2,106.2,3.10,21.0,97.0,1.05,RESISTANT,102.3,GREEN,Beats checks (106%) with all field and lab checks passing,1 trial(s) excluded: irrigation missed,,,TRUE
080F0B64-D97A-588D-B40C-A051B359AE52,SYN-MZ-00012,SYNTH_LINE_00012,3,2,110.5,5.35,20.2,92.0,0.51,SUSCEPTIBLE,107.0,AMBER,Check: disease score 5.4 (above target 4.0); disease-susceptible marker,1 trial(s) excluded: irrigation missed,,,TRUE
0ABDF50B-E599-5A0E-AAD7-B3801C204FEF,SYN-MZ-00013,SYNTH_LINE_00013,3,3,106.4,4.10,19.5,97.8,1.73,RESISTANT,110.1,AMBER,Check: disease score 4.1 (above target 4.0),,,,TRUE
99EE49D0-F7F6-53CE-8FC9-ACF251077CD3,SYN-MZ-00014,SYNTH_LINE_00014,3,3,90.2,2.33,21.2,95.4,0.89,RESISTANT,89.6,RED,Fails must-pass: yield vs checks 90.2% (below minimum 95%),,,,TRUE
B9868147-0FE8-5766-9C66-DD78C3C1EBB4,SYN-MZ-00015,SYNTH_LINE_00015,3,3,115.2,4.38,22.5,92.8,0.68,INTERMEDIATE,113.6,AMBER,Check: disease score 4.4 (above target 4.0),,,,TRUE
EE1AC5CF-17E4-5D7C-BA29-EA983FBBF170,SYN-MZ-00016,SYNTH_LINE_00016,3,3,90.0,3.03,19.5,95.2,1.25,RESISTANT,93.0,RED,Fails must-pass: yield vs checks 90.0% (below minimum 95%),,,,TRUE
5A705A98-7EAC-500C-AD19-08E66229D28F,SYN-MZ-00017,SYNTH_LINE_00017,3,3,94.3,5.51,19.9,98.4,1.12,SUSCEPTIBLE,92.9,RED,Fails must-pass: yield vs checks 94.3% (below minimum 95%),,,,TRUE
62C92069-66BF-5B0B-ADBA-8D0357CE459C,SYN-MZ-00018,SYNTH_LINE_00018,3,3,102.2,6.56,20.8,93.5,0.73,SUSCEPTIBLE,98.9,RED,Fails must-pass: disease score 6.6 (above limit 6.0),,,,TRUE
A8B6980C-FFB9-5F9B-92BA-AF12781ABDDE,SYN-MZ-00019,SYNTH_LINE_00019,3,3,88.8,4.59,21.0,97.3,4.95,INTERMEDIATE,90.3,RED,Fails must-pass: yield vs checks 88.8% (below minimum 95%); fumonisin 5.0 (above limit 4.0),,,,TRUE
4A5DFB3F-03B5-5B3F-9852-099CA5A15225,SYN-MZ-00020,SYNTH_LINE_00020,3,3,87.7,6.18,20.0,95.4,1.13,SUSCEPTIBLE,89.3,RED,Fails must-pass: yield vs checks 87.7% (below minimum 95%); disease score 6.2 (above limit 6.0),,,,TRUE
1A9526DC-BD8E-563C-9E4A-9481E88601A5,SYN-MZ-00021,SYNTH_LINE_00021,3,3,91.1,5.81,20.3,90.6,1.16,SUSCEPTIBLE,90.4,RED,Fails must-pass: yield vs checks 91.1% (below minimum 95%),,,,TRUE
6E503269-36A0-59E5-B29F-D2C65C57CAD6,SYN-MZ-00022,SYNTH_LINE_00022,3,3,100.1,6.71,20.2,84.9,1.78,SUSCEPTIBLE,96.9,RED,Fails must-pass: disease score 6.7 (above limit 6.0),,,,TRUE
D41ABD3A-44E1-5B49-8488-2C6805F30B64,SYN-MZ-00023,SYNTH_LINE_00023,3,3,98.7,3.44,19.0,96.4,0.56,INTERMEDIATE,97.8,AMBER,Check: yield vs checks 98.7% (below target 103%),,,,TRUE
E568186B-E969-5A74-8996-D72CACB495FD,SYN-MZ-00024,SYNTH_LINE_00024,3,3,104.1,1.99,20.7,95.1,0.81,RESISTANT,111.0,GREEN,Beats checks (104%) with all field and lab checks passing,,,,TRUE
48766B60-7B8E-5227-9A4F-9E77EE26141C,SYN-MZ-00025,SYNTH_LINE_00025,3,3,109.5,3.52,19.8,97.5,1.19,RESISTANT,112.7,GREEN,Beats checks (109%) with all field and lab checks passing,,,,TRUE
01BB90D3-8967-5A5C-BB61-08A07D8CD947,SYN-MZ-00026,SYNTH_LINE_00026,3,3,100.7,5.86,23.7,93.4,1.14,SUSCEPTIBLE,102.5,AMBER,Check: yield vs checks 100.7% (below target 103%); disease score 5.9 (above target 4.0); harvest moisture 23.7 (above target 23.0); disease-susceptible marker,,,,TRUE
F6CDB34F-475C-5C74-9BD0-6D017DAE3754,SYN-MZ-00027,SYNTH_LINE_00027,3,3,103.5,2.69,19.7,96.1,5.51,RESISTANT,109.1,RED,Fails must-pass: fumonisin 5.5 (above limit 4.0),,,,TRUE
BCB3BCE4-83EF-5273-AD5F-98501BE8DF60,SYN-MZ-00028,SYNTH_LINE_00028,3,3,112.9,3.68,21.8,98.0,1.74,RESISTANT,110.3,GREEN,Beats checks (113%) with all field and lab checks passing,,,,TRUE
151CE54D-EAED-5C4E-AB65-6E225058176E,SYN-MZ-00029,SYNTH_LINE_00029,3,3,102.6,3.13,21.4,92.3,0.29,RESISTANT,111.0,AMBER,Check: yield vs checks 102.6% (below target 103%),,,,TRUE
3DFD73B3-FBE4-5BE2-878B-AEB993A47967,SYN-MZ-00030,SYNTH_LINE_00030,3,3,119.0,3.24,18.9,91.5,0.76,RESISTANT,118.7,GREEN,Beats checks (119%) with all field and lab checks passing,,,,TRUE
D452B305-237F-578C-8664-5FBE4C1C73B1,SYN-MZ-00031,SYNTH_LINE_00031,3,3,95.6,5.18,18.9,95.0,1.37,INTERMEDIATE,106.1,AMBER,Check: yield vs checks 95.6% (below target 103%); disease score 5.2 (above target 4.0),,,,TRUE
02C72F35-6DF2-535C-B881-73EEA4BDEF64,SYN-MZ-00032,SYNTH_LINE_00032,3,3,113.0,2.92,20.1,97.3,0.60,RESISTANT,114.0,GREEN,Beats checks (113%) with all field and lab checks passing,,,,TRUE
CDAC1DFC-07F5-5AAA-ACF7-174A83106211,SYN-MZ-00033,SYNTH_LINE_00033,3,3,116.8,3.42,22.0,92.2,1.77,RESISTANT,116.6,GREEN,Beats checks (117%) with all field and lab checks passing,,,,TRUE
6BC3F466-8A3A-514B-95C5-ED43F221577D,SYN-MZ-00034,SYNTH_LINE_00034,3,3,114.0,6.68,19.8,98.0,5.11,SUSCEPTIBLE,118.8,RED,Fails must-pass: disease score 6.7 (above limit 6.0); fumonisin 5.1 (above limit 4.0),,,,TRUE
CA7C91FE-A31E-543B-BE95-6F3A9B18244F,SYN-MZ-00035,SYNTH_LINE_00035,3,3,93.4,3.03,20.0,96.1,0.29,RESISTANT,100.8,RED,Fails must-pass: yield vs checks 93.4% (below minimum 95%),,,,TRUE
667DEBCE-B100-5059-AB1C-8388525FC762,SYN-MZ-00036,SYNTH_LINE_00036,3,3,92.6,2.78,15.6,96.1,0.54,RESISTANT,90.4,RED,Fails must-pass: yield vs checks 92.6% (below minimum 95%),,,,TRUE
F883E21C-4C88-5C86-BDED-808DCF101BE6,SYN-MZ-00037,SYNTH_LINE_00037,3,3,100.6,4.29,20.2,97.5,1.50,SUSCEPTIBLE,104.5,AMBER,Check: yield vs checks 100.6% (below target 103%); disease score 4.3 (above target 4.0); disease-susceptible marker,,,,TRUE
1D8B5ABD-A06B-5E37-8158-A9DB10FE3BE6,SYN-MZ-00038,SYNTH_LINE_00038,3,3,111.2,6.12,22.0,98.2,1.82,SUSCEPTIBLE,118.1,RED,Fails must-pass: disease score 6.1 (above limit 6.0),,,,TRUE
A60C347B-ED09-5433-86AE-8FA97C612F60,SYN-MZ-00039,SYNTH_LINE_00039,3,3,94.2,2.86,23.0,92.0,1.87,RESISTANT,87.7,RED,Fails must-pass: yield vs checks 94.2% (below minimum 95%),,,,TRUE
8557A22F-14B2-5381-8DF2-0E4F62B7D0FD,SYN-MZ-00040,SYNTH_LINE_00040,3,3,107.8,3.91,22.4,97.5,1.56,INTERMEDIATE,106.9,GREEN,Beats checks (108%) with all field and lab checks passing,,,,TRUE
420901AD-1690-56B1-A54B-E45F7104461D,SYN-MZ-00041,SYNTH_LINE_00041,3,3,85.2,6.27,21.1,95.3,1.13,SUSCEPTIBLE,85.2,RED,Fails must-pass: yield vs checks 85.2% (below minimum 95%); disease score 6.3 (above limit 6.0),,,,TRUE
0AF976E8-609F-54B4-93A9-F5FFB2C89CC2,SYN-MZ-00042,SYNTH_LINE_00042,3,3,94.7,6.44,21.2,88.1,0.84,SUSCEPTIBLE,97.7,RED,Fails must-pass: yield vs checks 94.7% (below minimum 95%); disease score 6.4 (above limit 6.0),,,,TRUE
80674DED-4AF0-56B4-A82F-676B047FD1F9,SYN-MZ-00043,SYNTH_LINE_00043,3,2,99.7,2.92,24.5,91.1,0.52,RESISTANT,97.7,AMBER,Check: yield vs checks 99.7% (below target 103%); harvest moisture 24.5 (above target 23.0),1 trial(s) excluded: irrigation missed,,,TRUE
7663F6FC-3144-5397-8DC5-49CF05A78783,SYN-MZ-00044,SYNTH_LINE_00044,3,2,103.7,1.88,22.5,97.2,0.96,RESISTANT,93.9,GREEN,Beats checks (104%) with all field and lab checks passing,1 trial(s) excluded: irrigation missed,,,TRUE
55B1F533-E637-592C-BE49-07B3119C93B6,SYN-MZ-00045,SYNTH_LINE_00045,3,2,100.7,3.85,16.7,82.0,1.02,INTERMEDIATE,99.9,AMBER,Check: yield vs checks 100.7% (below target 103%); germination 82.0% (below minimum 85%),1 trial(s) excluded: irrigation missed,,,TRUE
A8A251E0-1271-51D8-829F-8F673FA25406,SYN-MZ-00046,SYNTH_LINE_00046,3,2,99.8,2.62,23.0,91.8,0.30,RESISTANT,105.1,AMBER,Check: yield vs checks 99.8% (below target 103%),1 trial(s) excluded: irrigation missed,,,TRUE
4FEFE8DE-C128-57D8-B2A9-D05EA011ABBB,SYN-MZ-00047,SYNTH_LINE_00047,3,2,114.5,2.62,19.6,98.1,0.62,RESISTANT,112.2,GREEN,Beats checks (114%) with all field and lab checks passing,1 trial(s) excluded: irrigation missed,,,TRUE
E79AFB8F-D81A-5126-9812-31F64FF56B0A,SYN-MZ-00048,SYNTH_LINE_00048,3,2,110.8,4.47,23.8,80.0,1.84,INTERMEDIATE,112.1,AMBER,Check: disease score 4.5 (above target 4.0); harvest moisture 23.8 (above target 23.0); germination 80.0% (below minimum 85%),1 trial(s) excluded: irrigation missed,,,TRUE
06BC0CE1-AE47-507E-B88E-0EB0637E5F30,SYN-MZ-00049,SYNTH_LINE_00049,3,3,118.2,2.80,24.6,95.0,0.79,RESISTANT,112.5,AMBER,Check: harvest moisture 24.6 (above target 23.0),,,,TRUE
B69CE732-6878-52F2-B41E-F0F303A6AA18,SYN-MZ-00050,SYNTH_LINE_00050,3,3,101.7,2.99,23.3,96.8,0.38,RESISTANT,93.1,AMBER,Check: yield vs checks 101.7% (below target 103%); harvest moisture 23.3 (above target 23.0),,,,TRUE
8E68A5E4-3124-5DE1-83AC-BC1848ADCF30,SYN-MZ-00051,SYNTH_LINE_00051,3,3,116.9,4.07,23.4,92.9,0.30,INTERMEDIATE,110.7,AMBER,Check: disease score 4.1 (above target 4.0); harvest moisture 23.4 (above target 23.0),,,,TRUE
83143D05-79E7-5E13-A6B3-388172D0E91B,SYN-MZ-00052,SYNTH_LINE_00052,3,3,102.3,2.87,25.2,92.6,1.33,RESISTANT,107.4,AMBER,Check: yield vs checks 102.3% (below target 103%); harvest moisture 25.2 (above limit 25.0),,,,TRUE
759A5D7C-67A7-5818-9E6B-4AE49EFD060E,SYN-MZ-00053,SYNTH_LINE_00053,3,3,92.3,4.48,19.7,93.4,0.45,INTERMEDIATE,98.3,RED,Fails must-pass: yield vs checks 92.3% (below minimum 95%),,,,TRUE
4C8C42C1-3F2D-5A4E-9498-4339912973B6,SYN-MZ-00054,SYNTH_LINE_00054,3,3,108.0,3.49,22.7,95.0,1.12,RESISTANT,104.4,GREEN,Beats checks (108%) with all field and lab checks passing,,,,TRUE
AA1B3880-0BFC-59AA-9F23-5D92CD2AB166,SYN-MZ-00055,SYNTH_LINE_00055,3,3,109.4,4.31,21.4,96.0,1.88,INTERMEDIATE,117.4,AMBER,Check: disease score 4.3 (above target 4.0),,,,TRUE
335D7797-1267-5040-9BF3-15F2B103E058,SYN-MZ-00056,SYNTH_LINE_00056,3,3,108.0,6.24,19.0,91.7,1.51,SUSCEPTIBLE,111.3,RED,Fails must-pass: disease score 6.2 (above limit 6.0),,,,TRUE
DD61D49A-852D-59C9-A7F8-0A85B6E85478,SYN-MZ-00057,SYNTH_LINE_00057,3,3,94.5,3.40,25.8,83.3,1.44,RESISTANT,102.1,RED,Fails must-pass: yield vs checks 94.5% (below minimum 95%),,,,TRUE
CB3BA2FD-86CC-5ED9-964B-70C0E700498A,SYN-MZ-00058,SYNTH_LINE_00058,3,3,112.2,6.32,20.6,93.8,1.87,SUSCEPTIBLE,115.4,RED,Fails must-pass: disease score 6.3 (above limit 6.0),,,,TRUE
5D11E6ED-86BC-5114-830E-943F22D3FAC8,SYN-MZ-00059,SYNTH_LINE_00059,3,3,109.5,3.18,20.6,97.0,4.96,RESISTANT,109.3,RED,Fails must-pass: fumonisin 5.0 (above limit 4.0),,,,TRUE
DD68F5D5-574A-5056-8841-6CB4192055E7,SYN-MZ-00060,SYNTH_LINE_00060,3,3,95.3,6.52,22.2,97.9,0.72,SUSCEPTIBLE,98.2,RED,Fails must-pass: disease score 6.5 (above limit 6.0),,,,TRUE
16FFFD30-47D9-5AA6-A381-643CA1A3FEF3,SYN-MZ-00061,SYNTH_LINE_00061,3,3,93.5,3.42,24.9,97.0,1.41,RESISTANT,94.0,RED,Fails must-pass: yield vs checks 93.5% (below minimum 95%),,,,TRUE
15913DBE-7013-549B-946D-3D6DA7AE3777,SYN-MZ-00062,SYNTH_LINE_00062,3,3,107.2,2.66,21.5,94.2,1.67,RESISTANT,114.7,GREEN,Beats checks (107%) with all field and lab checks passing,,,,TRUE
5EC7789B-6A39-584A-B525-208F59B83E86,SYN-MZ-00063,SYNTH_LINE_00063,3,3,84.4,3.16,21.4,97.1,1.21,RESISTANT,92.1,RED,Fails must-pass: yield vs checks 84.4% (below minimum 95%),,,,TRUE
ECEDBC9C-312B-51DC-942B-9D9E32887D58,SYN-MZ-00064,SYNTH_LINE_00064,3,3,100.4,6.79,22.7,93.0,0.81,SUSCEPTIBLE,115.5,RED,Fails must-pass: disease score 6.8 (above limit 6.0),,,,TRUE
AF23A561-1794-5CA1-B10C-3628EECCF466,SYN-MZ-00065,SYNTH_LINE_00065,3,3,100.0,6.03,19.5,97.2,0.96,SUSCEPTIBLE,107.8,RED,Fails must-pass: disease score 6.0 (above limit 6.0),,,,TRUE
07784854-7BC7-5ECA-BDD4-CACF4FB75117,SYN-MZ-00066,SYNTH_LINE_00066,3,3,116.9,3.60,20.0,94.1,1.36,INTERMEDIATE,113.8,GREEN,Beats checks (117%) with all field and lab checks passing,,,,TRUE
13F23BCD-52EF-574F-ACC6-7AB94AFF9049,SYN-MZ-00067,SYNTH_LINE_00067,3,3,106.4,2.07,19.6,94.5,1.81,RESISTANT,114.2,GREEN,Beats checks (106%) with all field and lab checks passing,,,,TRUE
97E544B0-E0F2-5A44-8A8C-DF6E49262D21,SYN-MZ-00068,SYNTH_LINE_00068,3,3,92.0,3.86,20.1,91.7,0.38,INTERMEDIATE,90.7,RED,Fails must-pass: yield vs checks 92.0% (below minimum 95%),,,,TRUE
30AE404E-D939-5FBD-8E73-82C169F926FA,SYN-MZ-00069,SYNTH_LINE_00069,3,3,104.8,4.92,21.0,81.8,1.83,SUSCEPTIBLE,112.2,AMBER,Check: disease score 4.9 (above target 4.0); germination 81.8% (below minimum 85%); disease-susceptible marker,,,,TRUE
1BC27665-96A3-5886-8EDB-570805D8AC2B,SYN-MZ-00070,SYNTH_LINE_00070,3,3,97.7,5.76,24.4,95.4,0.39,SUSCEPTIBLE,95.9,AMBER,Check: yield vs checks 97.7% (below target 103%); disease score 5.8 (above target 4.0); harvest moisture 24.4 (above target 23.0); disease-susceptible marker,,,,TRUE
03DE83EF-F14A-5D54-A2FD-1A335C2D63BE,SYN-MZ-00071,SYNTH_LINE_00071,3,3,97.5,6.63,22.7,95.2,0.50,SUSCEPTIBLE,102.6,RED,Fails must-pass: disease score 6.6 (above limit 6.0),,,,TRUE
F2879B3F-447F-597F-B8D9-0CBF58C47571,SYN-MZ-00072,SYNTH_LINE_00072,3,3,91.7,2.68,21.1,94.1,0.96,RESISTANT,94.1,RED,Fails must-pass: yield vs checks 91.7% (below minimum 95%),,,,TRUE
82E89912-889D-5A64-81E0-285A66F4F551,SYN-MZ-00073,SYNTH_LINE_00073,3,3,122.7,3.38,20.9,96.7,0.45,RESISTANT,118.2,GREEN,Beats checks (123%) with all field and lab checks passing,,,,TRUE
B518C2FF-B887-551B-A7F9-1C0EE751CFCF,SYN-MZ-00074,SYNTH_LINE_00074,3,3,109.6,3.37,22.5,98.5,1.14,RESISTANT,118.9,GREEN,Beats checks (110%) with all field and lab checks passing,,,,TRUE
3B5928D4-F434-5749-A27B-AB4C1BAB75E5,SYN-MZ-00075,SYNTH_LINE_00075,3,3,94.2,4.11,21.8,95.7,0.92,INTERMEDIATE,85.8,RED,Fails must-pass: yield vs checks 94.2% (below minimum 95%),,,,TRUE
937A167C-CBC9-54DF-9EB1-DFD136CAD1D1,SYN-MZ-00076,SYNTH_LINE_00076,3,3,109.4,3.19,22.6,92.4,0.67,RESISTANT,109.4,GREEN,Beats checks (109%) with all field and lab checks passing,,,,TRUE
762C94BB-F99F-58F7-AA2E-115A876D1499,SYN-MZ-00077,SYNTH_LINE_00077,3,3,113.0,3.73,23.5,95.0,1.66,INTERMEDIATE,115.8,AMBER,Check: harvest moisture 23.5 (above target 23.0),,,,TRUE
E222D60A-6B36-51B3-8397-D5CF6C5572CF,SYN-MZ-00078,SYNTH_LINE_00078,3,3,105.3,2.40,19.2,92.7,0.87,RESISTANT,109.9,GREEN,Beats checks (105%) with all field and lab checks passing,,,,TRUE
647685C4-BD16-5B05-BF48-224E90967B1C,SYN-MZ-00079,SYNTH_LINE_00079,3,3,99.3,6.46,16.4,96.8,1.55,SUSCEPTIBLE,88.2,RED,Fails must-pass: disease score 6.5 (above limit 6.0),,,,TRUE
AC374E79-DCC5-5449-BA1A-E2E8A323C8B3,SYN-MZ-00080,SYNTH_LINE_00080,3,3,98.2,4.07,20.9,91.9,0.63,RESISTANT,95.9,AMBER,Check: yield vs checks 98.2% (below target 103%); disease score 4.1 (above target 4.0),,,,TRUE
B13508E2-8CB0-595E-803A-083438893C79,SYN-MZ-00081,SYNTH_LINE_00081,3,3,106.6,6.96,21.2,94.5,1.49,SUSCEPTIBLE,102.3,RED,Fails must-pass: disease score 7.0 (above limit 6.0),,,,TRUE
53D0944B-7E8C-523D-AD45-43CF3C0E1ECC,SYN-MZ-00082,SYNTH_LINE_00082,3,3,86.2,3.78,21.1,94.6,0.30,RESISTANT,88.7,RED,Fails must-pass: yield vs checks 86.2% (below minimum 95%),,,,TRUE
1776443C-40AD-5505-8CE0-36F14142D18C,SYN-MZ-00083,SYNTH_LINE_00083,3,3,96.2,5.34,20.0,94.7,1.30,INTERMEDIATE,100.2,AMBER,Check: yield vs checks 96.2% (below target 103%); disease score 5.3 (above target 4.0),,,,TRUE
8940668C-190D-5BCB-95FD-A9FCAD3A0A50,SYN-MZ-00084,SYNTH_LINE_00084,3,3,103.8,5.59,20.7,96.4,1.41,SUSCEPTIBLE,107.7,AMBER,Check: disease score 5.6 (above target 4.0); disease-susceptible marker,,,,TRUE
1DF480F4-4F01-5A4A-A0FE-B2851472B411,SYN-MZ-00085,SYNTH_LINE_00085,3,3,103.3,3.17,22.2,92.2,0.85,RESISTANT,109.9,GREEN,Beats checks (103%) with all field and lab checks passing,,,,TRUE
7E96F35C-0C2F-54B8-98B1-52354D151D67,SYN-MZ-00086,SYNTH_LINE_00086,3,3,86.1,2.98,22.0,95.4,1.62,RESISTANT,88.6,RED,Fails must-pass: yield vs checks 86.1% (below minimum 95%),,,,TRUE
2866BB0A-D294-5C24-99D2-7179D7D8364C,SYN-MZ-00087,SYNTH_LINE_00087,3,2,106.3,2.82,23.3,93.3,1.26,RESISTANT,117.5,AMBER,Check: harvest moisture 23.3 (above target 23.0),1 trial(s) excluded: irrigation missed,,,TRUE
70C5D805-8AAC-56F1-99F0-208C9D1DBBB6,SYN-MZ-00088,SYNTH_LINE_00088,3,2,110.0,3.67,16.8,97.0,0.71,RESISTANT,114.2,GREEN,Beats checks (110%) with all field and lab checks passing,1 trial(s) excluded: irrigation missed,,,TRUE
33C68A96-F0D2-56B2-8383-F0E7C98CEDFB,SYN-MZ-00089,SYNTH_LINE_00089,3,2,95.2,7.53,18.2,95.7,1.54,SUSCEPTIBLE,95.6,RED,Fails must-pass: disease score 7.5 (above limit 6.0),1 trial(s) excluded: irrigation missed,,,TRUE
30A919A5-B07D-5B43-8FFC-C5BB2E05CDD2,SYN-MZ-00090,SYNTH_LINE_00090,3,2,112.4,6.50,23.2,98.3,0.80,SUSCEPTIBLE,106.4,RED,Fails must-pass: disease score 6.5 (above limit 6.0),1 trial(s) excluded: irrigation missed,,,TRUE
0FC9E8DF-2F7A-5B37-96BC-8768551066DE,SYN-MZ-00091,SYNTH_LINE_00091,3,2,102.4,6.23,22.3,92.7,0.74,SUSCEPTIBLE,99.4,RED,Fails must-pass: disease score 6.2 (above limit 6.0),1 trial(s) excluded: irrigation missed,,,TRUE
940880BA-AB7B-5C5E-BE24-71B87B5D25BE,SYN-MZ-00092,SYNTH_LINE_00092,3,2,88.1,5.52,22.2,90.9,0.86,SUSCEPTIBLE,88.7,RED,Fails must-pass: yield vs checks 88.1% (below minimum 95%),1 trial(s) excluded: irrigation missed,,,TRUE
2C6AA0B0-74B8-5881-AF7F-A0E4DC68084E,SYN-MZ-00093,SYNTH_LINE_00093,3,3,82.5,3.84,20.5,95.7,1.53,INTERMEDIATE,88.0,RED,Fails must-pass: yield vs checks 82.5% (below minimum 95%),,,,TRUE
379AF3A2-F022-5112-8FBC-475F91FA6D97,SYN-MZ-00094,SYNTH_LINE_00094,3,3,97.2,3.24,20.4,92.4,1.45,RESISTANT,107.2,AMBER,Check: yield vs checks 97.2% (below target 103%),,,,TRUE
4265656C-7A38-5B04-870F-0382345E46B7,SYN-MZ-00095,SYNTH_LINE_00095,3,3,102.6,2.54,21.4,92.6,1.15,RESISTANT,101.7,AMBER,Check: yield vs checks 102.6% (below target 103%),,,,TRUE
7B87D561-B90D-5BFD-97D7-06E49347CFC4,SYN-MZ-00096,SYNTH_LINE_00096,3,3,95.8,2.34,19.1,97.9,1.84,RESISTANT,88.6,AMBER,Check: yield vs checks 95.8% (below target 103%),,,,TRUE
80342D18-DE48-5965-9D36-F804CFB33A6A,SYN-MZ-00097,SYNTH_LINE_00097,3,3,95.6,2.76,18.7,91.7,1.30,RESISTANT,93.5,AMBER,Check: yield vs checks 95.6% (below target 103%),,,,TRUE
E4649EAD-58A5-57C7-8B46-6215401FFEE3,SYN-MZ-00098,SYNTH_LINE_00098,3,3,109.9,3.41,19.3,95.0,0.90,RESISTANT,118.8,GREEN,Beats checks (110%) with all field and lab checks passing,,,,TRUE
EB3CC5B4-5306-5D95-8FC0-A6D315636DAC,SYN-MZ-00099,SYNTH_LINE_00099,3,3,102.5,4.90,21.4,91.9,1.59,INTERMEDIATE,113.3,AMBER,Check: yield vs checks 102.5% (below target 103%); disease score 4.9 (above target 4.0),,,,TRUE
304B66ED-814D-55CC-98B7-61DD44128E03,SYN-MZ-00100,SYNTH_LINE_00100,3,3,91.1,3.16,22.4,95.0,6.30,RESISTANT,90.5,RED,Fails must-pass: yield vs checks 91.1% (below minimum 95%); fumonisin 6.3 (above limit 4.0),,,,TRUE
DA447553-1807-5120-B084-80712E4595A5,SYN-MZ-00101,SYNTH_LINE_00101,3,3,90.7,3.50,24.1,91.1,1.55,RESISTANT,101.6,RED,Fails must-pass: yield vs checks 90.7% (below minimum 95%),,,,TRUE
3AD75EC5-AEFA-5A56-9854-25EA1D3F7092,SYN-MZ-00102,SYNTH_LINE_00102,3,3,90.7,3.89,21.6,97.2,1.34,RESISTANT,91.8,RED,Fails must-pass: yield vs checks 90.7% (below minimum 95%),,,,TRUE
893B46A8-3095-5888-954B-596DEA00AEF0,SYN-MZ-00103,SYNTH_LINE_00103,3,3,117.5,3.17,21.6,96.4,1.72,RESISTANT,116.2,GREEN,Beats checks (117%) with all field and lab checks passing,,,,TRUE
CF983439-B3D6-5D22-A07F-DA09F8FB30E3,SYN-MZ-00104,SYNTH_LINE_00104,3,3,94.3,2.56,24.2,94.8,1.81,RESISTANT,100.3,RED,Fails must-pass: yield vs checks 94.3% (below minimum 95%),,,,TRUE
40E15A0B-137C-5F72-A21C-478860954756,SYN-MZ-00105,SYNTH_LINE_00105,3,2,114.5,7.22,19.9,85.5,1.85,SUSCEPTIBLE,119.0,RED,Fails must-pass: disease score 7.2 (above limit 6.0),1 trial(s) excluded: irrigation missed,,,TRUE
D31D0B3A-9906-504E-8B88-BA3A51BD3F4E,SYN-MZ-00106,SYNTH_LINE_00106,3,2,91.6,8.03,19.2,98.1,1.52,SUSCEPTIBLE,86.5,RED,Fails must-pass: yield vs checks 91.6% (below minimum 95%); disease score 8.0 (above limit 6.0),1 trial(s) excluded: irrigation missed,,,TRUE
6CAF66B9-5911-548A-9CD3-402E210E39DF,SYN-MZ-00107,SYNTH_LINE_00107,3,2,93.0,3.22,19.8,90.6,1.71,RESISTANT,98.4,RED,Fails must-pass: yield vs checks 93.0% (below minimum 95%),1 trial(s) excluded: irrigation missed,,,TRUE
7BFD7ED8-D740-54E9-9E9D-89E766C468ED,SYN-MZ-00108,SYNTH_LINE_00108,3,2,93.0,2.58,21.4,94.9,0.69,RESISTANT,93.0,RED,Fails must-pass: yield vs checks 93.0% (below minimum 95%),1 trial(s) excluded: irrigation missed,,,TRUE
4496507C-64F4-593E-B7C9-34EC243D266E,SYN-MZ-00109,SYNTH_LINE_00109,3,2,92.4,2.63,24.6,81.5,1.58,RESISTANT,89.2,RED,Fails must-pass: yield vs checks 92.4% (below minimum 95%),1 trial(s) excluded: irrigation missed,,,TRUE
0A8854E8-E6EA-5138-8958-FCD031174CF5,SYN-MZ-00110,SYNTH_LINE_00110,3,2,106.2,3.50,20.3,91.6,1.79,INTERMEDIATE,110.8,GREEN,Beats checks (106%) with all field and lab checks passing,1 trial(s) excluded: irrigation missed,,,TRUE
E7D39DA7-7E5D-57F9-9DDB-1CF3E505EFB5,SYN-MZ-00111,SYNTH_LINE_00111,3,3,98.1,3.43,23.5,95.9,0.94,INTERMEDIATE,97.7,AMBER,Check: yield vs checks 98.1% (below target 103%); harvest moisture 23.5 (above target 23.0),,,,TRUE
99337C26-0663-56BF-961D-4B45304F60CB,SYN-MZ-00112,SYNTH_LINE_00112,3,3,84.7,2.98,20.5,92.1,0.49,RESISTANT,92.2,RED,Fails must-pass: yield vs checks 84.7% (below minimum 95%),,,,TRUE
0A671382-D5A5-5B91-99A7-A870223273AB,SYN-MZ-00113,SYNTH_LINE_00113,3,3,113.2,6.62,22.1,91.0,5.08,SUSCEPTIBLE,118.5,RED,Fails must-pass: disease score 6.6 (above limit 6.0); fumonisin 5.1 (above limit 4.0),,,,TRUE
EA1A8089-DDED-5385-9EA5-239A2F522931,SYN-MZ-00114,SYNTH_LINE_00114,3,3,84.3,2.52,22.1,97.3,0.99,RESISTANT,85.3,RED,Fails must-pass: yield vs checks 84.3% (below minimum 95%),,,,TRUE
D548B0A8-3654-59DE-87E2-E8729F9D0F8C,SYN-MZ-00115,SYNTH_LINE_00115,3,3,99.9,2.08,22.0,93.0,0.40,RESISTANT,97.8,AMBER,Check: yield vs checks 99.9% (below target 103%),,,,TRUE
9836AEB1-465F-5BDA-85AD-80E64BABEB25,SYN-MZ-00116,SYNTH_LINE_00116,3,3,100.0,5.34,22.5,93.6,1.48,SUSCEPTIBLE,97.8,AMBER,Check: yield vs checks 100.0% (below target 103%); disease score 5.3 (above target 4.0); disease-susceptible marker,,,,TRUE
D24220FC-041B-5AE7-8248-88C18C7CFFA0,SYN-MZ-00117,SYNTH_LINE_00117,3,3,109.6,3.91,20.2,98.1,0.61,INTERMEDIATE,118.8,GREEN,Beats checks (110%) with all field and lab checks passing,,,,TRUE
F288242F-5737-58C8-88E2-064D25869916,SYN-MZ-00118,SYNTH_LINE_00118,3,3,116.7,2.68,24.1,97.1,0.35,RESISTANT,116.8,AMBER,Check: harvest moisture 24.1 (above target 23.0),,,,TRUE
CABD4F18-9788-5897-9751-A7B474D482E3,SYN-MZ-00119,SYNTH_LINE_00119,3,3,112.2,3.26,22.8,82.0,1.00,RESISTANT,111.9,AMBER,Check: germination 82.0% (below minimum 85%),,,,TRUE
6EA50459-A971-5271-BBBC-46B5E2E45F2F,SYN-MZ-00120,SYNTH_LINE_00120,3,3,108.9,5.00,19.8,95.3,0.81,INTERMEDIATE,105.6,AMBER,Check: disease score 5.0 (above target 4.0),,,,TRUE
4E026AB5-7BF0-56A0-9A72-D0B70F1FA056,SYN-MZ-00121,SYNTH_LINE_00121,3,3,90.3,3.09,21.3,95.3,0.30,RESISTANT,89.9,RED,Fails must-pass: yield vs checks 90.3% (below minimum 95%),,,,TRUE
B4D65658-99B8-5007-8181-CB57FABF1A6A,SYN-MZ-00122,SYNTH_LINE_00122,3,3,107.6,3.14,19.2,97.8,0.98,RESISTANT,119.6,GREEN,Beats checks (108%) with all field and lab checks passing,,,,TRUE
EF6A4ED1-3F26-5D92-87D7-851E6A84CE9E,SYN-MZ-00123,SYNTH_LINE_00123,3,3,95.9,6.63,21.2,96.8,0.57,SUSCEPTIBLE,102.2,RED,Fails must-pass: disease score 6.6 (above limit 6.0),,,,TRUE
B0670171-6745-5AD1-B294-0798F9335903,SYN-MZ-00124,SYNTH_LINE_00124,3,3,103.2,4.60,19.0,94.3,0.39,INTERMEDIATE,97.5,AMBER,Check: disease score 4.6 (above target 4.0),,,,TRUE
B1D28754-3CDD-55F8-B8B1-CC2BD54CBC86,SYN-MZ-00125,SYNTH_LINE_00125,3,3,105.0,3.09,22.3,97.9,0.36,RESISTANT,99.8,GREEN,Beats checks (105%) with all field and lab checks passing,,,,TRUE
73D01A3C-D183-58B5-B11D-D2CD40EA1852,SYN-MZ-00126,SYNTH_LINE_00126,3,3,98.1,5.22,26.4,83.7,1.30,INTERMEDIATE,92.2,AMBER,Check: yield vs checks 98.1% (below target 103%); disease score 5.2 (above target 4.0); harvest moisture 26.4 (above limit 25.0); germination 83.7% (below minimum 85%),,,,TRUE
A8461C6C-7A4F-54DE-9B92-9F215036C45E,SYN-MZ-00127,SYNTH_LINE_00127,3,3,92.8,2.24,23.7,93.2,1.55,RESISTANT,97.2,RED,Fails must-pass: yield vs checks 92.8% (below minimum 95%),,,,TRUE
8040C400-F38F-5834-98D2-13FDFCC541BF,SYN-MZ-00128,SYNTH_LINE_00128,3,3,94.4,7.10,22.3,83.7,4.74,SUSCEPTIBLE,92.3,RED,Fails must-pass: yield vs checks 94.4% (below minimum 95%); disease score 7.1 (above limit 6.0); fumonisin 4.7 (above limit 4.0),,,,TRUE
429606DB-8ABE-5CFA-9D27-93EF31C370D5,SYN-MZ-00129,SYNTH_LINE_00129,3,3,91.4,6.91,19.0,92.2,1.40,SUSCEPTIBLE,88.3,RED,Fails must-pass: yield vs checks 91.4% (below minimum 95%); disease score 6.9 (above limit 6.0),,,,TRUE
C9E8677D-E4B2-5B43-9A17-030646404FA5,SYN-MZ-00130,SYNTH_LINE_00130,3,3,101.2,4.22,21.5,94.4,1.32,INTERMEDIATE,101.2,AMBER,Check: yield vs checks 101.2% (below target 103%); disease score 4.2 (above target 4.0),,,,TRUE
A94988AC-50A4-515D-98DA-190B0706A5F6,SYN-MZ-00131,SYNTH_LINE_00131,3,2,104.2,6.20,23.3,95.8,1.14,SUSCEPTIBLE,106.8,RED,Fails must-pass: disease score 6.2 (above limit 6.0),1 trial(s) excluded: irrigation missed,,,TRUE
EA9989C2-8AE1-5B6E-ABAA-9267432935A7,SYN-MZ-00132,SYNTH_LINE_00132,3,2,98.4,5.52,21.1,91.4,1.13,SUSCEPTIBLE,106.9,AMBER,Check: yield vs checks 98.4% (below target 103%); disease score 5.5 (above target 4.0); disease-susceptible marker,1 trial(s) excluded: irrigation missed,,,TRUE
4FF93F22-1CD9-5FC7-BB9E-3A854E35348C,SYN-MZ-00133,SYNTH_LINE_00133,3,2,91.4,7.38,20.9,98.5,1.40,SUSCEPTIBLE,89.7,RED,Fails must-pass: yield vs checks 91.4% (below minimum 95%); disease score 7.4 (above limit 6.0),1 trial(s) excluded: irrigation missed,,,TRUE
2C90876A-3033-52FD-A2B0-D7957122C89B,SYN-MZ-00134,SYNTH_LINE_00134,3,2,94.9,5.13,18.0,90.6,0.56,INTERMEDIATE,105.8,RED,Fails must-pass: yield vs checks 94.9% (below minimum 95%),1 trial(s) excluded: irrigation missed,,,TRUE
4521A948-8DB4-57C9-AD7A-DE07CBC7D66A,SYN-MZ-00135,SYNTH_LINE_00135,3,2,113.1,3.13,19.7,92.3,0.68,RESISTANT,116.9,GREEN,Beats checks (113%) with all field and lab checks passing,1 trial(s) excluded: irrigation missed,,,TRUE
209BD3AD-17D6-5EF4-AB69-737AAC8CEEDB,SYN-MZ-00136,SYNTH_LINE_00136,3,2,105.7,3.30,17.9,80.3,1.05,RESISTANT,103.9,AMBER,Check: germination 80.3% (below minimum 85%),1 trial(s) excluded: irrigation missed,,,TRUE
F3B70947-7AB8-55DB-AB66-D6A0A31ADB28,SYN-MZ-00137,SYNTH_LINE_00137,3,3,96.1,3.34,24.7,98.5,1.41,RESISTANT,91.8,AMBER,Check: yield vs checks 96.1% (below target 103%); harvest moisture 24.7 (above target 23.0),,,,TRUE
21CB14E4-98B8-5908-8539-D73D75F044FB,SYN-MZ-00138,SYNTH_LINE_00138,3,3,98.4,4.23,22.1,86.4,0.60,INTERMEDIATE,90.7,AMBER,Check: yield vs checks 98.4% (below target 103%); disease score 4.2 (above target 4.0); germination 86.4% (below target 90%),,,,TRUE
E1CFB207-FA7D-5CE8-936D-2B35530B6FCB,SYN-MZ-00139,SYNTH_LINE_00139,3,3,106.2,3.21,22.6,92.0,0.54,RESISTANT,111.6,GREEN,Beats checks (106%) with all field and lab checks passing,,,,TRUE
CBC9BD95-73A5-59BF-BCFD-F30992314688,SYN-MZ-00140,SYNTH_LINE_00140,3,3,91.7,2.58,21.0,94.4,1.06,RESISTANT,97.9,RED,Fails must-pass: yield vs checks 91.7% (below minimum 95%),,,,TRUE
A851DD56-866F-5923-B0A6-19BDB0B11A8B,SYN-MZ-00141,SYNTH_LINE_00141,3,3,112.1,2.90,18.2,95.2,0.87,RESISTANT,102.0,GREEN,Beats checks (112%) with all field and lab checks passing,,,,TRUE
DB0593B1-E991-5A37-B5FA-BC3E7A2016F1,SYN-MZ-00142,SYNTH_LINE_00142,3,3,93.5,4.40,21.5,97.8,7.40,INTERMEDIATE,91.5,RED,Fails must-pass: yield vs checks 93.5% (below minimum 95%); fumonisin 7.4 (above limit 4.0),,,,TRUE
32AF3857-19CC-5F20-B54E-D3EF4EB2E05B,SYN-MZ-00143,SYNTH_LINE_00143,3,3,104.5,6.50,20.0,81.6,1.01,SUSCEPTIBLE,113.9,RED,Fails must-pass: disease score 6.5 (above limit 6.0),,,,TRUE
E5CE3662-1D34-5A4A-AAD6-8F5B9A767126,SYN-MZ-00144,SYNTH_LINE_00144,3,3,113.2,2.41,18.7,94.9,1.45,RESISTANT,113.4,GREEN,Beats checks (113%) with all field and lab checks passing,,,,TRUE
B7858025-7776-5C12-B209-88B3225A9E24,SYN-MZ-00145,SYNTH_LINE_00145,2,2,89.9,4.00,21.2,94.7,0.36,INTERMEDIATE,92.1,RED,Fails must-pass: yield vs checks 89.9% (below minimum 95%),,,,TRUE
1CEB7127-A7F9-58EA-AD95-89A5CC12EA06,SYN-MZ-00146,SYNTH_LINE_00146,2,2,117.8,4.13,20.9,93.5,0.69,RESISTANT,114.8,AMBER,Check: disease score 4.1 (above target 4.0),,,,TRUE
B3658393-C684-5F89-B232-1E8645DAC209,SYN-MZ-00147,SYNTH_LINE_00147,1,1,107.0,3.20,20.8,94.9,1.89,RESISTANT,114.9,AMBER,Check: only 1 usable trial,,,,TRUE
52DC85E8-1E39-59B3-A1FB-FEC6604E17E3,SYN-MZ-00148,SYNTH_LINE_00148,1,1,107.0,2.50,18.7,97.9,1.54,RESISTANT,110.7,AMBER,Check: only 1 usable trial,,,,TRUE
14C7FB76-9D5D-5D1D-92B1-253E5935ED46,SYN-MZ-00149,SYNTH_LINE_00149,0,0,,,,96.1,1.59,INTERMEDIATE,92.9,AMBER,No field data yet (genotyped only) - cannot judge performance,,,,TRUE
FC3A6C5C-3F47-5270-8751-1D2A044CD84B,SYN-MZ-00150,SYNTH_LINE_00150,0,0,,,,94.7,0.42,RESISTANT,118.4,AMBER,No field data yet (genotyped only) - cannot judge performance,,,,TRUE
