GENOMIC_SAMPLE_GUID,MATERIAL_GUID,MATERIAL_ID,SAMPLE_ID,PLATFORM_LID,MARKER_DROUGHT_TOLERANCE,MARKER_DISEASE_RESISTANCE,MARKER_YIELD_POTENTIAL,GENOMIC_BREEDING_VALUE,QC_CALL_RATE_PCT,QC_STATUS_LID,REMARK,IS_SYNTHETIC
640CD2AE-3FF3-583D-9CFB-C107E348FB9C,BDA3F23B-B83C-5375-B9B8-3ADB9CD34DC3,SYN-MZ-00001,SYN-GS-00001,SYNTH_SNP_5K,UNFAVOURABLE,RESISTANT,HIGH,116.4,98.7,PASS,SYNTHETIC — integrated V2 (fixed),TRUE
96B899BD-6797-5F99-8BEC-63D3713BE3CA,FCA1034F-23D1-5C80-B17D-CA82DC3325EB,SYN-MZ-00002,SYN-GS-00002,SYNTH_SNP_5K,FAVOURABLE,RESISTANT,LOW,98.6,96.4,PASS,SYNTHETIC — integrated V2 (fixed),TRUE
101858CA-AE0C-59B5-A44A-60AE7629483F,47CB337B-F9A3-58D9-B496-C84842EE87E3,SYN-MZ-00003,SYN-GS-00003,SYNTH_SNP_5K,NEUTRAL,INTERMEDIATE,HIGH,118.1,95.6,PASS,SYNTHETIC — integrated V2 (fixed),TRUE
52E6F822-1344-57D2-BA03-42BFAF8CB7D6,F9BC2FEC-60D6-5DFF-B4CF-789F8E765BFD,SYN-MZ-00004,SYN-GS-00004,SYNTH_SNP_5K,FAVOURABLE,RESISTANT,HIGH,100.3,96.1,PASS,SYNTHETIC — integrated V2 (fixed),TRUE
B34553AC-2997-58BC-8B62-5334EAE3041D,E4CFF24E-3AF0-5FBA-9562-C4393CD711EA,SYN-MZ-00005,SYN-GS-00005,SYNTH_SNP_5K,FAVOURABLE,RESISTANT,LOW,116.0,98.3,PASS,SYNTHETIC — integrated V2 (fixed),TRUE
23DE1BC2-6122-5661-909F-2C12B35B73B6,2B7C0193-8AD2-5132-90D6-EC0125159542,SYN-MZ-00006,SYN-GS-00006,SYNTH_SNP_5K,FAVOURABLE,SUSCEPTIBLE,HIGH,109.9,98.0,PASS,SYNTHETIC — integrated V2 (fixed),TRUE
B418DE3F-CDD9-5FB0-8DAE-36BF2CECD835,B6AEF3F7-49DF-5938-A721-1C9ED30FE32D,SYN-MZ-00007,SYN-GS-00007,SYNTH_SNP_5K,UNFAVOURABLE,SUSCEPTIBLE,MEDIUM,109.8,97.9,PASS,SYNTHETIC — integrated V2 (fixed),TRUE
839FB5D5-8C4D-5B95-8D56-4C8F2BC1432C,AA4D3613-B947-5291-9D6D-08AC58B282CE,SYN-MZ-00008,SYN-GS-00008,SYNTH_SNP_5K,FAVOURABLE,SUSCEPTIBLE,HIGH,99.0,96.5,PASS,SYNTHETIC — integrated V2 (fixed),TRUE
B296EA35-9A33-5FD1-917A-FBDCB39A8E77,49F400C7-67D9-53F7-8C2F-7709D22BA540,SYN-MZ-00009,SYN-GS-00009,SYNTH_SNP_5K,NEUTRAL,RESISTANT,HIGH,97.1,98.8,PASS,SYNTHETIC — integrated V2 (fixed),TRUE
8687CF23-BBDB-5808-8116-59F0A2C5C8C6,55B846CE-0304-5467-83C6-6E6D33550CDF,SYN-MZ-00010,SYN-GS-00010,SYNTH_SNP_5K,NEUTRAL,RESISTANT,LOW,119.3,95.7,PASS,SYNTHETIC — integrated V2 (fixed),TRUE
5C8879C5-3DDB-5909-9E53-A22D7C53EDC1,8689D2D4-7776-5FC8-813D-D63017F0337E,SYN-MZ-00011,SYN-GS-00011,SYNTH_SNP_5K,NEUTRAL,RESISTANT,HIGH,102.3,96.1,PASS,SYNTHETIC — integrated V2 (fixed),TRUE
DABE6590-5A1C-58A6-952F-71532CF7B4BC,080F0B64-D97A-588D-B40C-A051B359AE52,SYN-MZ-00012,SYN-GS-00012,SYNTH_SNP_5K,UNFAVOURABLE,SUSCEPTIBLE,HIGH,107.0,98.5,PASS,SYNTHETIC — integrated V2 (fixed),TRUE
13300537-0278-5652-976D-134DC1682249,0ABDF50B-E599-5A0E-AAD7-B3801C204FEF,SYN-MZ-00013,SYN-GS-00013,SYNTH_SNP_5K,UNFAVOURABLE,RESISTANT,MEDIUM,110.1,98.3,PASS,SYNTHETIC — integrated V2 (fixed),TRUE
2668C972-0B8A-5983-A4DF-527601F17CEB,99EE49D0-F7F6-53CE-8FC9-ACF251077CD3,SYN-MZ-00014,SYN-GS-00014,SYNTH_SNP_5K,UNFAVOURABLE,RESISTANT,MEDIUM,89.6,99.8,PASS,SYNTHETIC — integrated V2 (fixed),TRUE
75E5B737-B78E-52E2-A0FB-B0BD9F874FC8,B9868147-0FE8-5766-9C66-DD78C3C1EBB4,SYN-MZ-00015,SYN-GS-00015,SYNTH_SNP_5K,NEUTRAL,INTERMEDIATE,HIGH,113.6,95.2,PASS,SYNTHETIC — integrated V2 (fixed),TRUE
DA2C95C7-DB68-5B8D-8595-EE54F52337B5,EE1AC5CF-17E4-5D7C-BA29-EA983FBBF170,SYN-MZ-00016,SYN-GS-00016,SYNTH_SNP_5K,FAVOURABLE,RESISTANT,LOW,93.0,99.0,PASS,SYNTHETIC — integrated V2 (fixed),TRUE
6EEC0DC2-439C-5284-ABDE-703C33A34914,5A705A98-7EAC-500C-AD19-08E66229D28F,SYN-MZ-00017,SYN-GS-00017,SYNTH_SNP_5K,FAVOURABLE,SUSCEPTIBLE,HIGH,92.9,97.1,PASS,SYNTHETIC — integrated V2 (fixed),TRUE
8AD2D2D2-BAF9-51F8-89C4-5E10BCFC1541,62C92069-66BF-5B0B-ADBA-8D0357CE459C,SYN-MZ-00018,SYN-GS-00018,SYNTH_SNP_5K,FAVOURABLE,SUSCEPTIBLE,MEDIUM,98.9,99.6,PASS,SYNTHETIC — integrated V2 (fixed),TRUE
212F547A-8C29-5561-A2A4-657D3CC0D469,A8B6980C-FFB9-5F9B-92BA-AF12781ABDDE,SYN-MZ-00019,SYN-GS-00019,SYNTH_SNP_5K,NEUTRAL,INTERMEDIATE,LOW,90.3,97.3,PASS,SYNTHETIC — integrated V2 (fixed),TRUE
CAFDBC7C-3CB7-540A-A5F0-871B019FCA24,4A5DFB3F-03B5-5B3F-9852-099CA5A15225,SYN-MZ-00020,SYN-GS-00020,SYNTH_SNP_5K,FAVOURABLE,SUSCEPTIBLE,MEDIUM,89.3,99.8,PASS,SYNTHETIC — integrated V2 (fixed),TRUE
4E74A30B-AB25-557E-8CD0-CFFD3D9BFA2E,1A9526DC-BD8E-563C-9E4A-9481E88601A5,SYN-MZ-00021,SYN-GS-00021,SYNTH_SNP_5K,FAVOURABLE,SUSCEPTIBLE,MEDIUM,90.4,97.5,PASS,SYNTHETIC — integrated V2 (fixed),TRUE
266CEFA4-BBCB-5884-8C96-3E05F58A3E0E,6E503269-36A0-59E5-B29F-D2C65C57CAD6,SYN-MZ-00022,SYN-GS-00022,SYNTH_SNP_5K,UNFAVOURABLE,SUSCEPTIBLE,HIGH,96.9,98.0,PASS,SYNTHETIC — integrated V2 (fixed),TRUE
F8E43119-7166-5C90-B155-552750D693F1,D41ABD3A-44E1-5B49-8488-2C6805F30B64,SYN-MZ-00023,SYN-GS-00023,SYNTH_SNP_5K,NEUTRAL,INTERMEDIATE,MEDIUM,97.8,99.5,PASS,SYNTHETIC — integrated V2 (fixed),TRUE
7502FEB3-A7EF-55B6-9383-5FFC7A99A8EC,E568186B-E969-5A74-8996-D72CACB495FD,SYN-MZ-00024,SYN-GS-00024,SYNTH_SNP_5K,FAVOURABLE,RESISTANT,LOW,111.0,97.8,PASS,SYNTHETIC — integrated V2 (fixed),TRUE
5223AE01-A462-5968-8361-2C209A603229,48766B60-7B8E-5227-9A4F-9E77EE26141C,SYN-MZ-00025,SYN-GS-00025,SYNTH_SNP_5K,UNFAVOURABLE,RESISTANT,MEDIUM,112.7,98.2,PASS,SYNTHETIC — integrated V2 (fixed),TRUE
F356C456-EB33-53F6-951C-BAEB72954F76,01BB90D3-8967-5A5C-BB61-08A07D8CD947,SYN-MZ-00026,SYN-GS-00026,SYNTH_SNP_5K,FAVOURABLE,SUSCEPTIBLE,LOW,102.5,99.1,PASS,SYNTHETIC — integrated V2 (fixed),TRUE
374CA8A1-CE83-5E6C-AB90-7A945273FE55,F6CDB34F-475C-5C74-9BD0-6D017DAE3754,SYN-MZ-00027,SYN-GS-00027,SYNTH_SNP_5K,FAVOURABLE,RESISTANT,MEDIUM,109.1,97.6,PASS,SYNTHETIC — integrated V2 (fixed),TRUE
CA3D6519-8DAF-545A-A647-AE5DA83A456E,BCB3BCE4-83EF-5273-AD5F-98501BE8DF60,SYN-MZ-00028,SYN-GS-00028,SYNTH_SNP_5K,FAVOURABLE,RESISTANT,HIGH,110.3,98.3,PASS,SYNTHETIC — integrated V2 (fixed),TRUE
81BADA0E-F7B2-5CD6-B863-AEFABFE4CF1F,151CE54D-EAED-5C4E-AB65-6E225058176E,SYN-MZ-00029,SYN-GS-00029,SYNTH_SNP_5K,FAVOURABLE,RESISTANT,LOW,111.0,96.3,PASS,SYNTHETIC — integrated V2 (fixed),TRUE
AED82612-41EE-55E9-B4E7-AEBEFDF95471,3DFD73B3-FBE4-5BE2-878B-AEB993A47967,SYN-MZ-00030,SYN-GS-00030,SYNTH_SNP_5K,FAVOURABLE,RESISTANT,HIGH,118.7,98.8,PASS,SYNTHETIC — integrated V2 (fixed),TRUE
07483670-8712-5EB0-908C-5A864DDD8D24,D452B305-237F-578C-8664-5FBE4C1C73B1,SYN-MZ-00031,SYN-GS-00031,SYNTH_SNP_5K,UNFAVOURABLE,INTERMEDIATE,LOW,106.1,98.0,PASS,SYNTHETIC — integrated V2 (fixed),TRUE
F5A91346-4EDD-57B7-8652-96BE2EE6892C,02C72F35-6DF2-535C-B881-73EEA4BDEF64,SYN-MZ-00032,SYN-GS-00032,SYNTH_SNP_5K,NEUTRAL,RESISTANT,MEDIUM,114.0,98.0,PASS,SYNTHETIC — integrated V2 (fixed),TRUE
DE9A7423-D13F-599A-B9B3-5670F6797BEE,CDAC1DFC-07F5-5AAA-ACF7-174A83106211,SYN-MZ-00033,SYN-GS-00033,SYNTH_SNP_5K,FAVOURABLE,RESISTANT,HIGH,116.6,99.5,PASS,SYNTHETIC — integrated V2 (fixed),TRUE
8397C318-D875-58C1-950E-44F11B378094,6BC3F466-8A3A-514B-95C5-ED43F221577D,SYN-MZ-00034,SYN-GS-00034,SYNTH_SNP_5K,FAVOURABLE,SUSCEPTIBLE,LOW,118.8,96.0,PASS,SYNTHETIC — integrated V2 (fixed),TRUE
D3B64721-47A3-5553-A651-FA7EBF613C33,CA7C91FE-A31E-543B-BE95-6F3A9B18244F,SYN-MZ-00035,SYN-GS-00035,SYNTH_SNP_5K,FAVOURABLE,RESISTANT,LOW,100.8,98.1,PASS,SYNTHETIC — integrated V2 (fixed),TRUE
1A7DA86C-3B93-5CC7-8C24-6DA32B0F5CB7,667DEBCE-B100-5059-AB1C-8388525FC762,SYN-MZ-00036,SYN-GS-00036,SYNTH_SNP_5K,NEUTRAL,RESISTANT,HIGH,90.4,95.7,PASS,SYNTHETIC — integrated V2 (fixed),TRUE
D9C83A60-ED45-5927-921E-D802800082E9,F883E21C-4C88-5C86-BDED-808DCF101BE6,SYN-MZ-00037,SYN-GS-00037,SYNTH_SNP_5K,FAVOURABLE,SUSCEPTIBLE,MEDIUM,104.5,97.1,PASS,SYNTHETIC — integrated V2 (fixed),TRUE
A2844702-BE67-5FA2-9083-448D937A2072,1D8B5ABD-A06B-5E37-8158-A9DB10FE3BE6,SYN-MZ-00038,SYN-GS-00038,SYNTH_SNP_5K,UNFAVOURABLE,SUSCEPTIBLE,MEDIUM,118.1,99.3,PASS,SYNTHETIC — integrated V2 (fixed),TRUE
73EA1D1E-AA07-56CB-B685-DFD1358E6E54,A60C347B-ED09-5433-86AE-8FA97C612F60,SYN-MZ-00039,SYN-GS-00039,SYNTH_SNP_5K,FAVOURABLE,RESISTANT,HIGH,87.7,99.3,PASS,SYNTHETIC — integrated V2 (fixed),TRUE
3D1A588F-B8E1-5ADC-A677-DCB01C0F5E19,8557A22F-14B2-5381-8DF2-0E4F62B7D0FD,SYN-MZ-00040,SYN-GS-00040,SYNTH_SNP_5K,UNFAVOURABLE,INTERMEDIATE,HIGH,106.9,99.1,PASS,SYNTHETIC — integrated V2 (fixed),TRUE
C9A1D40E-1C58-5457-808E-D2D525D9C095,420901AD-1690-56B1-A54B-E45F7104461D,SYN-MZ-00041,SYN-GS-00041,SYNTH_SNP_5K,NEUTRAL,SUSCEPTIBLE,LOW,85.2,97.8,PASS,SYNTHETIC — integrated V2 (fixed),TRUE
FBF24B69-19E0-5B0E-951A-730E452E56FF,0AF976E8-609F-54B4-93A9-F5FFB2C89CC2,SYN-MZ-00042,SYN-GS-00042,SYNTH_SNP_5K,UNFAVOURABLE,SUSCEPTIBLE,MEDIUM,97.7,99.8,PASS,SYNTHETIC — integrated V2 (fixed),TRUE
1BD88BBE-803F-5CF6-9FB1-0892B4E1951B,80674DED-4AF0-56B4-A82F-676B047FD1F9,SYN-MZ-00043,SYN-GS-00043,SYNTH_SNP_5K,UNFAVOURABLE,RESISTANT,HIGH,97.7,97.2,PASS,SYNTHETIC — integrated V2 (fixed),TRUE
B7313775-7F86-5795-A6B8-6F00CD1157CA,7663F6FC-3144-5397-8DC5-49CF05A78783,SYN-MZ-00044,SYN-GS-00044,SYNTH_SNP_5K,UNFAVOURABLE,RESISTANT,HIGH,93.9,95.3,PASS,SYNTHETIC — integrated V2 (fixed),TRUE
F6C633A9-77E2-546C-B272-E413A646E4F7,55B1F533-E637-592C-BE49-07B3119C93B6,SYN-MZ-00045,SYN-GS-00045,SYNTH_SNP_5K,UNFAVOURABLE,INTERMEDIATE,LOW,99.9,99.6,PASS,SYNTHETIC — integrated V2 (fixed),TRUE
C8299602-FD97-5BDF-95BA-AFCAB4F53375,A8A251E0-1271-51D8-829F-8F673FA25406,SYN-MZ-00046,SYN-GS-00046,SYNTH_SNP_5K,UNFAVOURABLE,RESISTANT,LOW,105.1,97.9,PASS,SYNTHETIC — integrated V2 (fixed),TRUE
FF893FF1-FB00-5058-9321-A0652879AE28,4FEFE8DE-C128-57D8-B2A9-D05EA011ABBB,SYN-MZ-00047,SYN-GS-00047,SYNTH_SNP_5K,FAVOURABLE,RESISTANT,LOW,112.2,99.5,PASS,SYNTHETIC — integrated V2 (fixed),TRUE
4C8587F8-44FE-5099-A2CD-B7A8C7BB4213,E79AFB8F-D81A-5126-9812-31F64FF56B0A,SYN-MZ-00048,SYN-GS-00048,SYNTH_SNP_5K,FAVOURABLE,INTERMEDIATE,HIGH,112.1,96.5,PASS,SYNTHETIC — integrated V2 (fixed),TRUE
3C8E63FF-404E-5F2D-9B1E-4E7EA9981BEF,06BC0CE1-AE47-507E-B88E-0EB0637E5F30,SYN-MZ-00049,SYN-GS-00049,SYNTH_SNP_5K,UNFAVOURABLE,RESISTANT,MEDIUM,112.5,95.1,PASS,SYNTHETIC — integrated V2 (fixed),TRUE
71F85929-94D4-52D2-80C8-FAAFD5EDD654,B69CE732-6878-52F2-B41E-F0F303A6AA18,SYN-MZ-00050,SYN-GS-00050,SYNTH_SNP_5K,FAVOURABLE,RESISTANT,LOW,93.1,98.3,PASS,SYNTHETIC — integrated V2 (fixed),TRUE
06978526-7DC6-54C3-B6CF-A6F92C95B34E,8E68A5E4-3124-5DE1-83AC-BC1848ADCF30,SYN-MZ-00051,SYN-GS-00051,SYNTH_SNP_5K,FAVOURABLE,INTERMEDIATE,HIGH,110.7,96.6,PASS,SYNTHETIC — integrated V2 (fixed),TRUE
C491377D-F3EE-5520-A69E-4CBE3A32E0C6,83143D05-79E7-5E13-A6B3-388172D0E91B,SYN-MZ-00052,SYN-GS-00052,SYNTH_SNP_5K,NEUTRAL,RESISTANT,LOW,107.4,98.5,PASS,SYNTHETIC — integrated V2 (fixed),TRUE
92AF4570-8B00-59FC-8F5E-437787C88484,759A5D7C-67A7-5818-9E6B-4AE49EFD060E,SYN-MZ-00053,SYN-GS-00053,SYNTH_SNP_5K,UNFAVOURABLE,INTERMEDIATE,MEDIUM,98.3,98.8,PASS,SYNTHETIC — integrated V2 (fixed),TRUE
B815486D-28BA-5891-9793-CB5C6ACBEFFA,4C8C42C1-3F2D-5A4E-9498-4339912973B6,SYN-MZ-00054,SYN-GS-00054,SYNTH_SNP_5K,NEUTRAL,RESISTANT,HIGH,104.4,95.3,PASS,SYNTHETIC — integrated V2 (fixed),TRUE
0C2B333E-B59B-52E4-8551-DCFE98D69336,AA1B3880-0BFC-59AA-9F23-5D92CD2AB166,SYN-MZ-00055,SYN-GS-00055,SYNTH_SNP_5K,FAVOURABLE,INTERMEDIATE,MEDIUM,117.4,98.3,PASS,SYNTHETIC — integrated V2 (fixed),TRUE
1780ABC2-BB54-53C5-ABB7-213D09F5FF5F,335D7797-1267-5040-9BF3-15F2B103E058,SYN-MZ-00056,SYN-GS-00056,SYNTH_SNP_5K,UNFAVOURABLE,SUSCEPTIBLE,MEDIUM,111.3,95.1,PASS,SYNTHETIC — integrated V2 (fixed),TRUE
A6D0082D-0567-5A43-8032-60F3F0C8942C,DD61D49A-852D-59C9-A7F8-0A85B6E85478,SYN-MZ-00057,SYN-GS-00057,SYNTH_SNP_5K,FAVOURABLE,RESISTANT,LOW,102.1,96.1,PASS,SYNTHETIC — integrated V2 (fixed),TRUE
8E545470-538A-5C5A-AAA0-31F2068F4C66,CB3BA2FD-86CC-5ED9-964B-70C0E700498A,SYN-MZ-00058,SYN-GS-00058,SYNTH_SNP_5K,NEUTRAL,SUSCEPTIBLE,MEDIUM,115.4,96.3,PASS,SYNTHETIC — integrated V2 (fixed),TRUE
A0FF74AD-1390-5139-9EDE-86D7A7F57BD1,5D11E6ED-86BC-5114-830E-943F22D3FAC8,SYN-MZ-00059,SYN-GS-00059,SYNTH_SNP_5K,NEUTRAL,RESISTANT,LOW,109.3,97.2,PASS,SYNTHETIC — integrated V2 (fixed),TRUE
8DDB9E29-08BF-5290-BD6A-9AA1A548D0BE,DD68F5D5-574A-5056-8841-6CB4192055E7,SYN-MZ-00060,SYN-GS-00060,SYNTH_SNP_5K,FAVOURABLE,SUSCEPTIBLE,LOW,98.2,96.2,PASS,SYNTHETIC — integrated V2 (fixed),TRUE
5EF82783-0312-59B2-9BC1-2770335CD668,16FFFD30-47D9-5AA6-A381-643CA1A3FEF3,SYN-MZ-00061,SYN-GS-00061,SYNTH_SNP_5K,FAVOURABLE,RESISTANT,MEDIUM,94.0,96.6,PASS,SYNTHETIC — integrated V2 (fixed),TRUE
3F915F08-8DC0-5E9D-8D37-C011530059ED,15913DBE-7013-549B-946D-3D6DA7AE3777,SYN-MZ-00062,SYN-GS-00062,SYNTH_SNP_5K,FAVOURABLE,RESISTANT,HIGH,114.7,98.2,PASS,SYNTHETIC — integrated V2 (fixed),TRUE
9BC603FB-0F99-5266-AEE0-3AE2E8814E55,5EC7789B-6A39-584A-B525-208F59B83E86,SYN-MZ-00063,SYN-GS-00063,SYNTH_SNP_5K,FAVOURABLE,RESISTANT,LOW,92.1,97.3,PASS,SYNTHETIC — integrated V2 (fixed),TRUE
0FF4FF02-5B3A-5897-AE03-F9B3BAF58EC8,ECEDBC9C-312B-51DC-942B-9D9E32887D58,SYN-MZ-00064,SYN-GS-00064,SYNTH_SNP_5K,NEUTRAL,SUSCEPTIBLE,LOW,115.5,98.5,PASS,SYNTHETIC — integrated V2 (fixed),TRUE
997FE2EA-5946-54D3-944A-DA0CF8B88225,AF23A561-1794-5CA1-B10C-3628EECCF466,SYN-MZ-00065,SYN-GS-00065,SYNTH_SNP_5K,UNFAVOURABLE,SUSCEPTIBLE,MEDIUM,107.8,99.4,PASS,SYNTHETIC — integrated V2 (fixed),TRUE
5C3E911B-272D-5BF7-B940-1C418649D1F1,07784854-7BC7-5ECA-BDD4-CACF4FB75117,SYN-MZ-00066,SYN-GS-00066,SYNTH_SNP_5K,UNFAVOURABLE,INTERMEDIATE,HIGH,113.8,99.4,PASS,SYNTHETIC — integrated V2 (fixed),TRUE
7B340A97-DDF0-587C-ABBC-13707F551F1B,13F23BCD-52EF-574F-ACC6-7AB94AFF9049,SYN-MZ-00067,SYN-GS-00067,SYNTH_SNP_5K,UNFAVOURABLE,RESISTANT,MEDIUM,114.2,99.1,PASS,SYNTHETIC — integrated V2 (fixed),TRUE
2139D4C3-C7BB-564F-8748-41FD48ED2958,97E544B0-E0F2-5A44-8A8C-DF6E49262D21,SYN-MZ-00068,SYN-GS-00068,SYNTH_SNP_5K,UNFAVOURABLE,INTERMEDIATE,MEDIUM,90.7,98.3,PASS,SYNTHETIC — integrated V2 (fixed),TRUE
36273E2C-5630-58D7-921F-04853F7389A2,30AE404E-D939-5FBD-8E73-82C169F926FA,SYN-MZ-00069,SYN-GS-00069,SYNTH_SNP_5K,FAVOURABLE,SUSCEPTIBLE,MEDIUM,112.2,95.3,PASS,SYNTHETIC — integrated V2 (fixed),TRUE
A6D2B653-05A0-5DB7-A74E-B6CC88252C4A,1BC27665-96A3-5886-8EDB-570805D8AC2B,SYN-MZ-00070,SYN-GS-00070,SYNTH_SNP_5K,FAVOURABLE,SUSCEPTIBLE,HIGH,95.9,99.9,PASS,SYNTHETIC — integrated V2 (fixed),TRUE
0C773DFC-F317-52B6-8E96-8A94DCEA8BAD,03DE83EF-F14A-5D54-A2FD-1A335C2D63BE,SYN-MZ-00071,SYN-GS-00071,SYNTH_SNP_5K,UNFAVOURABLE,SUSCEPTIBLE,HIGH,102.6,96.7,PASS,SYNTHETIC — integrated V2 (fixed),TRUE
4796F47D-83CA-5FA2-A203-7CB2044F03A9,F2879B3F-447F-597F-B8D9-0CBF58C47571,SYN-MZ-00072,SYN-GS-00072,SYNTH_SNP_5K,UNFAVOURABLE,RESISTANT,MEDIUM,94.1,98.8,PASS,SYNTHETIC — integrated V2 (fixed),TRUE
E5A55552-30E2-50DC-B566-2470C81E8E0D,82E89912-889D-5A64-81E0-285A66F4F551,SYN-MZ-00073,SYN-GS-00073,SYNTH_SNP_5K,UNFAVOURABLE,RESISTANT,HIGH,118.2,98.7,PASS,SYNTHETIC — integrated V2 (fixed),TRUE
FF2CB3BD-0605-5828-B934-5DA79D19E16F,B518C2FF-B887-551B-A7F9-1C0EE751CFCF,SYN-MZ-00074,SYN-GS-00074,SYNTH_SNP_5K,NEUTRAL,RESISTANT,MEDIUM,118.9,99.8,PASS,SYNTHETIC — integrated V2 (fixed),TRUE
D4B1FDB0-EB17-5DA4-84EF-01E67134DB7E,3B5928D4-F434-5749-A27B-AB4C1BAB75E5,SYN-MZ-00075,SYN-GS-00075,SYNTH_SNP_5K,FAVOURABLE,INTERMEDIATE,MEDIUM,85.8,96.8,PASS,SYNTHETIC — integrated V2 (fixed),TRUE
636EB4E8-D060-5D8D-8256-E0C606C3F70C,937A167C-CBC9-54DF-9EB1-DFD136CAD1D1,SYN-MZ-00076,SYN-GS-00076,SYNTH_SNP_5K,UNFAVOURABLE,RESISTANT,HIGH,109.4,95.3,PASS,SYNTHETIC — integrated V2 (fixed),TRUE
B0550A8E-8395-57B6-85D6-48DD98F5D58B,762C94BB-F99F-58F7-AA2E-115A876D1499,SYN-MZ-00077,SYN-GS-00077,SYNTH_SNP_5K,NEUTRAL,INTERMEDIATE,HIGH,115.8,98.9,PASS,SYNTHETIC — integrated V2 (fixed),TRUE
4B597E6F-D95A-5383-AF84-403FBE1C4C81,E222D60A-6B36-51B3-8397-D5CF6C5572CF,SYN-MZ-00078,SYN-GS-00078,SYNTH_SNP_5K,FAVOURABLE,RESISTANT,MEDIUM,109.9,99.2,PASS,SYNTHETIC — integrated V2 (fixed),TRUE
40F1E16B-4F94-59BC-948A-91AD84270DF0,647685C4-BD16-5B05-BF48-224E90967B1C,SYN-MZ-00079,SYN-GS-00079,SYNTH_SNP_5K,NEUTRAL,SUSCEPTIBLE,HIGH,88.2,97.0,PASS,SYNTHETIC — integrated V2 (fixed),TRUE
61116AA4-49D7-556E-8CBE-AAA453BB954D,AC374E79-DCC5-5449-BA1A-E2E8A323C8B3,SYN-MZ-00080,SYN-GS-00080,SYNTH_SNP_5K,UNFAVOURABLE,RESISTANT,MEDIUM,95.9,99.2,PASS,SYNTHETIC — integrated V2 (fixed),TRUE
13BDD92D-7019-53F0-9ABA-3587B3BB3E97,B13508E2-8CB0-595E-803A-083438893C79,SYN-MZ-00081,SYN-GS-00081,SYNTH_SNP_5K,NEUTRAL,SUSCEPTIBLE,MEDIUM,102.3,98.9,PASS,SYNTHETIC — integrated V2 (fixed),TRUE
DA898A92-E1B6-5C4A-8614-3B219C935056,53D0944B-7E8C-523D-AD45-43CF3C0E1ECC,SYN-MZ-00082,SYN-GS-00082,SYNTH_SNP_5K,FAVOURABLE,RESISTANT,LOW,88.7,99.1,PASS,SYNTHETIC — integrated V2 (fixed),TRUE
131FB3B9-ED02-5863-95A3-7FD9DB3BB6A1,1776443C-40AD-5505-8CE0-36F14142D18C,SYN-MZ-00083,SYN-GS-00083,SYNTH_SNP_5K,NEUTRAL,INTERMEDIATE,LOW,100.2,98.8,PASS,SYNTHETIC — integrated V2 (fixed),TRUE
2C0F8D6B-B8D2-5408-9FFB-8E9244FF4E82,8940668C-190D-5BCB-95FD-A9FCAD3A0A50,SYN-MZ-00084,SYN-GS-00084,SYNTH_SNP_5K,UNFAVOURABLE,SUSCEPTIBLE,LOW,107.7,95.4,PASS,SYNTHETIC — integrated V2 (fixed),TRUE
68587E87-DBB3-533C-9280-36DEFAAC0FC3,1DF480F4-4F01-5A4A-A0FE-B2851472B411,SYN-MZ-00085,SYN-GS-00085,SYNTH_SNP_5K,FAVOURABLE,RESISTANT,LOW,109.9,97.5,PASS,SYNTHETIC — integrated V2 (fixed),TRUE
65BBBAE3-7472-58BB-99C0-80CAA9802D86,7E96F35C-0C2F-54B8-98B1-52354D151D67,SYN-MZ-00086,SYN-GS-00086,SYNTH_SNP_5K,NEUTRAL,RESISTANT,MEDIUM,88.6,97.2,PASS,SYNTHETIC — integrated V2 (fixed),TRUE
9CEE7565-9D2C-5C58-986D-16045CCB5604,2866BB0A-D294-5C24-99D2-7179D7D8364C,SYN-MZ-00087,SYN-GS-00087,SYNTH_SNP_5K,FAVOURABLE,RESISTANT,LOW,117.5,98.1,PASS,SYNTHETIC — integrated V2 (fixed),TRUE
120ED772-05DC-56BE-93FE-1AB1CE8C8EC6,70C5D805-8AAC-56F1-99F0-208C9D1DBBB6,SYN-MZ-00088,SYN-GS-00088,SYNTH_SNP_5K,FAVOURABLE,RESISTANT,MEDIUM,114.2,95.8,PASS,SYNTHETIC — integrated V2 (fixed),TRUE
6F39F07F-7786-539D-87CD-6DD0A3A0F234,33C68A96-F0D2-56B2-8383-F0E7C98CEDFB,SYN-MZ-00089,SYN-GS-00089,SYNTH_SNP_5K,UNFAVOURABLE,SUSCEPTIBLE,MEDIUM,95.6,97.2,PASS,SYNTHETIC — integrated V2 (fixed),TRUE
65717E0C-4C6B-51C9-9312-67FD7A9FB8CC,30A919A5-B07D-5B43-8FFC-C5BB2E05CDD2,SYN-MZ-00090,SYN-GS-00090,SYNTH_SNP_5K,FAVOURABLE,SUSCEPTIBLE,HIGH,106.4,99.8,PASS,SYNTHETIC — integrated V2 (fixed),TRUE
F68B19E5-EFAC-5564-A789-1F728D5D8534,0FC9E8DF-2F7A-5B37-96BC-8768551066DE,SYN-MZ-00091,SYN-GS-00091,SYNTH_SNP_5K,FAVOURABLE,SUSCEPTIBLE,MEDIUM,99.4,95.6,PASS,SYNTHETIC — integrated V2 (fixed),TRUE
E029B74B-8153-5535-83FA-24A0A8AB1D39,940880BA-AB7B-5C5E-BE24-71B87B5D25BE,SYN-MZ-00092,SYN-GS-00092,SYNTH_SNP_5K,NEUTRAL,SUSCEPTIBLE,MEDIUM,88.7,95.8,PASS,SYNTHETIC — integrated V2 (fixed),TRUE
99D64BEB-87B3-5A30-A09B-A3FFC714CD23,2C6AA0B0-74B8-5881-AF7F-A0E4DC68084E,SYN-MZ-00093,SYN-GS-00093,SYNTH_SNP_5K,NEUTRAL,INTERMEDIATE,LOW,88.0,97.2,PASS,SYNTHETIC — integrated V2 (fixed),TRUE
CEA9E645-1627-5FBF-91D9-6BBB103F9225,379AF3A2-F022-5112-8FBC-475F91FA6D97,SYN-MZ-00094,SYN-GS-00094,SYNTH_SNP_5K,UNFAVOURABLE,RESISTANT,LOW,107.2,96.9,PASS,SYNTHETIC — integrated V2 (fixed),TRUE
D7E3F407-06AF-5262-A123-9F0DB060C6E3,4265656C-7A38-5B04-870F-0382345E46B7,SYN-MZ-00095,SYN-GS-00095,SYNTH_SNP_5K,UNFAVOURABLE,RESISTANT,MEDIUM,101.7,97.6,PASS,SYNTHETIC — integrated V2 (fixed),TRUE
77B66834-FF97-5BE9-ABFF-5A0E664E06EE,7B87D561-B90D-5BFD-97D7-06E49347CFC4,SYN-MZ-00096,SYN-GS-00096,SYNTH_SNP_5K,NEUTRAL,RESISTANT,LOW,88.6,97.0,PASS,SYNTHETIC — integrated V2 (fixed),TRUE
BE75B5FE-AFE4-5F97-AB2A-980D9BE48D52,80342D18-DE48-5965-9D36-F804CFB33A6A,SYN-MZ-00097,SYN-GS-00097,SYNTH_SNP_5K,UNFAVOURABLE,RESISTANT,HIGH,93.5,96.8,PASS,SYNTHETIC — integrated V2 (fixed),TRUE
B10B625D-26B4-5163-9EAA-23DA77BF1744,E4649EAD-58A5-57C7-8B46-6215401FFEE3,SYN-MZ-00098,SYN-GS-00098,SYNTH_SNP_5K,FAVOURABLE,RESISTANT,LOW,118.8,98.8,PASS,SYNTHETIC — integrated V2 (fixed),TRUE
0C7B1EB7-0E0A-5337-AD02-0ACE0AD3915B,EB3CC5B4-5306-5D95-8FC0-A6D315636DAC,SYN-MZ-00099,SYN-GS-00099,SYNTH_SNP_5K,FAVOURABLE,INTERMEDIATE,LOW,113.3,95.4,PASS,SYNTHETIC — integrated V2 (fixed),TRUE
7DF332E7-B04E-5097-B702-441F6CEF672C,304B66ED-814D-55CC-98B7-61DD44128E03,SYN-MZ-00100,SYN-GS-00100,SYNTH_SNP_5K,UNFAVOURABLE,RESISTANT,MEDIUM,90.5,97.5,PASS,SYNTHETIC — integrated V2 (fixed),TRUE
19ED9B7A-DE1C-5A99-9EE0-6C42903B4E25,DA447553-1807-5120-B084-80712E4595A5,SYN-MZ-00101,SYN-GS-00101,SYNTH_SNP_5K,NEUTRAL,RESISTANT,LOW,101.6,99.4,PASS,SYNTHETIC — integrated V2 (fixed),TRUE
95C94476-0DFE-5BC2-9003-F6267FA418B6,3AD75EC5-AEFA-5A56-9854-25EA1D3F7092,SYN-MZ-00102,SYN-GS-00102,SYNTH_SNP_5K,NEUTRAL,RESISTANT,LOW,91.8,97.9,PASS,SYNTHETIC — integrated V2 (fixed),TRUE
E3223544-2188-5077-B5DE-438E44807FC6,893B46A8-3095-5888-954B-596DEA00AEF0,SYN-MZ-00103,SYN-GS-00103,SYNTH_SNP_5K,FAVOURABLE,RESISTANT,MEDIUM,116.2,98.1,PASS,SYNTHETIC — integrated V2 (fixed),TRUE
C0D83E5B-BD09-5321-918A-C31B0B9AB516,CF983439-B3D6-5D22-A07F-DA09F8FB30E3,SYN-MZ-00104,SYN-GS-00104,SYNTH_SNP_5K,NEUTRAL,RESISTANT,LOW,100.3,95.3,PASS,SYNTHETIC — integrated V2 (fixed),TRUE
046B59E3-3FAD-5330-AAE3-64A884F1AECA,40E15A0B-137C-5F72-A21C-478860954756,SYN-MZ-00105,SYN-GS-00105,SYNTH_SNP_5K,FAVOURABLE,SUSCEPTIBLE,LOW,119.0,98.8,PASS,SYNTHETIC — integrated V2 (fixed),TRUE
C65A0A61-4CE6-5F35-ADFB-503DE378FD67,D31D0B3A-9906-504E-8B88-BA3A51BD3F4E,SYN-MZ-00106,SYN-GS-00106,SYNTH_SNP_5K,NEUTRAL,SUSCEPTIBLE,HIGH,86.5,96.4,PASS,SYNTHETIC — integrated V2 (fixed),TRUE
2E2EF930-58B7-5D15-860B-AFC5EAEFD9FD,6CAF66B9-5911-548A-9CD3-402E210E39DF,SYN-MZ-00107,SYN-GS-00107,SYNTH_SNP_5K,NEUTRAL,RESISTANT,LOW,98.4,95.5,PASS,SYNTHETIC — integrated V2 (fixed),TRUE
006C3A54-62C9-5476-B64F-400CC770A91F,7BFD7ED8-D740-54E9-9E9D-89E766C468ED,SYN-MZ-00108,SYN-GS-00108,SYNTH_SNP_5K,NEUTRAL,RESISTANT,LOW,93.0,96.1,PASS,SYNTHETIC — integrated V2 (fixed),TRUE
6F51FB51-46E7-5123-8DFA-1BB1E6B74160,4496507C-64F4-593E-B7C9-34EC243D266E,SYN-MZ-00109,SYN-GS-00109,SYNTH_SNP_5K,UNFAVOURABLE,RESISTANT,MEDIUM,89.2,96.2,PASS,SYNTHETIC — integrated V2 (fixed),TRUE
2AC35502-9BA8-5A6A-B57F-FC5A8C5BF742,0A8854E8-E6EA-5138-8958-FCD031174CF5,SYN-MZ-00110,SYN-GS-00110,SYNTH_SNP_5K,NEUTRAL,INTERMEDIATE,LOW,110.8,97.9,PASS,SYNTHETIC — integrated V2 (fixed),TRUE
E2069770-26FD-542A-89B9-87B61B93EAF7,E7D39DA7-7E5D-57F9-9DDB-1CF3E505EFB5,SYN-MZ-00111,SYN-GS-00111,SYNTH_SNP_5K,NEUTRAL,INTERMEDIATE,HIGH,97.7,99.7,PASS,SYNTHETIC — integrated V2 (fixed),TRUE
C2CF4DB4-EE76-52C0-A83D-C4A4E9CA2FDF,99337C26-0663-56BF-961D-4B45304F60CB,SYN-MZ-00112,SYN-GS-00112,SYNTH_SNP_5K,FAVOURABLE,RESISTANT,MEDIUM,92.2,95.3,PASS,SYNTHETIC — integrated V2 (fixed),TRUE
E2DFE837-9811-58D1-86A9-AE717C35D08E,0A671382-D5A5-5B91-99A7-A870223273AB,SYN-MZ-00113,SYN-GS-00113,SYNTH_SNP_5K,NEUTRAL,SUSCEPTIBLE,HIGH,118.5,97.4,PASS,SYNTHETIC — integrated V2 (fixed),TRUE
B7AA991A-1D82-588A-A209-D0C644EA8E60,EA1A8089-DDED-5385-9EA5-239A2F522931,SYN-MZ-00114,SYN-GS-00114,SYNTH_SNP_5K,NEUTRAL,RESISTANT,MEDIUM,85.3,95.6,PASS,SYNTHETIC — integrated V2 (fixed),TRUE
03E784CE-6C91-52A6-8991-0186770FD71B,D548B0A8-3654-59DE-87E2-E8729F9D0F8C,SYN-MZ-00115,SYN-GS-00115,SYNTH_SNP_5K,NEUTRAL,RESISTANT,HIGH,97.8,95.2,PASS,SYNTHETIC — integrated V2 (fixed),TRUE
54B1BB08-AF86-5855-9E2A-C47E08D59829,9836AEB1-465F-5BDA-85AD-80E64BABEB25,SYN-MZ-00116,SYN-GS-00116,SYNTH_SNP_5K,FAVOURABLE,SUSCEPTIBLE,MEDIUM,97.8,96.9,PASS,SYNTHETIC — integrated V2 (fixed),TRUE
C5CF51F5-9BDC-5653-8FE0-9161491B505E,D24220FC-041B-5AE7-8248-88C18C7CFFA0,SYN-MZ-00117,SYN-GS-00117,SYNTH_SNP_5K,FAVOURABLE,INTERMEDIATE,HIGH,118.8,96.9,PASS,SYNTHETIC — integrated V2 (fixed),TRUE
F05A573E-9B1B-5CC8-B858-59AAEE487883,F288242F-5737-58C8-88E2-064D25869916,SYN-MZ-00118,SYN-GS-00118,SYNTH_SNP_5K,NEUTRAL,RESISTANT,HIGH,116.8,97.8,PASS,SYNTHETIC — integrated V2 (fixed),TRUE
C1F84E60-3A97-5445-882A-C93922A420DF,CABD4F18-9788-5897-9751-A7B474D482E3,SYN-MZ-00119,SYN-GS-00119,SYNTH_SNP_5K,FAVOURABLE,RESISTANT,MEDIUM,111.9,99.3,PASS,SYNTHETIC — integrated V2 (fixed),TRUE
DB94C2E1-8F5F-5810-8026-EB7B2A709F71,6EA50459-A971-5271-BBBC-46B5E2E45F2F,SYN-MZ-00120,SYN-GS-00120,SYNTH_SNP_5K,FAVOURABLE,INTERMEDIATE,HIGH,105.6,99.4,PASS,SYNTHETIC — integrated V2 (fixed),TRUE
4CB06AEB-E75D-5E9A-A6C9-F65805351BD0,4E026AB5-7BF0-56A0-9A72-D0B70F1FA056,SYN-MZ-00121,SYN-GS-00121,SYNTH_SNP_5K,UNFAVOURABLE,RESISTANT,LOW,89.9,97.7,PASS,SYNTHETIC — integrated V2 (fixed),TRUE
82EF44EA-D8BC-5862-BBBE-03E857848D73,B4D65658-99B8-5007-8181-CB57FABF1A6A,SYN-MZ-00122,SYN-GS-00122,SYNTH_SNP_5K,UNFAVOURABLE,RESISTANT,LOW,119.6,98.2,PASS,SYNTHETIC — integrated V2 (fixed),TRUE
39C1CF03-5289-59EA-BD3C-3C3DF091BF9F,EF6A4ED1-3F26-5D92-87D7-851E6A84CE9E,SYN-MZ-00123,SYN-GS-00123,SYNTH_SNP_5K,NEUTRAL,SUSCEPTIBLE,MEDIUM,102.2,96.4,PASS,SYNTHETIC — integrated V2 (fixed),TRUE
AE813BE3-E973-5E9F-9415-CD6597E61379,B0670171-6745-5AD1-B294-0798F9335903,SYN-MZ-00124,SYN-GS-00124,SYNTH_SNP_5K,FAVOURABLE,INTERMEDIATE,MEDIUM,97.5,96.6,PASS,SYNTHETIC — integrated V2 (fixed),TRUE
A7DA76C1-4862-52F3-A261-A8D5E4B40D9F,B1D28754-3CDD-55F8-B8B1-CC2BD54CBC86,SYN-MZ-00125,SYN-GS-00125,SYNTH_SNP_5K,FAVOURABLE,RESISTANT,HIGH,99.8,95.9,PASS,SYNTHETIC — integrated V2 (fixed),TRUE
AD685404-0706-51CA-A7CB-7453F2A32EEF,73D01A3C-D183-58B5-B11D-D2CD40EA1852,SYN-MZ-00126,SYN-GS-00126,SYNTH_SNP_5K,NEUTRAL,INTERMEDIATE,MEDIUM,92.2,98.5,PASS,SYNTHETIC — integrated V2 (fixed),TRUE
1C8C0C77-ABD2-568D-AEF8-7836F5941AB7,A8461C6C-7A4F-54DE-9B92-9F215036C45E,SYN-MZ-00127,SYN-GS-00127,SYNTH_SNP_5K,NEUTRAL,RESISTANT,LOW,97.2,98.8,PASS,SYNTHETIC — integrated V2 (fixed),TRUE
938C63C4-A8B7-50C4-9411-5060D5C2CDF9,8040C400-F38F-5834-98D2-13FDFCC541BF,SYN-MZ-00128,SYN-GS-00128,SYNTH_SNP_5K,UNFAVOURABLE,SUSCEPTIBLE,LOW,92.3,98.7,PASS,SYNTHETIC — integrated V2 (fixed),TRUE
BC0187DE-855E-5104-88B7-75A8CA7BED00,429606DB-8ABE-5CFA-9D27-93EF31C370D5,SYN-MZ-00129,SYN-GS-00129,SYNTH_SNP_5K,FAVOURABLE,SUSCEPTIBLE,MEDIUM,88.3,99.4,PASS,SYNTHETIC — integrated V2 (fixed),TRUE
161BA0A0-CBEA-509A-9511-7465FC2D3E41,C9E8677D-E4B2-5B43-9A17-030646404FA5,SYN-MZ-00130,SYN-GS-00130,SYNTH_SNP_5K,NEUTRAL,INTERMEDIATE,HIGH,101.2,98.7,PASS,SYNTHETIC — integrated V2 (fixed),TRUE
4F0BDBF9-A381-5C2F-8793-75057468A05D,A94988AC-50A4-515D-98DA-190B0706A5F6,SYN-MZ-00131,SYN-GS-00131,SYNTH_SNP_5K,NEUTRAL,SUSCEPTIBLE,HIGH,106.8,95.2,PASS,SYNTHETIC — integrated V2 (fixed),TRUE
9B845B1C-E365-58EE-AD5F-047083C913D0,EA9989C2-8AE1-5B6E-ABAA-9267432935A7,SYN-MZ-00132,SYN-GS-00132,SYNTH_SNP_5K,NEUTRAL,SUSCEPTIBLE,MEDIUM,106.9,97.7,PASS,SYNTHETIC — integrated V2 (fixed),TRUE
FE6131CA-C2B0-5BC6-9ADD-787815670CA5,4FF93F22-1CD9-5FC7-BB9E-3A854E35348C,SYN-MZ-00133,SYN-GS-00133,SYNTH_SNP_5K,UNFAVOURABLE,SUSCEPTIBLE,LOW,89.7,98.8,PASS,SYNTHETIC — integrated V2 (fixed),TRUE
D251C97D-EF42-5C22-9F25-1601DE7D84EF,2C90876A-3033-52FD-A2B0-D7957122C89B,SYN-MZ-00134,SYN-GS-00134,SYNTH_SNP_5K,UNFAVOURABLE,INTERMEDIATE,LOW,105.8,99.6,PASS,SYNTHETIC — integrated V2 (fixed),TRUE
DD40A91B-8F3C-5786-8998-D044AA31284E,4521A948-8DB4-57C9-AD7A-DE07CBC7D66A,SYN-MZ-00135,SYN-GS-00135,SYNTH_SNP_5K,FAVOURABLE,RESISTANT,HIGH,116.9,99.3,PASS,SYNTHETIC — integrated V2 (fixed),TRUE
6CB71DB4-8303-5389-B788-A5D1B230FC6B,209BD3AD-17D6-5EF4-AB69-737AAC8CEEDB,SYN-MZ-00136,SYN-GS-00136,SYNTH_SNP_5K,FAVOURABLE,RESISTANT,LOW,103.9,97.8,PASS,SYNTHETIC — integrated V2 (fixed),TRUE
EEE4C774-8385-5752-8FD6-47B8F4296158,F3B70947-7AB8-55DB-AB66-D6A0A31ADB28,SYN-MZ-00137,SYN-GS-00137,SYNTH_SNP_5K,UNFAVOURABLE,RESISTANT,MEDIUM,91.8,99.7,PASS,SYNTHETIC — integrated V2 (fixed),TRUE
F70CE6A6-CCB4-57D4-8F31-ECEED0B55CC9,21CB14E4-98B8-5908-8539-D73D75F044FB,SYN-MZ-00138,SYN-GS-00138,SYNTH_SNP_5K,UNFAVOURABLE,INTERMEDIATE,MEDIUM,90.7,95.4,PASS,SYNTHETIC — integrated V2 (fixed),TRUE
96985C4A-4A41-57B4-95B7-B2ADEFE39ECB,E1CFB207-FA7D-5CE8-936D-2B35530B6FCB,SYN-MZ-00139,SYN-GS-00139,SYNTH_SNP_5K,NEUTRAL,RESISTANT,HIGH,111.6,97.5,PASS,SYNTHETIC — integrated V2 (fixed),TRUE
5EAE42A5-B7FC-51BE-8EC4-21FE35E1D86C,CBC9BD95-73A5-59BF-BCFD-F30992314688,SYN-MZ-00140,SYN-GS-00140,SYNTH_SNP_5K,FAVOURABLE,RESISTANT,HIGH,97.9,96.3,PASS,SYNTHETIC — integrated V2 (fixed),TRUE
A298BF78-F75A-53C9-90FB-A85CEE8ADEA3,A851DD56-866F-5923-B0A6-19BDB0B11A8B,SYN-MZ-00141,SYN-GS-00141,SYNTH_SNP_5K,FAVOURABLE,RESISTANT,HIGH,102.0,95.0,PASS,SYNTHETIC — integrated V2 (fixed),TRUE
5000D962-0584-5E7D-8D26-0C0E851D7527,DB0593B1-E991-5A37-B5FA-BC3E7A2016F1,SYN-MZ-00142,SYN-GS-00142,SYNTH_SNP_5K,FAVOURABLE,INTERMEDIATE,HIGH,91.5,97.1,PASS,SYNTHETIC — integrated V2 (fixed),TRUE
1895A6C7-EB89-5FAF-AE5E-2B30E3CA3D45,32AF3857-19CC-5F20-B54E-D3EF4EB2E05B,SYN-MZ-00143,SYN-GS-00143,SYNTH_SNP_5K,UNFAVOURABLE,SUSCEPTIBLE,LOW,113.9,97.6,PASS,SYNTHETIC — integrated V2 (fixed),TRUE
F9A29F46-50BE-5CFC-A3D0-142665C57B0B,E5CE3662-1D34-5A4A-AAD6-8F5B9A767126,SYN-MZ-00144,SYN-GS-00144,SYNTH_SNP_5K,UNFAVOURABLE,RESISTANT,HIGH,113.4,97.4,PASS,SYNTHETIC — integrated V2 (fixed),TRUE
7A2A8BFA-8EEB-56A4-B76C-5B0DC8AD6401,B7858025-7776-5C12-B209-88B3225A9E24,SYN-MZ-00145,SYN-GS-00145,SYNTH_SNP_5K,FAVOURABLE,INTERMEDIATE,MEDIUM,92.1,96.2,PASS,SYNTHETIC — integrated V2 (fixed),TRUE
1B44A5C3-935D-5DE3-9A56-9169EB48F335,1CEB7127-A7F9-58EA-AD95-89A5CC12EA06,SYN-MZ-00146,SYN-GS-00146,SYNTH_SNP_5K,NEUTRAL,RESISTANT,MEDIUM,114.8,99.8,PASS,SYNTHETIC — integrated V2 (fixed),TRUE
3615EED3-4306-55F5-8427-2BE3DCAA80E4,B3658393-C684-5F89-B232-1E8645DAC209,SYN-MZ-00147,SYN-GS-00147,SYNTH_SNP_5K,NEUTRAL,RESISTANT,LOW,114.9,96.0,PASS,SYNTHETIC — integrated V2 (fixed),TRUE
3439DA1B-0D17-57AF-A5C3-EB054B9D76C6,52DC85E8-1E39-59B3-A1FB-FEC6604E17E3,SYN-MZ-00148,SYN-GS-00148,SYNTH_SNP_5K,UNFAVOURABLE,RESISTANT,HIGH,110.7,97.4,PASS,SYNTHETIC — integrated V2 (fixed),TRUE
6BB85C9A-E287-5347-A58A-2630A54566CB,14C7FB76-9D5D-5D1D-92B1-253E5935ED46,SYN-MZ-00149,SYN-GS-00149,SYNTH_SNP_5K,FAVOURABLE,INTERMEDIATE,HIGH,92.9,96.2,PASS,SYNTHETIC — integrated V2 (fixed),TRUE
0141B135-0CE1-54F3-A88B-FBAF7A861537,FC3A6C5C-3F47-5270-8751-1D2A044CD84B,SYN-MZ-00150,SYN-GS-00150,SYNTH_SNP_5K,UNFAVOURABLE,RESISTANT,MEDIUM,118.4,97.0,PASS,SYNTHETIC — integrated V2 (fixed),TRUE
F8FE9D42-2AB7-5AA3-B650-7FD8CABDA54F,895C37E3-3402-5903-BB78-18E139F002E0,SYN-MZ-CHK01,SYN-GS-CHK01,SYNTH_SNP_5K,NEUTRAL,INTERMEDIATE,MEDIUM,100.0,99.1,PASS,SYNTHETIC — integrated V2 (fixed); commercial check,TRUE
A6EA97AC-D8F3-52A5-8487-2F2497212F67,03B42C84-51CA-5773-8E4C-295473835D66,SYN-MZ-CHK02,SYN-GS-CHK02,SYNTH_SNP_5K,NEUTRAL,INTERMEDIATE,MEDIUM,100.0,99.1,PASS,SYNTHETIC — integrated V2 (fixed); commercial check,TRUE
