LINE1_GUID,MATERIAL_GUID,REMARK,LINE_CODE_PREFIX_GUID,GMO_LID,ACQUIRED_FLAG,PEDIGREE_TAIL,LINE_GUID,GERMPLASM_GEOGRAPHIC_ORIGIN,GENERATION_CODE,POLLINATION_GUID,STACK_GUID,FEMALE_MULTI_PARENT,MATERIAL_ID,ADMIN_CODE,ABBR_CODE,STATUS_LID,DISCARD_DATE,FEMALE_PARENT_TRIAL_ID,KERNEL_CATEGORY_LID,FEMALE_PARENT_MATERIAL_GUID,LINE2_GUID,ENCUMBRANCE_NAFTA_LID,MINT_VALIDATION_REMARK,ARCHIVED_DATE,MANUAL_ENTERED,ENCUMBRANCE_APAC_LID,ADVANCEMENT_DECISION,LEVEL2PEDIGREE,HIGHNAME,MALE_PARENT_MATERIAL_GUID,GENETIC_AFFILIATION_GUID,REFERENCE_TO_CONTRACT_LID,GARF_INTENDED_USE_LID,INITIAL_PLOT_ID,CROP_GUID,LINE4_GUID,LAST_CHG_USER,PRE_LINE_CODE,ROWGUID,MALE_PARENT_TRIAL_ID,BREEDING_GROUP_GUID,ENCUMBRANCE_LATAM_LID,COMPANY_GUID,DEFAULT_MATERIAL_LOT_GUID,MALE_MULTI_PARENT,FEMALE_PARENT_PLOT_SUBPLOT_GUID,VARIETY_HYBRID_GUID,ENCUMBRANCE_EAME_LID,POLLINATION_TYPE_LID,LAST_CHG_DATE,STAGE_CODE_LID,HARVEST_DATE,MATERIAL_TYPE_LID,LINE3_GUID,MALE_PARENT_PLOT_SUBPLOT_GUID,PEDIGREE,MINT_VALIDATION_FLAG,LEVEL1PEDIGREE,CREATE_DATE,RESEARCH_STATION_GUID,PEGASYS_CREATE_DATE,PEGASYS_UPDATE_DATE,PEGASYS_PURGED
,BDA3F23B-B83C-5375-B9B8-3ADB9CD34DC3,SYNTHETIC — integrated V2 (fixed),,,,,0CE323DA-368B-5E0D-9C45-15F57AFF7B9D,,,,,,SYN-MZ-00001,,,ACT,,,,,,,,,,,,,SYNTH_LINE_00001,,,,,,5E15A660-9170-5294-AD11-235411809B3A,,,,F34671C1-7C5B-5067-8AD2-4CB9E5DE53E2,,F9D9DAEC-EA8C-5465-B2EA-8CDE5F9DA69E,,,,,,,,,,,,Seed,,,,,,,,,,FALSE
,FCA1034F-23D1-5C80-B17D-CA82DC3325EB,SYNTHETIC — integrated V2 (fixed),,,,,717C9C61-BEE8-528B-8657-75AED54D99F1,,,,,,SYN-MZ-00002,,,ACT,,,,,,,,,,,,,SYNTH_LINE_00002,,,,,,5E15A660-9170-5294-AD11-235411809B3A,,,,27B62CE7-D0C3-5A3B-83B1-CF01957D10A4,,86E15030-08AA-5269-8660-62DE113AF5EB,,,,,,,,,,,,Seed,,,,,,,,,,FALSE
,47CB337B-F9A3-58D9-B496-C84842EE87E3,SYNTHETIC — integrated V2 (fixed),,,,,1671BF84-568C-5C48-94A4-8D57C23BD306,,,,,,SYN-MZ-00003,,,ACT,,,,,,,,,,,,,SYNTH_LINE_00003,,,,,,5E15A660-9170-5294-AD11-235411809B3A,,,,FA668BDF-9B83-50C0-A8C6-D3FF2B70AD58,,2A1437B0-F125-5494-87FD-0C017030803C,,,,,,,,,,,,Seed,,,,,,,,,,FALSE
,F9BC2FEC-60D6-5DFF-B4CF-789F8E765BFD,SYNTHETIC — integrated V2 (fixed),,,,,EDD4DC36-2B8D-5726-AB83-59D87C25D28A,,,,,,SYN-MZ-00004,,,ACT,,,,,,,,,,,,,SYNTH_LINE_00004,,,,,,5E15A660-9170-5294-AD11-235411809B3A,,,,CBE903E9-39E3-5ED7-B5A8-977B660171B8,,34B5FF6F-7274-593C-87E1-927995CFB124,,,,,,,,,,,,Seed,,,,,,,,,,FALSE
,E4CFF24E-3AF0-5FBA-9562-C4393CD711EA,SYNTHETIC — integrated V2 (fixed),,,,,762ED31E-1E5C-55E9-ACBC-CA01A568328D,,,,,,SYN-MZ-00005,,,ACT,,,,,,,,,,,,,SYNTH_LINE_00005,,,,,,5E15A660-9170-5294-AD11-235411809B3A,,,,B1729FAA-5211-5ADC-88EC-A7AFF7C8ECE6,,F9D9DAEC-EA8C-5465-B2EA-8CDE5F9DA69E,,,,,,,,,,,,Seed,,,,,,,,,,FALSE
,2B7C0193-8AD2-5132-90D6-EC0125159542,SYNTHETIC — integrated V2 (fixed),,,,,42143422-D25F-52EF-9131-905E88AE827F,,,,,,SYN-MZ-00006,,,ACT,,,,,,,,,,,,,SYNTH_LINE_00006,,,,,,5E15A660-9170-5294-AD11-235411809B3A,,,,6ED8FBB0-8579-54CC-BF29-14C2B9F9F021,,86E15030-08AA-5269-8660-62DE113AF5EB,,,,,,,,,,,,Seed,,,,,,,,,,FALSE
,B6AEF3F7-49DF-5938-A721-1C9ED30FE32D,SYNTHETIC — integrated V2 (fixed),,,,,7BE4668A-55E8-50C7-B3DF-47EEEE3E66FA,,,,,,SYN-MZ-00007,,,ACT,,,,,,,,,,,,,SYNTH_LINE_00007,,,,,,5E15A660-9170-5294-AD11-235411809B3A,,,,7BBAF379-C2A0-5626-9D5A-988F770676A8,,2A1437B0-F125-5494-87FD-0C017030803C,,,,,,,,,,,,Seed,,,,,,,,,,FALSE
,AA4D3613-B947-5291-9D6D-08AC58B282CE,SYNTHETIC — integrated V2 (fixed),,,,,45004707-E681-5C43-8444-6CC7598289A8,,,,,,SYN-MZ-00008,,,ACT,,,,,,,,,,,,,SYNTH_LINE_00008,,,,,,5E15A660-9170-5294-AD11-235411809B3A,,,,1018C977-5875-5FA3-86CB-7962866DBD83,,34B5FF6F-7274-593C-87E1-927995CFB124,,,,,,,,,,,,Seed,,,,,,,,,,FALSE
,49F400C7-67D9-53F7-8C2F-7709D22BA540,SYNTHETIC — integrated V2 (fixed),,,,,3CEC5599-30A1-56B6-B2C3-DC838F6371F0,,,,,,SYN-MZ-00009,,,ACT,,,,,,,,,,,,,SYNTH_LINE_00009,,,,,,5E15A660-9170-5294-AD11-235411809B3A,,,,C7DFE3B1-1A61-5205-BCEE-9C3F97FCE861,,F9D9DAEC-EA8C-5465-B2EA-8CDE5F9DA69E,,,,,,,,,,,,Seed,,,,,,,,,,FALSE
,55B846CE-0304-5467-83C6-6E6D33550CDF,SYNTHETIC — integrated V2 (fixed),,,,,9C95ABC3-3546-5916-8743-AB9201C1E13E,,,,,,SYN-MZ-00010,,,ACT,,,,,,,,,,,,,SYNTH_LINE_00010,,,,,,5E15A660-9170-5294-AD11-235411809B3A,,,,6A3421B3-B5F6-5464-8576-FB82EF175585,,86E15030-08AA-5269-8660-62DE113AF5EB,,,,,,,,,,,,Seed,,,,,,,,,,FALSE
,8689D2D4-7776-5FC8-813D-D63017F0337E,SYNTHETIC — integrated V2 (fixed),,,,,0E9C9792-955C-5283-94C1-6A981F6E9FB5,,,,,,SYN-MZ-00011,,,ACT,,,,,,,,,,,,,SYNTH_LINE_00011,,,,,,5E15A660-9170-5294-AD11-235411809B3A,,,,D24805CB-4987-5279-9001-C6C1657F6BE4,,2A1437B0-F125-5494-87FD-0C017030803C,,,,,,,,,,,,Seed,,,,,,,,,,FALSE
,080F0B64-D97A-588D-B40C-A051B359AE52,SYNTHETIC — integrated V2 (fixed),,,,,C8A16F0E-AACC-515C-9D00-F2F720C2BBF7,,,,,,SYN-MZ-00012,,,ACT,,,,,,,,,,,,,SYNTH_LINE_00012,,,,,,5E15A660-9170-5294-AD11-235411809B3A,,,,F6AFC982-4F2E-5BEB-ACF8-B27C6D6F358D,,34B5FF6F-7274-593C-87E1-927995CFB124,,,,,,,,,,,,Seed,,,,,,,,,,FALSE
,0ABDF50B-E599-5A0E-AAD7-B3801C204FEF,SYNTHETIC — integrated V2 (fixed),,,,,89995D38-3969-552F-9A5B-F140EA5ABE27,,,,,,SYN-MZ-00013,,,ACT,,,,,,,,,,,,,SYNTH_LINE_00013,,,,,,5E15A660-9170-5294-AD11-235411809B3A,,,,E041B8E8-D740-50B4-A7EE-832B98A28E12,,F9D9DAEC-EA8C-5465-B2EA-8CDE5F9DA69E,,,,,,,,,,,,Seed,,,,,,,,,,FALSE
,99EE49D0-F7F6-53CE-8FC9-ACF251077CD3,SYNTHETIC — integrated V2 (fixed),,,,,8A131FB1-3BA3-5356-9E7D-472622F88266,,,,,,SYN-MZ-00014,,,ACT,,,,,,,,,,,,,SYNTH_LINE_00014,,,,,,5E15A660-9170-5294-AD11-235411809B3A,,,,E25F8745-35B5-5280-918D-7290B0193ED2,,86E15030-08AA-5269-8660-62DE113AF5EB,,,,,,,,,,,,Seed,,,,,,,,,,FALSE
,B9868147-0FE8-5766-9C66-DD78C3C1EBB4,SYNTHETIC — integrated V2 (fixed),,,,,DAEA0250-4870-5C3D-B4BF-58E2B8704CF3,,,,,,SYN-MZ-00015,,,ACT,,,,,,,,,,,,,SYNTH_LINE_00015,,,,,,5E15A660-9170-5294-AD11-235411809B3A,,,,96767436-7BBC-5F77-BE2A-4431DAB60B7E,,2A1437B0-F125-5494-87FD-0C017030803C,,,,,,,,,,,,Seed,,,,,,,,,,FALSE
,EE1AC5CF-17E4-5D7C-BA29-EA983FBBF170,SYNTHETIC — integrated V2 (fixed),,,,,0C766B7E-63DC-585E-BCF5-E945B4C03C52,,,,,,SYN-MZ-00016,,,ACT,,,,,,,,,,,,,SYNTH_LINE_00016,,,,,,5E15A660-9170-5294-AD11-235411809B3A,,,,C6D16B84-2F83-59F1-8F56-607B142CEADF,,34B5FF6F-7274-593C-87E1-927995CFB124,,,,,,,,,,,,Seed,,,,,,,,,,FALSE
,5A705A98-7EAC-500C-AD19-08E66229D28F,SYNTHETIC — integrated V2 (fixed),,,,,7ECAC6FF-10DA-513F-9078-DA3907D77260,,,,,,SYN-MZ-00017,,,ACT,,,,,,,,,,,,,SYNTH_LINE_00017,,,,,,5E15A660-9170-5294-AD11-235411809B3A,,,,9D803FB6-DD23-5BEE-8F6C-F99D43B77C47,,F9D9DAEC-EA8C-5465-B2EA-8CDE5F9DA69E,,,,,,,,,,,,Seed,,,,,,,,,,FALSE
,62C92069-66BF-5B0B-ADBA-8D0357CE459C,SYNTHETIC — integrated V2 (fixed),,,,,62FAA5C4-2098-524D-8C83-B8BBD1BC08A0,,,,,,SYN-MZ-00018,,,ACT,,,,,,,,,,,,,SYNTH_LINE_00018,,,,,,5E15A660-9170-5294-AD11-235411809B3A,,,,4D121F84-492B-5D06-8BD3-1E35AD0C5CA4,,86E15030-08AA-5269-8660-62DE113AF5EB,,,,,,,,,,,,Seed,,,,,,,,,,FALSE
,A8B6980C-FFB9-5F9B-92BA-AF12781ABDDE,SYNTHETIC — integrated V2 (fixed),,,,,AE0D895D-24A2-540A-86E1-BED586852548,,,,,,SYN-MZ-00019,,,ACT,,,,,,,,,,,,,SYNTH_LINE_00019,,,,,,5E15A660-9170-5294-AD11-235411809B3A,,,,E56C8F23-4086-5FBC-AAA5-9A04C055B6FF,,2A1437B0-F125-5494-87FD-0C017030803C,,,,,,,,,,,,Seed,,,,,,,,,,FALSE
,4A5DFB3F-03B5-5B3F-9852-099CA5A15225,SYNTHETIC — integrated V2 (fixed),,,,,27193D6C-CCF1-5F95-A347-9425F8D127E7,,,,,,SYN-MZ-00020,,,ACT,,,,,,,,,,,,,SYNTH_LINE_00020,,,,,,5E15A660-9170-5294-AD11-235411809B3A,,,,ED3E4A88-8594-5570-B847-647242B48FDB,,34B5FF6F-7274-593C-87E1-927995CFB124,,,,,,,,,,,,Seed,,,,,,,,,,FALSE
,1A9526DC-BD8E-563C-9E4A-9481E88601A5,SYNTHETIC — integrated V2 (fixed),,,,,CE770141-BE6E-53B3-A99A-50E034240E11,,,,,,SYN-MZ-00021,,,ACT,,,,,,,,,,,,,SYNTH_LINE_00021,,,,,,5E15A660-9170-5294-AD11-235411809B3A,,,,62C2B6FE-1CD4-50D6-A305-CCB82095E9CC,,F9D9DAEC-EA8C-5465-B2EA-8CDE5F9DA69E,,,,,,,,,,,,Seed,,,,,,,,,,FALSE
,6E503269-36A0-59E5-B29F-D2C65C57CAD6,SYNTHETIC — integrated V2 (fixed),,,,,CE5739E6-D876-52FD-9DD4-295B70681469,,,,,,SYN-MZ-00022,,,ACT,,,,,,,,,,,,,SYNTH_LINE_00022,,,,,,5E15A660-9170-5294-AD11-235411809B3A,,,,D61AC3E8-E116-5401-B3C9-6815E531EDB9,,86E15030-08AA-5269-8660-62DE113AF5EB,,,,,,,,,,,,Seed,,,,,,,,,,FALSE
,D41ABD3A-44E1-5B49-8488-2C6805F30B64,SYNTHETIC — integrated V2 (fixed),,,,,70E99765-2410-5DBD-933B-45E79CEC9D5E,,,,,,SYN-MZ-00023,,,ACT,,,,,,,,,,,,,SYNTH_LINE_00023,,,,,,5E15A660-9170-5294-AD11-235411809B3A,,,,867D96BF-11B9-5FAC-AF2C-E5CAAE6A3052,,2A1437B0-F125-5494-87FD-0C017030803C,,,,,,,,,,,,Seed,,,,,,,,,,FALSE
,E568186B-E969-5A74-8996-D72CACB495FD,SYNTHETIC — integrated V2 (fixed),,,,,E479EEA8-9C8F-5280-9039-EBA84FF5CF2D,,,,,,SYN-MZ-00024,,,ACT,,,,,,,,,,,,,SYNTH_LINE_00024,,,,,,5E15A660-9170-5294-AD11-235411809B3A,,,,09A0427E-5A28-5341-BD82-170FAA15D598,,34B5FF6F-7274-593C-87E1-927995CFB124,,,,,,,,,,,,Seed,,,,,,,,,,FALSE
,48766B60-7B8E-5227-9A4F-9E77EE26141C,SYNTHETIC — integrated V2 (fixed),,,,,23B8F4D2-C8B1-57DD-AD2B-4A923F84A028,,,,,,SYN-MZ-00025,,,ACT,,,,,,,,,,,,,SYNTH_LINE_00025,,,,,,5E15A660-9170-5294-AD11-235411809B3A,,,,76640AC7-8FF1-5F9F-8899-8757BC64C2C9,,F9D9DAEC-EA8C-5465-B2EA-8CDE5F9DA69E,,,,,,,,,,,,Seed,,,,,,,,,,FALSE
,01BB90D3-8967-5A5C-BB61-08A07D8CD947,SYNTHETIC — integrated V2 (fixed),,,,,834DE6B4-AC06-5DE8-A3C3-89C7A4422259,,,,,,SYN-MZ-00026,,,ACT,,,,,,,,,,,,,SYNTH_LINE_00026,,,,,,5E15A660-9170-5294-AD11-235411809B3A,,,,562A5287-D471-5972-826B-196FF0619A3C,,86E15030-08AA-5269-8660-62DE113AF5EB,,,,,,,,,,,,Seed,,,,,,,,,,FALSE
,F6CDB34F-475C-5C74-9BD0-6D017DAE3754,SYNTHETIC — integrated V2 (fixed),,,,,A6BD2529-56C2-59D0-B7D9-0E137481D341,,,,,,SYN-MZ-00027,,,ACT,,,,,,,,,,,,,SYNTH_LINE_00027,,,,,,5E15A660-9170-5294-AD11-235411809B3A,,,,503CF996-F49F-5F99-BA52-56B1DF0A6902,,2A1437B0-F125-5494-87FD-0C017030803C,,,,,,,,,,,,Seed,,,,,,,,,,FALSE
,BCB3BCE4-83EF-5273-AD5F-98501BE8DF60,SYNTHETIC — integrated V2 (fixed),,,,,3A4D047A-2FA9-5448-A3FB-25C011CFD870,,,,,,SYN-MZ-00028,,,ACT,,,,,,,,,,,,,SYNTH_LINE_00028,,,,,,5E15A660-9170-5294-AD11-235411809B3A,,,,E949A683-64BC-5E7B-8358-91087AF99983,,34B5FF6F-7274-593C-87E1-927995CFB124,,,,,,,,,,,,Seed,,,,,,,,,,FALSE
,151CE54D-EAED-5C4E-AB65-6E225058176E,SYNTHETIC — integrated V2 (fixed),,,,,78F02D8A-5910-5468-B137-A898F1AB7547,,,,,,SYN-MZ-00029,,,ACT,,,,,,,,,,,,,SYNTH_LINE_00029,,,,,,5E15A660-9170-5294-AD11-235411809B3A,,,,811BB49C-EA24-56EA-A89F-B95907AE2DB2,,F9D9DAEC-EA8C-5465-B2EA-8CDE5F9DA69E,,,,,,,,,,,,Seed,,,,,,,,,,FALSE
,3DFD73B3-FBE4-5BE2-878B-AEB993A47967,SYNTHETIC — integrated V2 (fixed),,,,,9B3D6411-42B0-5A34-B792-16C8F5DBAA18,,,,,,SYN-MZ-00030,,,ACT,,,,,,,,,,,,,SYNTH_LINE_00030,,,,,,5E15A660-9170-5294-AD11-235411809B3A,,,,890F0898-31FF-59ED-89D4-E7C5B9E0CE98,,86E15030-08AA-5269-8660-62DE113AF5EB,,,,,,,,,,,,Seed,,,,,,,,,,FALSE
,D452B305-237F-578C-8664-5FBE4C1C73B1,SYNTHETIC — integrated V2 (fixed),,,,,52EE75D0-C248-5802-8A82-DE6B4266BA03,,,,,,SYN-MZ-00031,,,ACT,,,,,,,,,,,,,SYNTH_LINE_00031,,,,,,5E15A660-9170-5294-AD11-235411809B3A,,,,CD06A983-3B78-59DB-9FB7-4B2136D1CA88,,2A1437B0-F125-5494-87FD-0C017030803C,,,,,,,,,,,,Seed,,,,,,,,,,FALSE
,02C72F35-6DF2-535C-B881-73EEA4BDEF64,SYNTHETIC — integrated V2 (fixed),,,,,75AC383E-C5B8-50A2-934A-27BBE285B45A,,,,,,SYN-MZ-00032,,,ACT,,,,,,,,,,,,,SYNTH_LINE_00032,,,,,,5E15A660-9170-5294-AD11-235411809B3A,,,,4042B8AD-7389-5CCA-9588-56BAF31ADC1C,,34B5FF6F-7274-593C-87E1-927995CFB124,,,,,,,,,,,,Seed,,,,,,,,,,FALSE
,CDAC1DFC-07F5-5AAA-ACF7-174A83106211,SYNTHETIC — integrated V2 (fixed),,,,,4C4F914D-CE84-5281-AE4E-74304DB5BDA3,,,,,,SYN-MZ-00033,,,ACT,,,,,,,,,,,,,SYNTH_LINE_00033,,,,,,5E15A660-9170-5294-AD11-235411809B3A,,,,94780B17-F564-5540-BC50-92A59969640B,,F9D9DAEC-EA8C-5465-B2EA-8CDE5F9DA69E,,,,,,,,,,,,Seed,,,,,,,,,,FALSE
,6BC3F466-8A3A-514B-95C5-ED43F221577D,SYNTHETIC — integrated V2 (fixed),,,,,83A22830-F15B-5AA7-8E7D-86B06D76B729,,,,,,SYN-MZ-00034,,,ACT,,,,,,,,,,,,,SYNTH_LINE_00034,,,,,,5E15A660-9170-5294-AD11-235411809B3A,,,,A11175E1-94A9-5A09-8FCF-F5BF285098F8,,86E15030-08AA-5269-8660-62DE113AF5EB,,,,,,,,,,,,Seed,,,,,,,,,,FALSE
,CA7C91FE-A31E-543B-BE95-6F3A9B18244F,SYNTHETIC — integrated V2 (fixed),,,,,8BF395EB-E853-596C-A9B3-128ADB35609B,,,,,,SYN-MZ-00035,,,ACT,,,,,,,,,,,,,SYNTH_LINE_00035,,,,,,5E15A660-9170-5294-AD11-235411809B3A,,,,DD611DE9-4ABA-5876-99FE-6B990A7E54EF,,2A1437B0-F125-5494-87FD-0C017030803C,,,,,,,,,,,,Seed,,,,,,,,,,FALSE
,667DEBCE-B100-5059-AB1C-8388525FC762,SYNTHETIC — integrated V2 (fixed),,,,,064D1FB4-2D1F-5AE1-9D1D-5C3A6D8F792A,,,,,,SYN-MZ-00036,,,ACT,,,,,,,,,,,,,SYNTH_LINE_00036,,,,,,5E15A660-9170-5294-AD11-235411809B3A,,,,D6022744-820E-5585-9BB2-CA5D3075D999,,34B5FF6F-7274-593C-87E1-927995CFB124,,,,,,,,,,,,Seed,,,,,,,,,,FALSE
,F883E21C-4C88-5C86-BDED-808DCF101BE6,SYNTHETIC — integrated V2 (fixed),,,,,A6B72E18-C5D3-5221-BF83-1CC520733706,,,,,,SYN-MZ-00037,,,ACT,,,,,,,,,,,,,SYNTH_LINE_00037,,,,,,5E15A660-9170-5294-AD11-235411809B3A,,,,2CA0CB44-D060-56BE-98B2-BDC8F546C67A,,F9D9DAEC-EA8C-5465-B2EA-8CDE5F9DA69E,,,,,,,,,,,,Seed,,,,,,,,,,FALSE
,1D8B5ABD-A06B-5E37-8158-A9DB10FE3BE6,SYNTHETIC — integrated V2 (fixed),,,,,9A91C87A-E599-5311-9E86-64F9EF5171EC,,,,,,SYN-MZ-00038,,,ACT,,,,,,,,,,,,,SYNTH_LINE_00038,,,,,,5E15A660-9170-5294-AD11-235411809B3A,,,,4433147C-3AC3-5DA5-B36C-969393892650,,86E15030-08AA-5269-8660-62DE113AF5EB,,,,,,,,,,,,Seed,,,,,,,,,,FALSE
,A60C347B-ED09-5433-86AE-8FA97C612F60,SYNTHETIC — integrated V2 (fixed),,,,,40CC9002-FBC1-53C4-925F-8AD8433B2DA8,,,,,,SYN-MZ-00039,,,ACT,,,,,,,,,,,,,SYNTH_LINE_00039,,,,,,5E15A660-9170-5294-AD11-235411809B3A,,,,33863FC1-76B4-5D08-AF51-AB7591892B47,,2A1437B0-F125-5494-87FD-0C017030803C,,,,,,,,,,,,Seed,,,,,,,,,,FALSE
,8557A22F-14B2-5381-8DF2-0E4F62B7D0FD,SYNTHETIC — integrated V2 (fixed),,,,,7792C32C-6C35-537B-BC72-9A070AB04A12,,,,,,SYN-MZ-00040,,,ACT,,,,,,,,,,,,,SYNTH_LINE_00040,,,,,,5E15A660-9170-5294-AD11-235411809B3A,,,,EBB8B2FF-DF72-5636-A78B-6A32CE3F5E40,,34B5FF6F-7274-593C-87E1-927995CFB124,,,,,,,,,,,,Seed,,,,,,,,,,FALSE
,420901AD-1690-56B1-A54B-E45F7104461D,SYNTHETIC — integrated V2 (fixed),,,,,7FAC78D9-7ED0-574D-B76C-CB0C241C75F4,,,,,,SYN-MZ-00041,,,ACT,,,,,,,,,,,,,SYNTH_LINE_00041,,,,,,5E15A660-9170-5294-AD11-235411809B3A,,,,1D50E28C-A35B-5F0E-89CD-D8B2D266ACA7,,F9D9DAEC-EA8C-5465-B2EA-8CDE5F9DA69E,,,,,,,,,,,,Seed,,,,,,,,,,FALSE
,0AF976E8-609F-54B4-93A9-F5FFB2C89CC2,SYNTHETIC — integrated V2 (fixed),,,,,0FEEC837-2A9F-569C-8241-F1064D2B0F7B,,,,,,SYN-MZ-00042,,,ACT,,,,,,,,,,,,,SYNTH_LINE_00042,,,,,,5E15A660-9170-5294-AD11-235411809B3A,,,,5749ADB9-046E-5797-BF96-312629142F4C,,86E15030-08AA-5269-8660-62DE113AF5EB,,,,,,,,,,,,Seed,,,,,,,,,,FALSE
,80674DED-4AF0-56B4-A82F-676B047FD1F9,SYNTHETIC — integrated V2 (fixed),,,,,F4C0C55F-C006-5E21-A853-B9A77654D9A0,,,,,,SYN-MZ-00043,,,ACT,,,,,,,,,,,,,SYNTH_LINE_00043,,,,,,5E15A660-9170-5294-AD11-235411809B3A,,,,08552818-2830-5903-B22F-1BBAF2360876,,2A1437B0-F125-5494-87FD-0C017030803C,,,,,,,,,,,,Seed,,,,,,,,,,FALSE
,7663F6FC-3144-5397-8DC5-49CF05A78783,SYNTHETIC — integrated V2 (fixed),,,,,821907D4-DC59-577A-9AEF-7147AC62787C,,,,,,SYN-MZ-00044,,,ACT,,,,,,,,,,,,,SYNTH_LINE_00044,,,,,,5E15A660-9170-5294-AD11-235411809B3A,,,,FF855DAC-8442-5A68-9663-33ACE1173047,,34B5FF6F-7274-593C-87E1-927995CFB124,,,,,,,,,,,,Seed,,,,,,,,,,FALSE
,55B1F533-E637-592C-BE49-07B3119C93B6,SYNTHETIC — integrated V2 (fixed),,,,,03D4FF43-A553-5DEA-894E-1E0AF9723254,,,,,,SYN-MZ-00045,,,ACT,,,,,,,,,,,,,SYNTH_LINE_00045,,,,,,5E15A660-9170-5294-AD11-235411809B3A,,,,6DFECF37-6D24-52E1-8ADD-EC32D53DE33E,,F9D9DAEC-EA8C-5465-B2EA-8CDE5F9DA69E,,,,,,,,,,,,Seed,,,,,,,,,,FALSE
,A8A251E0-1271-51D8-829F-8F673FA25406,SYNTHETIC — integrated V2 (fixed),,,,,7435A37E-6AE4-576B-86C5-344C31117F73,,,,,,SYN-MZ-00046,,,ACT,,,,,,,,,,,,,SYNTH_LINE_00046,,,,,,5E15A660-9170-5294-AD11-235411809B3A,,,,8A551DFD-24EE-5831-B10C-75B5AE406F78,,86E15030-08AA-5269-8660-62DE113AF5EB,,,,,,,,,,,,Seed,,,,,,,,,,FALSE
,4FEFE8DE-C128-57D8-B2A9-D05EA011ABBB,SYNTHETIC — integrated V2 (fixed),,,,,DB2B0A6D-97DD-5586-BAD3-7D1B288C8C53,,,,,,SYN-MZ-00047,,,ACT,,,,,,,,,,,,,SYNTH_LINE_00047,,,,,,5E15A660-9170-5294-AD11-235411809B3A,,,,6F80EC15-38CB-5FCC-AEAE-4DE81A12AB76,,2A1437B0-F125-5494-87FD-0C017030803C,,,,,,,,,,,,Seed,,,,,,,,,,FALSE
,E79AFB8F-D81A-5126-9812-31F64FF56B0A,SYNTHETIC — integrated V2 (fixed),,,,,3ACDB849-98D0-592C-8648-DE05039C8B28,,,,,,SYN-MZ-00048,,,ACT,,,,,,,,,,,,,SYNTH_LINE_00048,,,,,,5E15A660-9170-5294-AD11-235411809B3A,,,,33F99CCE-C088-5003-8083-4BA19850BE60,,34B5FF6F-7274-593C-87E1-927995CFB124,,,,,,,,,,,,Seed,,,,,,,,,,FALSE
,06BC0CE1-AE47-507E-B88E-0EB0637E5F30,SYNTHETIC — integrated V2 (fixed),,,,,6B7B503A-911C-538B-B022-7A5D1B42ACE9,,,,,,SYN-MZ-00049,,,ACT,,,,,,,,,,,,,SYNTH_LINE_00049,,,,,,5E15A660-9170-5294-AD11-235411809B3A,,,,DE48A8C1-57E9-5D65-A3FE-37611AA6D18F,,F9D9DAEC-EA8C-5465-B2EA-8CDE5F9DA69E,,,,,,,,,,,,Seed,,,,,,,,,,FALSE
,B69CE732-6878-52F2-B41E-F0F303A6AA18,SYNTHETIC — integrated V2 (fixed),,,,,AA254C0C-B6D9-51FA-BFE0-8BFCE2D63FD9,,,,,,SYN-MZ-00050,,,ACT,,,,,,,,,,,,,SYNTH_LINE_00050,,,,,,5E15A660-9170-5294-AD11-235411809B3A,,,,BD460DFF-0C27-5EA3-9AF1-3E934B6EEFD3,,86E15030-08AA-5269-8660-62DE113AF5EB,,,,,,,,,,,,Seed,,,,,,,,,,FALSE
,8E68A5E4-3124-5DE1-83AC-BC1848ADCF30,SYNTHETIC — integrated V2 (fixed),,,,,A5E8B36E-2268-5F22-9298-DF417A775CAA,,,,,,SYN-MZ-00051,,,ACT,,,,,,,,,,,,,SYNTH_LINE_00051,,,,,,5E15A660-9170-5294-AD11-235411809B3A,,,,994762A9-E3D2-597C-A8F2-9E238C9161A6,,2A1437B0-F125-5494-87FD-0C017030803C,,,,,,,,,,,,Seed,,,,,,,,,,FALSE
,83143D05-79E7-5E13-A6B3-388172D0E91B,SYNTHETIC — integrated V2 (fixed),,,,,5108B4A8-15AC-50F6-A6D4-CBF3AF714A4C,,,,,,SYN-MZ-00052,,,ACT,,,,,,,,,,,,,SYNTH_LINE_00052,,,,,,5E15A660-9170-5294-AD11-235411809B3A,,,,57DF8F77-00BE-508B-8E3A-7C1D80417266,,34B5FF6F-7274-593C-87E1-927995CFB124,,,,,,,,,,,,Seed,,,,,,,,,,FALSE
,759A5D7C-67A7-5818-9E6B-4AE49EFD060E,SYNTHETIC — integrated V2 (fixed),,,,,3DC249D8-C0A6-50F1-B5AA-13C47E1DFE60,,,,,,SYN-MZ-00053,,,ACT,,,,,,,,,,,,,SYNTH_LINE_00053,,,,,,5E15A660-9170-5294-AD11-235411809B3A,,,,0EABC7BD-ABF5-53F1-8EA5-5D178CE41CCD,,F9D9DAEC-EA8C-5465-B2EA-8CDE5F9DA69E,,,,,,,,,,,,Seed,,,,,,,,,,FALSE
,4C8C42C1-3F2D-5A4E-9498-4339912973B6,SYNTHETIC — integrated V2 (fixed),,,,,4A1FB129-02FC-5C8D-8594-B8BD70FF9298,,,,,,SYN-MZ-00054,,,ACT,,,,,,,,,,,,,SYNTH_LINE_00054,,,,,,5E15A660-9170-5294-AD11-235411809B3A,,,,E066A7C4-E523-5615-AFAA-5A8E9FE5A76C,,86E15030-08AA-5269-8660-62DE113AF5EB,,,,,,,,,,,,Seed,,,,,,,,,,FALSE
,AA1B3880-0BFC-59AA-9F23-5D92CD2AB166,SYNTHETIC — integrated V2 (fixed),,,,,B23AB33B-6B7D-5E93-B459-73CD0AFCA649,,,,,,SYN-MZ-00055,,,ACT,,,,,,,,,,,,,SYNTH_LINE_00055,,,,,,5E15A660-9170-5294-AD11-235411809B3A,,,,CBDA0463-6BC0-53BB-9B38-D53B44CE6F46,,2A1437B0-F125-5494-87FD-0C017030803C,,,,,,,,,,,,Seed,,,,,,,,,,FALSE
,335D7797-1267-5040-9BF3-15F2B103E058,SYNTHETIC — integrated V2 (fixed),,,,,07F09842-75EB-5C85-BBFA-442E199D88C3,,,,,,SYN-MZ-00056,,,ACT,,,,,,,,,,,,,SYNTH_LINE_00056,,,,,,5E15A660-9170-5294-AD11-235411809B3A,,,,C5137D0F-884D-54E7-A0C4-E0D779443AE4,,34B5FF6F-7274-593C-87E1-927995CFB124,,,,,,,,,,,,Seed,,,,,,,,,,FALSE
,DD61D49A-852D-59C9-A7F8-0A85B6E85478,SYNTHETIC — integrated V2 (fixed),,,,,1F4E989D-007E-5B86-B0B6-EB8E680E237A,,,,,,SYN-MZ-00057,,,ACT,,,,,,,,,,,,,SYNTH_LINE_00057,,,,,,5E15A660-9170-5294-AD11-235411809B3A,,,,423CF36F-9297-5012-BE01-913D3D24734D,,F9D9DAEC-EA8C-5465-B2EA-8CDE5F9DA69E,,,,,,,,,,,,Seed,,,,,,,,,,FALSE
,CB3BA2FD-86CC-5ED9-964B-70C0E700498A,SYNTHETIC — integrated V2 (fixed),,,,,6AA26C1B-37F5-5F60-B727-D2D937C111D1,,,,,,SYN-MZ-00058,,,ACT,,,,,,,,,,,,,SYNTH_LINE_00058,,,,,,5E15A660-9170-5294-AD11-235411809B3A,,,,A7C35593-8649-53A1-A5E3-691614DF8212,,86E15030-08AA-5269-8660-62DE113AF5EB,,,,,,,,,,,,Seed,,,,,,,,,,FALSE
,5D11E6ED-86BC-5114-830E-943F22D3FAC8,SYNTHETIC — integrated V2 (fixed),,,,,B3FCD913-6089-5656-9E25-6318151161B2,,,,,,SYN-MZ-00059,,,ACT,,,,,,,,,,,,,SYNTH_LINE_00059,,,,,,5E15A660-9170-5294-AD11-235411809B3A,,,,FFC92471-8830-5269-9184-872766EDC87C,,2A1437B0-F125-5494-87FD-0C017030803C,,,,,,,,,,,,Seed,,,,,,,,,,FALSE
,DD68F5D5-574A-5056-8841-6CB4192055E7,SYNTHETIC — integrated V2 (fixed),,,,,9C3A1E5D-E37E-582C-AA7D-2B5A66957CB3,,,,,,SYN-MZ-00060,,,ACT,,,,,,,,,,,,,SYNTH_LINE_00060,,,,,,5E15A660-9170-5294-AD11-235411809B3A,,,,9C080BEA-58B3-5955-899C-A82B80FC6010,,34B5FF6F-7274-593C-87E1-927995CFB124,,,,,,,,,,,,Seed,,,,,,,,,,FALSE
,16FFFD30-47D9-5AA6-A381-643CA1A3FEF3,SYNTHETIC — integrated V2 (fixed),,,,,ECD00EBB-2D97-51BC-98EC-A9DC98EECF78,,,,,,SYN-MZ-00061,,,ACT,,,,,,,,,,,,,SYNTH_LINE_00061,,,,,,5E15A660-9170-5294-AD11-235411809B3A,,,,D73B18BC-2F05-5728-B1FF-84E53D28C696,,F9D9DAEC-EA8C-5465-B2EA-8CDE5F9DA69E,,,,,,,,,,,,Seed,,,,,,,,,,FALSE
,15913DBE-7013-549B-946D-3D6DA7AE3777,SYNTHETIC — integrated V2 (fixed),,,,,16301F92-F9B6-5863-83D7-AD86CA2B8A70,,,,,,SYN-MZ-00062,,,ACT,,,,,,,,,,,,,SYNTH_LINE_00062,,,,,,5E15A660-9170-5294-AD11-235411809B3A,,,,100650B7-E59A-5BEE-83EE-DD30A9B4CD6C,,86E15030-08AA-5269-8660-62DE113AF5EB,,,,,,,,,,,,Seed,,,,,,,,,,FALSE
,5EC7789B-6A39-584A-B525-208F59B83E86,SYNTHETIC — integrated V2 (fixed),,,,,1B5E6014-05DA-516C-9B9E-0D0A6F86BB54,,,,,,SYN-MZ-00063,,,ACT,,,,,,,,,,,,,SYNTH_LINE_00063,,,,,,5E15A660-9170-5294-AD11-235411809B3A,,,,2879308B-86A3-5968-B0BF-84A30463CCC9,,2A1437B0-F125-5494-87FD-0C017030803C,,,,,,,,,,,,Seed,,,,,,,,,,FALSE
,ECEDBC9C-312B-51DC-942B-9D9E32887D58,SYNTHETIC — integrated V2 (fixed),,,,,661A6861-9EEE-56EA-8109-40E4399FB0DF,,,,,,SYN-MZ-00064,,,ACT,,,,,,,,,,,,,SYNTH_LINE_00064,,,,,,5E15A660-9170-5294-AD11-235411809B3A,,,,E845B22C-257D-5E68-B09C-0116BA72A46B,,34B5FF6F-7274-593C-87E1-927995CFB124,,,,,,,,,,,,Seed,,,,,,,,,,FALSE
,AF23A561-1794-5CA1-B10C-3628EECCF466,SYNTHETIC — integrated V2 (fixed),,,,,F53007FA-04AD-5C1C-82C2-E2E7CE657501,,,,,,SYN-MZ-00065,,,ACT,,,,,,,,,,,,,SYNTH_LINE_00065,,,,,,5E15A660-9170-5294-AD11-235411809B3A,,,,5BFFB5C9-6323-5589-92CA-8DF061B616E4,,F9D9DAEC-EA8C-5465-B2EA-8CDE5F9DA69E,,,,,,,,,,,,Seed,,,,,,,,,,FALSE
,07784854-7BC7-5ECA-BDD4-CACF4FB75117,SYNTHETIC — integrated V2 (fixed),,,,,E0509DDE-469C-5D18-A48D-683A135CDBD3,,,,,,SYN-MZ-00066,,,ACT,,,,,,,,,,,,,SYNTH_LINE_00066,,,,,,5E15A660-9170-5294-AD11-235411809B3A,,,,9C1FEFE8-E1A7-5842-A997-14A8A4051F9A,,86E15030-08AA-5269-8660-62DE113AF5EB,,,,,,,,,,,,Seed,,,,,,,,,,FALSE
,13F23BCD-52EF-574F-ACC6-7AB94AFF9049,SYNTHETIC — integrated V2 (fixed),,,,,DF32EF4E-077E-50C6-81DB-A494BFEE277F,,,,,,SYN-MZ-00067,,,ACT,,,,,,,,,,,,,SYNTH_LINE_00067,,,,,,5E15A660-9170-5294-AD11-235411809B3A,,,,8E41A848-BFC2-508D-BA9D-4931AEF47E31,,2A1437B0-F125-5494-87FD-0C017030803C,,,,,,,,,,,,Seed,,,,,,,,,,FALSE
,97E544B0-E0F2-5A44-8A8C-DF6E49262D21,SYNTHETIC — integrated V2 (fixed),,,,,C8C76241-B000-5D85-8014-0A422DEA771F,,,,,,SYN-MZ-00068,,,ACT,,,,,,,,,,,,,SYNTH_LINE_00068,,,,,,5E15A660-9170-5294-AD11-235411809B3A,,,,70AF25E4-0F67-5489-A5DD-5A17D4B10608,,34B5FF6F-7274-593C-87E1-927995CFB124,,,,,,,,,,,,Seed,,,,,,,,,,FALSE
,30AE404E-D939-5FBD-8E73-82C169F926FA,SYNTHETIC — integrated V2 (fixed),,,,,04D7EAA4-9730-555F-B3B8-E7CE3AFF2CD1,,,,,,SYN-MZ-00069,,,ACT,,,,,,,,,,,,,SYNTH_LINE_00069,,,,,,5E15A660-9170-5294-AD11-235411809B3A,,,,2ADEFFDE-F3D5-56BA-824D-7B4466A82355,,F9D9DAEC-EA8C-5465-B2EA-8CDE5F9DA69E,,,,,,,,,,,,Seed,,,,,,,,,,FALSE
,1BC27665-96A3-5886-8EDB-570805D8AC2B,SYNTHETIC — integrated V2 (fixed),,,,,416FB2A5-0D9E-53FD-9082-32DA0AEC8C47,,,,,,SYN-MZ-00070,,,ACT,,,,,,,,,,,,,SYNTH_LINE_00070,,,,,,5E15A660-9170-5294-AD11-235411809B3A,,,,8BC8C8A0-BE6F-515B-8EFD-69BED6C44D2D,,86E15030-08AA-5269-8660-62DE113AF5EB,,,,,,,,,,,,Seed,,,,,,,,,,FALSE
,03DE83EF-F14A-5D54-A2FD-1A335C2D63BE,SYNTHETIC — integrated V2 (fixed),,,,,6B2F0819-BE19-5240-837F-87B4A7380EC4,,,,,,SYN-MZ-00071,,,ACT,,,,,,,,,,,,,SYNTH_LINE_00071,,,,,,5E15A660-9170-5294-AD11-235411809B3A,,,,B652F00F-C46E-5184-92BD-4B57CD0DABB8,,2A1437B0-F125-5494-87FD-0C017030803C,,,,,,,,,,,,Seed,,,,,,,,,,FALSE
,F2879B3F-447F-597F-B8D9-0CBF58C47571,SYNTHETIC — integrated V2 (fixed),,,,,C324CEE2-BEE6-5EDB-A3EC-9695A8BA506A,,,,,,SYN-MZ-00072,,,ACT,,,,,,,,,,,,,SYNTH_LINE_00072,,,,,,5E15A660-9170-5294-AD11-235411809B3A,,,,59A587CA-9737-5992-895D-866A539A968A,,34B5FF6F-7274-593C-87E1-927995CFB124,,,,,,,,,,,,Seed,,,,,,,,,,FALSE
,82E89912-889D-5A64-81E0-285A66F4F551,SYNTHETIC — integrated V2 (fixed),,,,,F4DB6ECC-70A8-55DD-8D2A-E8CDBCD75DF1,,,,,,SYN-MZ-00073,,,ACT,,,,,,,,,,,,,SYNTH_LINE_00073,,,,,,5E15A660-9170-5294-AD11-235411809B3A,,,,7CF86BEC-019D-588D-B6A7-41A33635C7E4,,F9D9DAEC-EA8C-5465-B2EA-8CDE5F9DA69E,,,,,,,,,,,,Seed,,,,,,,,,,FALSE
,B518C2FF-B887-551B-A7F9-1C0EE751CFCF,SYNTHETIC — integrated V2 (fixed),,,,,87D00621-20AE-530C-BECE-986F63B3D191,,,,,,SYN-MZ-00074,,,ACT,,,,,,,,,,,,,SYNTH_LINE_00074,,,,,,5E15A660-9170-5294-AD11-235411809B3A,,,,1C9F07B6-613B-529B-8C52-EAF4333ABA89,,86E15030-08AA-5269-8660-62DE113AF5EB,,,,,,,,,,,,Seed,,,,,,,,,,FALSE
,3B5928D4-F434-5749-A27B-AB4C1BAB75E5,SYNTHETIC — integrated V2 (fixed),,,,,95ABDB3D-AF6C-5014-8A2A-0137FF6C4314,,,,,,SYN-MZ-00075,,,ACT,,,,,,,,,,,,,SYNTH_LINE_00075,,,,,,5E15A660-9170-5294-AD11-235411809B3A,,,,0A0F81AF-E14A-5ECC-BD33-62F605318614,,2A1437B0-F125-5494-87FD-0C017030803C,,,,,,,,,,,,Seed,,,,,,,,,,FALSE
,937A167C-CBC9-54DF-9EB1-DFD136CAD1D1,SYNTHETIC — integrated V2 (fixed),,,,,3356B829-BE65-5F1B-B1F2-68953CB686B5,,,,,,SYN-MZ-00076,,,ACT,,,,,,,,,,,,,SYNTH_LINE_00076,,,,,,5E15A660-9170-5294-AD11-235411809B3A,,,,E22AE880-59FB-590B-9290-17230A655067,,34B5FF6F-7274-593C-87E1-927995CFB124,,,,,,,,,,,,Seed,,,,,,,,,,FALSE
,762C94BB-F99F-58F7-AA2E-115A876D1499,SYNTHETIC — integrated V2 (fixed),,,,,B7747F1D-25DA-5ED6-86BA-F4D6E76FA35C,,,,,,SYN-MZ-00077,,,ACT,,,,,,,,,,,,,SYNTH_LINE_00077,,,,,,5E15A660-9170-5294-AD11-235411809B3A,,,,B18114BC-814C-5544-AF1A-28CF81E90A70,,F9D9DAEC-EA8C-5465-B2EA-8CDE5F9DA69E,,,,,,,,,,,,Seed,,,,,,,,,,FALSE
,E222D60A-6B36-51B3-8397-D5CF6C5572CF,SYNTHETIC — integrated V2 (fixed),,,,,C333724C-C448-5EBC-B0B8-00A6ACA024FE,,,,,,SYN-MZ-00078,,,ACT,,,,,,,,,,,,,SYNTH_LINE_00078,,,,,,5E15A660-9170-5294-AD11-235411809B3A,,,,C08400B5-9093-5B51-AF0D-94A97BBEFC3E,,86E15030-08AA-5269-8660-62DE113AF5EB,,,,,,,,,,,,Seed,,,,,,,,,,FALSE
,647685C4-BD16-5B05-BF48-224E90967B1C,SYNTHETIC — integrated V2 (fixed),,,,,EE8CB849-9B79-54AC-A0B0-E646719A68A2,,,,,,SYN-MZ-00079,,,ACT,,,,,,,,,,,,,SYNTH_LINE_00079,,,,,,5E15A660-9170-5294-AD11-235411809B3A,,,,A2B5D47C-AAB1-5A3A-B84F-2EDE73EA817A,,2A1437B0-F125-5494-87FD-0C017030803C,,,,,,,,,,,,Seed,,,,,,,,,,FALSE
,AC374E79-DCC5-5449-BA1A-E2E8A323C8B3,SYNTHETIC — integrated V2 (fixed),,,,,DA9FA8E5-0419-5AEB-9DAD-FB0FEFDB626A,,,,,,SYN-MZ-00080,,,ACT,,,,,,,,,,,,,SYNTH_LINE_00080,,,,,,5E15A660-9170-5294-AD11-235411809B3A,,,,71A77D0E-B25C-56CB-BFAF-953822CEADCE,,34B5FF6F-7274-593C-87E1-927995CFB124,,,,,,,,,,,,Seed,,,,,,,,,,FALSE
,B13508E2-8CB0-595E-803A-083438893C79,SYNTHETIC — integrated V2 (fixed),,,,,E94146E7-2D82-5636-853D-B0646138E827,,,,,,SYN-MZ-00081,,,ACT,,,,,,,,,,,,,SYNTH_LINE_00081,,,,,,5E15A660-9170-5294-AD11-235411809B3A,,,,86C34F54-F6F3-5C7F-B5AB-DC1EBAC38D98,,F9D9DAEC-EA8C-5465-B2EA-8CDE5F9DA69E,,,,,,,,,,,,Seed,,,,,,,,,,FALSE
,53D0944B-7E8C-523D-AD45-43CF3C0E1ECC,SYNTHETIC — integrated V2 (fixed),,,,,9AE07DE9-439F-5447-900A-60038B27E690,,,,,,SYN-MZ-00082,,,ACT,,,,,,,,,,,,,SYNTH_LINE_00082,,,,,,5E15A660-9170-5294-AD11-235411809B3A,,,,9B400198-C2C9-5D20-869A-D523BD6860BF,,86E15030-08AA-5269-8660-62DE113AF5EB,,,,,,,,,,,,Seed,,,,,,,,,,FALSE
,1776443C-40AD-5505-8CE0-36F14142D18C,SYNTHETIC — integrated V2 (fixed),,,,,8996BC47-4653-585E-A87B-B05CB730E3C1,,,,,,SYN-MZ-00083,,,ACT,,,,,,,,,,,,,SYNTH_LINE_00083,,,,,,5E15A660-9170-5294-AD11-235411809B3A,,,,44E0C8CC-470F-5149-91E1-6FD66B876DE6,,2A1437B0-F125-5494-87FD-0C017030803C,,,,,,,,,,,,Seed,,,,,,,,,,FALSE
,8940668C-190D-5BCB-95FD-A9FCAD3A0A50,SYNTHETIC — integrated V2 (fixed),,,,,1827587C-080D-5A26-9633-E4723F4B0CEA,,,,,,SYN-MZ-00084,,,ACT,,,,,,,,,,,,,SYNTH_LINE_00084,,,,,,5E15A660-9170-5294-AD11-235411809B3A,,,,38E3BDCE-DA4B-583F-94E5-BD10EF104C07,,34B5FF6F-7274-593C-87E1-927995CFB124,,,,,,,,,,,,Seed,,,,,,,,,,FALSE
,1DF480F4-4F01-5A4A-A0FE-B2851472B411,SYNTHETIC — integrated V2 (fixed),,,,,FE7627BB-EB3A-5A37-8E12-58C7812941B6,,,,,,SYN-MZ-00085,,,ACT,,,,,,,,,,,,,SYNTH_LINE_00085,,,,,,5E15A660-9170-5294-AD11-235411809B3A,,,,57BF288D-E4D6-55F1-AD64-977D8D218B9E,,F9D9DAEC-EA8C-5465-B2EA-8CDE5F9DA69E,,,,,,,,,,,,Seed,,,,,,,,,,FALSE
,7E96F35C-0C2F-54B8-98B1-52354D151D67,SYNTHETIC — integrated V2 (fixed),,,,,015C76D4-4129-5D75-883E-08D3489FAACD,,,,,,SYN-MZ-00086,,,ACT,,,,,,,,,,,,,SYNTH_LINE_00086,,,,,,5E15A660-9170-5294-AD11-235411809B3A,,,,14511F2E-C55A-53A3-A249-77D19F4AFC98,,86E15030-08AA-5269-8660-62DE113AF5EB,,,,,,,,,,,,Seed,,,,,,,,,,FALSE
,2866BB0A-D294-5C24-99D2-7179D7D8364C,SYNTHETIC — integrated V2 (fixed),,,,,D09AB310-64B2-5FD7-9735-AD26BC3C8FA7,,,,,,SYN-MZ-00087,,,ACT,,,,,,,,,,,,,SYNTH_LINE_00087,,,,,,5E15A660-9170-5294-AD11-235411809B3A,,,,28006943-A98F-5006-BA18-ADAF39640806,,2A1437B0-F125-5494-87FD-0C017030803C,,,,,,,,,,,,Seed,,,,,,,,,,FALSE
,70C5D805-8AAC-56F1-99F0-208C9D1DBBB6,SYNTHETIC — integrated V2 (fixed),,,,,1A4EFB2F-A34E-5168-8E25-BD7ACE398D9C,,,,,,SYN-MZ-00088,,,ACT,,,,,,,,,,,,,SYNTH_LINE_00088,,,,,,5E15A660-9170-5294-AD11-235411809B3A,,,,7F179CE3-AED3-507F-A57A-FF339E6B989A,,34B5FF6F-7274-593C-87E1-927995CFB124,,,,,,,,,,,,Seed,,,,,,,,,,FALSE
,33C68A96-F0D2-56B2-8383-F0E7C98CEDFB,SYNTHETIC — integrated V2 (fixed),,,,,31301753-CB84-5FFA-A382-9AE16FBEF283,,,,,,SYN-MZ-00089,,,ACT,,,,,,,,,,,,,SYNTH_LINE_00089,,,,,,5E15A660-9170-5294-AD11-235411809B3A,,,,E1B817A9-D5E1-5D7F-88DD-256773FBF36B,,F9D9DAEC-EA8C-5465-B2EA-8CDE5F9DA69E,,,,,,,,,,,,Seed,,,,,,,,,,FALSE
,30A919A5-B07D-5B43-8FFC-C5BB2E05CDD2,SYNTHETIC — integrated V2 (fixed),,,,,3EAAA953-CE4E-5E52-97CD-8FB57D2175D2,,,,,,SYN-MZ-00090,,,ACT,,,,,,,,,,,,,SYNTH_LINE_00090,,,,,,5E15A660-9170-5294-AD11-235411809B3A,,,,B228A2DF-B93B-5CA7-9511-37F09A92F43A,,86E15030-08AA-5269-8660-62DE113AF5EB,,,,,,,,,,,,Seed,,,,,,,,,,FALSE
,0FC9E8DF-2F7A-5B37-96BC-8768551066DE,SYNTHETIC — integrated V2 (fixed),,,,,F6B629CD-A0EC-5230-90EC-3AEC28B8E263,,,,,,SYN-MZ-00091,,,ACT,,,,,,,,,,,,,SYNTH_LINE_00091,,,,,,5E15A660-9170-5294-AD11-235411809B3A,,,,560009AB-8589-56CF-97AA-C9F74B83680D,,2A1437B0-F125-5494-87FD-0C017030803C,,,,,,,,,,,,Seed,,,,,,,,,,FALSE
,940880BA-AB7B-5C5E-BE24-71B87B5D25BE,SYNTHETIC — integrated V2 (fixed),,,,,CB52572B-0F6E-545C-A971-FA7A38BA993B,,,,,,SYN-MZ-00092,,,ACT,,,,,,,,,,,,,SYNTH_LINE_00092,,,,,,5E15A660-9170-5294-AD11-235411809B3A,,,,88BBC5DD-3D8B-5482-A078-C3CE33FDB830,,34B5FF6F-7274-593C-87E1-927995CFB124,,,,,,,,,,,,Seed,,,,,,,,,,FALSE
,2C6AA0B0-74B8-5881-AF7F-A0E4DC68084E,SYNTHETIC — integrated V2 (fixed),,,,,7128663D-A45B-560A-8A65-C0E3161B62EA,,,,,,SYN-MZ-00093,,,ACT,,,,,,,,,,,,,SYNTH_LINE_00093,,,,,,5E15A660-9170-5294-AD11-235411809B3A,,,,2D66B759-5A3A-51B1-AAEB-0369F8A7E985,,F9D9DAEC-EA8C-5465-B2EA-8CDE5F9DA69E,,,,,,,,,,,,Seed,,,,,,,,,,FALSE
,379AF3A2-F022-5112-8FBC-475F91FA6D97,SYNTHETIC — integrated V2 (fixed),,,,,7E490FE3-B3DA-53C3-86FE-1972B1B6146D,,,,,,SYN-MZ-00094,,,ACT,,,,,,,,,,,,,SYNTH_LINE_00094,,,,,,5E15A660-9170-5294-AD11-235411809B3A,,,,6445A398-0540-5433-882E-1EB2B2A4E52D,,86E15030-08AA-5269-8660-62DE113AF5EB,,,,,,,,,,,,Seed,,,,,,,,,,FALSE
,4265656C-7A38-5B04-870F-0382345E46B7,SYNTHETIC — integrated V2 (fixed),,,,,768D7C30-A9EB-551B-BABF-DF571D796274,,,,,,SYN-MZ-00095,,,ACT,,,,,,,,,,,,,SYNTH_LINE_00095,,,,,,5E15A660-9170-5294-AD11-235411809B3A,,,,DEF50116-90EA-580D-AECD-7F550260D319,,2A1437B0-F125-5494-87FD-0C017030803C,,,,,,,,,,,,Seed,,,,,,,,,,FALSE
,7B87D561-B90D-5BFD-97D7-06E49347CFC4,SYNTHETIC — integrated V2 (fixed),,,,,F96C929E-9742-53BB-8CD4-7AC6817D4ABE,,,,,,SYN-MZ-00096,,,ACT,,,,,,,,,,,,,SYNTH_LINE_00096,,,,,,5E15A660-9170-5294-AD11-235411809B3A,,,,63D489B2-4FC9-5864-9C82-84CF619778DA,,34B5FF6F-7274-593C-87E1-927995CFB124,,,,,,,,,,,,Seed,,,,,,,,,,FALSE
,80342D18-DE48-5965-9D36-F804CFB33A6A,SYNTHETIC — integrated V2 (fixed),,,,,2686665D-DC28-5860-9B6C-A59E9A87B2EC,,,,,,SYN-MZ-00097,,,ACT,,,,,,,,,,,,,SYNTH_LINE_00097,,,,,,5E15A660-9170-5294-AD11-235411809B3A,,,,A54E24D1-EA62-5E09-9497-AA3AB5EFD2B1,,F9D9DAEC-EA8C-5465-B2EA-8CDE5F9DA69E,,,,,,,,,,,,Seed,,,,,,,,,,FALSE
,E4649EAD-58A5-57C7-8B46-6215401FFEE3,SYNTHETIC — integrated V2 (fixed),,,,,360B3A6D-4C08-5664-B2C6-C9EEF6936823,,,,,,SYN-MZ-00098,,,ACT,,,,,,,,,,,,,SYNTH_LINE_00098,,,,,,5E15A660-9170-5294-AD11-235411809B3A,,,,421796FC-0DE5-5847-8159-DF5F6DC482C3,,86E15030-08AA-5269-8660-62DE113AF5EB,,,,,,,,,,,,Seed,,,,,,,,,,FALSE
,EB3CC5B4-5306-5D95-8FC0-A6D315636DAC,SYNTHETIC — integrated V2 (fixed),,,,,351036F9-04E3-585C-9456-36D848F1BB94,,,,,,SYN-MZ-00099,,,ACT,,,,,,,,,,,,,SYNTH_LINE_00099,,,,,,5E15A660-9170-5294-AD11-235411809B3A,,,,E18DC7B9-2F2D-559A-97D9-D0F120A9B13D,,2A1437B0-F125-5494-87FD-0C017030803C,,,,,,,,,,,,Seed,,,,,,,,,,FALSE
,304B66ED-814D-55CC-98B7-61DD44128E03,SYNTHETIC — integrated V2 (fixed),,,,,48CB0E34-C7A7-538C-8D77-97A0FBD456BE,,,,,,SYN-MZ-00100,,,ACT,,,,,,,,,,,,,SYNTH_LINE_00100,,,,,,5E15A660-9170-5294-AD11-235411809B3A,,,,39C836AE-098A-5751-9FC2-952ACF74358C,,34B5FF6F-7274-593C-87E1-927995CFB124,,,,,,,,,,,,Seed,,,,,,,,,,FALSE
,DA447553-1807-5120-B084-80712E4595A5,SYNTHETIC — integrated V2 (fixed),,,,,26777735-0273-5D09-AE09-7A27433E1312,,,,,,SYN-MZ-00101,,,ACT,,,,,,,,,,,,,SYNTH_LINE_00101,,,,,,5E15A660-9170-5294-AD11-235411809B3A,,,,C5E5383E-0C9E-5200-8E84-88C6685147BC,,F9D9DAEC-EA8C-5465-B2EA-8CDE5F9DA69E,,,,,,,,,,,,Seed,,,,,,,,,,FALSE
,3AD75EC5-AEFA-5A56-9854-25EA1D3F7092,SYNTHETIC — integrated V2 (fixed),,,,,AE07BAFA-2B8A-5B92-8E8F-04B0AAB99D3B,,,,,,SYN-MZ-00102,,,ACT,,,,,,,,,,,,,SYNTH_LINE_00102,,,,,,5E15A660-9170-5294-AD11-235411809B3A,,,,27EE5180-D8E8-5CA3-8DB4-3AF3EFEC9029,,86E15030-08AA-5269-8660-62DE113AF5EB,,,,,,,,,,,,Seed,,,,,,,,,,FALSE
,893B46A8-3095-5888-954B-596DEA00AEF0,SYNTHETIC — integrated V2 (fixed),,,,,4F193F9B-66F9-527C-8365-D23FDFC3495E,,,,,,SYN-MZ-00103,,,ACT,,,,,,,,,,,,,SYNTH_LINE_00103,,,,,,5E15A660-9170-5294-AD11-235411809B3A,,,,022B1E6E-2006-5BC7-97EF-4EBCD4A9B992,,2A1437B0-F125-5494-87FD-0C017030803C,,,,,,,,,,,,Seed,,,,,,,,,,FALSE
,CF983439-B3D6-5D22-A07F-DA09F8FB30E3,SYNTHETIC — integrated V2 (fixed),,,,,04638F79-4B07-5225-9929-72D7B37F25D4,,,,,,SYN-MZ-00104,,,ACT,,,,,,,,,,,,,SYNTH_LINE_00104,,,,,,5E15A660-9170-5294-AD11-235411809B3A,,,,B3F3DD79-2129-5419-8D94-0B6D52C1CDC8,,34B5FF6F-7274-593C-87E1-927995CFB124,,,,,,,,,,,,Seed,,,,,,,,,,FALSE
,40E15A0B-137C-5F72-A21C-478860954756,SYNTHETIC — integrated V2 (fixed),,,,,BF429E57-0B14-5568-B28D-69E63D2B103C,,,,,,SYN-MZ-00105,,,ACT,,,,,,,,,,,,,SYNTH_LINE_00105,,,,,,5E15A660-9170-5294-AD11-235411809B3A,,,,04CD1133-8C60-5101-8F3E-ADBA502C01F0,,F9D9DAEC-EA8C-5465-B2EA-8CDE5F9DA69E,,,,,,,,,,,,Seed,,,,,,,,,,FALSE
,D31D0B3A-9906-504E-8B88-BA3A51BD3F4E,SYNTHETIC — integrated V2 (fixed),,,,,E21E5BCD-AD43-5091-9976-859D494C2A12,,,,,,SYN-MZ-00106,,,ACT,,,,,,,,,,,,,SYNTH_LINE_00106,,,,,,5E15A660-9170-5294-AD11-235411809B3A,,,,FD22BA8F-4637-5295-8AAF-951FD922193F,,86E15030-08AA-5269-8660-62DE113AF5EB,,,,,,,,,,,,Seed,,,,,,,,,,FALSE
,6CAF66B9-5911-548A-9CD3-402E210E39DF,SYNTHETIC — integrated V2 (fixed),,,,,DF6DD93A-AB37-5CA3-9967-70731A37E93E,,,,,,SYN-MZ-00107,,,ACT,,,,,,,,,,,,,SYNTH_LINE_00107,,,,,,5E15A660-9170-5294-AD11-235411809B3A,,,,7CC60BDE-BC29-5DD6-B13B-09D0FFEDB0EE,,2A1437B0-F125-5494-87FD-0C017030803C,,,,,,,,,,,,Seed,,,,,,,,,,FALSE
,7BFD7ED8-D740-54E9-9E9D-89E766C468ED,SYNTHETIC — integrated V2 (fixed),,,,,3B865F64-6613-5A46-A087-C99FEB811407,,,,,,SYN-MZ-00108,,,ACT,,,,,,,,,,,,,SYNTH_LINE_00108,,,,,,5E15A660-9170-5294-AD11-235411809B3A,,,,874654E6-EA18-525F-AE71-43F71AC00ED3,,34B5FF6F-7274-593C-87E1-927995CFB124,,,,,,,,,,,,Seed,,,,,,,,,,FALSE
,4496507C-64F4-593E-B7C9-34EC243D266E,SYNTHETIC — integrated V2 (fixed),,,,,45D8C3FF-FD24-5839-BF7B-DD6A99B7A33C,,,,,,SYN-MZ-00109,,,ACT,,,,,,,,,,,,,SYNTH_LINE_00109,,,,,,5E15A660-9170-5294-AD11-235411809B3A,,,,E12A6604-BFD5-5898-9756-A07176D3F2E2,,F9D9DAEC-EA8C-5465-B2EA-8CDE5F9DA69E,,,,,,,,,,,,Seed,,,,,,,,,,FALSE
,0A8854E8-E6EA-5138-8958-FCD031174CF5,SYNTHETIC — integrated V2 (fixed),,,,,FCC19640-1809-5DCC-AB32-76FE187626FC,,,,,,SYN-MZ-00110,,,ACT,,,,,,,,,,,,,SYNTH_LINE_00110,,,,,,5E15A660-9170-5294-AD11-235411809B3A,,,,54FE89E4-7F5C-5675-B2E2-8E0CA6208BA2,,86E15030-08AA-5269-8660-62DE113AF5EB,,,,,,,,,,,,Seed,,,,,,,,,,FALSE
,E7D39DA7-7E5D-57F9-9DDB-1CF3E505EFB5,SYNTHETIC — integrated V2 (fixed),,,,,5F707720-FF1B-560E-8F9F-599D8213F517,,,,,,SYN-MZ-00111,,,ACT,,,,,,,,,,,,,SYNTH_LINE_00111,,,,,,5E15A660-9170-5294-AD11-235411809B3A,,,,53055F81-204D-5C2D-B558-E59A44560B85,,2A1437B0-F125-5494-87FD-0C017030803C,,,,,,,,,,,,Seed,,,,,,,,,,FALSE
,99337C26-0663-56BF-961D-4B45304F60CB,SYNTHETIC — integrated V2 (fixed),,,,,BEB14847-4358-55A6-83C0-34FACD070BDD,,,,,,SYN-MZ-00112,,,ACT,,,,,,,,,,,,,SYNTH_LINE_00112,,,,,,5E15A660-9170-5294-AD11-235411809B3A,,,,ECA104CF-51B0-5AB1-A712-C143FF18378C,,34B5FF6F-7274-593C-87E1-927995CFB124,,,,,,,,,,,,Seed,,,,,,,,,,FALSE
,0A671382-D5A5-5B91-99A7-A870223273AB,SYNTHETIC — integrated V2 (fixed),,,,,2E5CC36D-120A-5B22-B51E-CA3CCE92AACB,,,,,,SYN-MZ-00113,,,ACT,,,,,,,,,,,,,SYNTH_LINE_00113,,,,,,5E15A660-9170-5294-AD11-235411809B3A,,,,59D06984-992D-5832-A7B4-E97AEBC5E765,,F9D9DAEC-EA8C-5465-B2EA-8CDE5F9DA69E,,,,,,,,,,,,Seed,,,,,,,,,,FALSE
,EA1A8089-DDED-5385-9EA5-239A2F522931,SYNTHETIC — integrated V2 (fixed),,,,,A25178C1-0DA2-56C9-874F-5EEBF3DEB634,,,,,,SYN-MZ-00114,,,ACT,,,,,,,,,,,,,SYNTH_LINE_00114,,,,,,5E15A660-9170-5294-AD11-235411809B3A,,,,942B0140-5E12-54EC-B2C8-FF0B1268816B,,86E15030-08AA-5269-8660-62DE113AF5EB,,,,,,,,,,,,Seed,,,,,,,,,,FALSE
,D548B0A8-3654-59DE-87E2-E8729F9D0F8C,SYNTHETIC — integrated V2 (fixed),,,,,2468ED54-D6A8-5CEB-BD3F-C1DE8C0BC82D,,,,,,SYN-MZ-00115,,,ACT,,,,,,,,,,,,,SYNTH_LINE_00115,,,,,,5E15A660-9170-5294-AD11-235411809B3A,,,,AFA34171-5D05-57E3-A44C-4F63B162F0D3,,2A1437B0-F125-5494-87FD-0C017030803C,,,,,,,,,,,,Seed,,,,,,,,,,FALSE
,9836AEB1-465F-5BDA-85AD-80E64BABEB25,SYNTHETIC — integrated V2 (fixed),,,,,05B0E8FC-D811-5E3B-A843-E7F801C0A71D,,,,,,SYN-MZ-00116,,,ACT,,,,,,,,,,,,,SYNTH_LINE_00116,,,,,,5E15A660-9170-5294-AD11-235411809B3A,,,,DBC81B2B-11E8-5B6B-8BD5-88A3D29D7E93,,34B5FF6F-7274-593C-87E1-927995CFB124,,,,,,,,,,,,Seed,,,,,,,,,,FALSE
,D24220FC-041B-5AE7-8248-88C18C7CFFA0,SYNTHETIC — integrated V2 (fixed),,,,,BC5E4E1A-F5DB-53F3-B9F7-DB5191ED4EE0,,,,,,SYN-MZ-00117,,,ACT,,,,,,,,,,,,,SYNTH_LINE_00117,,,,,,5E15A660-9170-5294-AD11-235411809B3A,,,,4DA8C664-E8BC-57D9-8389-DBE523A43F0F,,F9D9DAEC-EA8C-5465-B2EA-8CDE5F9DA69E,,,,,,,,,,,,Seed,,,,,,,,,,FALSE
,F288242F-5737-58C8-88E2-064D25869916,SYNTHETIC — integrated V2 (fixed),,,,,91D8E197-4C2A-52AE-9ACD-3565F02CFCE6,,,,,,SYN-MZ-00118,,,ACT,,,,,,,,,,,,,SYNTH_LINE_00118,,,,,,5E15A660-9170-5294-AD11-235411809B3A,,,,0A4A0093-B84C-5DF4-8809-E79309F5BFF2,,86E15030-08AA-5269-8660-62DE113AF5EB,,,,,,,,,,,,Seed,,,,,,,,,,FALSE
,CABD4F18-9788-5897-9751-A7B474D482E3,SYNTHETIC — integrated V2 (fixed),,,,,95E26EFE-5D0B-57FD-B8AC-DCA7803429AD,,,,,,SYN-MZ-00119,,,ACT,,,,,,,,,,,,,SYNTH_LINE_00119,,,,,,5E15A660-9170-5294-AD11-235411809B3A,,,,482EDB3F-72C9-5A74-93D0-9D74670D19B7,,2A1437B0-F125-5494-87FD-0C017030803C,,,,,,,,,,,,Seed,,,,,,,,,,FALSE
,6EA50459-A971-5271-BBBC-46B5E2E45F2F,SYNTHETIC — integrated V2 (fixed),,,,,9284CA46-FECA-5046-90E8-29F70DF49A2F,,,,,,SYN-MZ-00120,,,ACT,,,,,,,,,,,,,SYNTH_LINE_00120,,,,,,5E15A660-9170-5294-AD11-235411809B3A,,,,4B9C83B0-D58B-5167-BF37-95A80D7B299F,,34B5FF6F-7274-593C-87E1-927995CFB124,,,,,,,,,,,,Seed,,,,,,,,,,FALSE
,4E026AB5-7BF0-56A0-9A72-D0B70F1FA056,SYNTHETIC — integrated V2 (fixed),,,,,47DED13A-AB56-5DAD-9280-035978ACB822,,,,,,SYN-MZ-00121,,,ACT,,,,,,,,,,,,,SYNTH_LINE_00121,,,,,,5E15A660-9170-5294-AD11-235411809B3A,,,,48C9E70C-3B65-5F3E-A8BF-CDEF21C8A5F9,,F9D9DAEC-EA8C-5465-B2EA-8CDE5F9DA69E,,,,,,,,,,,,Seed,,,,,,,,,,FALSE
,B4D65658-99B8-5007-8181-CB57FABF1A6A,SYNTHETIC — integrated V2 (fixed),,,,,9DCA5FD8-D856-5646-85D2-72EA9A56922C,,,,,,SYN-MZ-00122,,,ACT,,,,,,,,,,,,,SYNTH_LINE_00122,,,,,,5E15A660-9170-5294-AD11-235411809B3A,,,,C93866EE-7E60-575E-B846-DD22AC2C28A6,,86E15030-08AA-5269-8660-62DE113AF5EB,,,,,,,,,,,,Seed,,,,,,,,,,FALSE
,EF6A4ED1-3F26-5D92-87D7-851E6A84CE9E,SYNTHETIC — integrated V2 (fixed),,,,,862330AF-1005-5D90-A4A3-38874973DA28,,,,,,SYN-MZ-00123,,,ACT,,,,,,,,,,,,,SYNTH_LINE_00123,,,,,,5E15A660-9170-5294-AD11-235411809B3A,,,,BAE9326E-BF88-5CB9-94A4-04CDDA8A3ABD,,2A1437B0-F125-5494-87FD-0C017030803C,,,,,,,,,,,,Seed,,,,,,,,,,FALSE
,B0670171-6745-5AD1-B294-0798F9335903,SYNTHETIC — integrated V2 (fixed),,,,,BA74A293-C505-5CC2-BCC4-8F7B5DA91E5E,,,,,,SYN-MZ-00124,,,ACT,,,,,,,,,,,,,SYNTH_LINE_00124,,,,,,5E15A660-9170-5294-AD11-235411809B3A,,,,732BB1CF-1558-5CF2-AD95-C04DD45267A5,,34B5FF6F-7274-593C-87E1-927995CFB124,,,,,,,,,,,,Seed,,,,,,,,,,FALSE
,B1D28754-3CDD-55F8-B8B1-CC2BD54CBC86,SYNTHETIC — integrated V2 (fixed),,,,,A63CBDC5-65EB-546B-8904-DA897C54448F,,,,,,SYN-MZ-00125,,,ACT,,,,,,,,,,,,,SYNTH_LINE_00125,,,,,,5E15A660-9170-5294-AD11-235411809B3A,,,,8D6BAF91-F772-5A7E-8E92-4DDE50D3761A,,F9D9DAEC-EA8C-5465-B2EA-8CDE5F9DA69E,,,,,,,,,,,,Seed,,,,,,,,,,FALSE
,73D01A3C-D183-58B5-B11D-D2CD40EA1852,SYNTHETIC — integrated V2 (fixed),,,,,306896D9-F598-5C2C-9045-ADE29E3EC159,,,,,,SYN-MZ-00126,,,ACT,,,,,,,,,,,,,SYNTH_LINE_00126,,,,,,5E15A660-9170-5294-AD11-235411809B3A,,,,90373407-F778-5F82-93C3-A6B44EC69D72,,86E15030-08AA-5269-8660-62DE113AF5EB,,,,,,,,,,,,Seed,,,,,,,,,,FALSE
,A8461C6C-7A4F-54DE-9B92-9F215036C45E,SYNTHETIC — integrated V2 (fixed),,,,,22E1EBCD-B971-5620-A5AA-1777D6269637,,,,,,SYN-MZ-00127,,,ACT,,,,,,,,,,,,,SYNTH_LINE_00127,,,,,,5E15A660-9170-5294-AD11-235411809B3A,,,,1BE36F9D-32F7-5449-951D-4D648959E6CF,,2A1437B0-F125-5494-87FD-0C017030803C,,,,,,,,,,,,Seed,,,,,,,,,,FALSE
,8040C400-F38F-5834-98D2-13FDFCC541BF,SYNTHETIC — integrated V2 (fixed),,,,,DB068645-3B57-594D-8EB5-8F16419FC938,,,,,,SYN-MZ-00128,,,ACT,,,,,,,,,,,,,SYNTH_LINE_00128,,,,,,5E15A660-9170-5294-AD11-235411809B3A,,,,A4B7F21A-8CF4-5C2A-8CD2-0A43737DCFE1,,34B5FF6F-7274-593C-87E1-927995CFB124,,,,,,,,,,,,Seed,,,,,,,,,,FALSE
,429606DB-8ABE-5CFA-9D27-93EF31C370D5,SYNTHETIC — integrated V2 (fixed),,,,,F25E41EE-14D0-5673-9F5D-AE64DCFC8442,,,,,,SYN-MZ-00129,,,ACT,,,,,,,,,,,,,SYNTH_LINE_00129,,,,,,5E15A660-9170-5294-AD11-235411809B3A,,,,950ADA4C-DB16-5370-9EFE-36D60657A942,,F9D9DAEC-EA8C-5465-B2EA-8CDE5F9DA69E,,,,,,,,,,,,Seed,,,,,,,,,,FALSE
,C9E8677D-E4B2-5B43-9A17-030646404FA5,SYNTHETIC — integrated V2 (fixed),,,,,F4A7BAC2-00BD-53F7-9854-4B89D48BAC06,,,,,,SYN-MZ-00130,,,ACT,,,,,,,,,,,,,SYNTH_LINE_00130,,,,,,5E15A660-9170-5294-AD11-235411809B3A,,,,394EFEA6-4B4C-5A34-82E0-D813CAE5EBE0,,86E15030-08AA-5269-8660-62DE113AF5EB,,,,,,,,,,,,Seed,,,,,,,,,,FALSE
,A94988AC-50A4-515D-98DA-190B0706A5F6,SYNTHETIC — integrated V2 (fixed),,,,,ACF53692-0926-58A3-B752-4CDD4A912474,,,,,,SYN-MZ-00131,,,ACT,,,,,,,,,,,,,SYNTH_LINE_00131,,,,,,5E15A660-9170-5294-AD11-235411809B3A,,,,83A7A797-D9D2-542E-99AE-6EABB2F754E6,,2A1437B0-F125-5494-87FD-0C017030803C,,,,,,,,,,,,Seed,,,,,,,,,,FALSE
,EA9989C2-8AE1-5B6E-ABAA-9267432935A7,SYNTHETIC — integrated V2 (fixed),,,,,98777D3C-D09D-50C6-9BBF-3E318240B2D6,,,,,,SYN-MZ-00132,,,ACT,,,,,,,,,,,,,SYNTH_LINE_00132,,,,,,5E15A660-9170-5294-AD11-235411809B3A,,,,323BD139-AE9A-5AFB-8289-7D3507960B67,,34B5FF6F-7274-593C-87E1-927995CFB124,,,,,,,,,,,,Seed,,,,,,,,,,FALSE
,4FF93F22-1CD9-5FC7-BB9E-3A854E35348C,SYNTHETIC — integrated V2 (fixed),,,,,55AD7E9F-DEC2-564D-9161-22BF9A228B31,,,,,,SYN-MZ-00133,,,ACT,,,,,,,,,,,,,SYNTH_LINE_00133,,,,,,5E15A660-9170-5294-AD11-235411809B3A,,,,C75CE7C4-B434-5AC0-8B6F-93CBCCD87868,,F9D9DAEC-EA8C-5465-B2EA-8CDE5F9DA69E,,,,,,,,,,,,Seed,,,,,,,,,,FALSE
,2C90876A-3033-52FD-A2B0-D7957122C89B,SYNTHETIC — integrated V2 (fixed),,,,,AFA77B45-30E6-5313-A439-C3FD87216910,,,,,,SYN-MZ-00134,,,ACT,,,,,,,,,,,,,SYNTH_LINE_00134,,,,,,5E15A660-9170-5294-AD11-235411809B3A,,,,3A567350-DEBE-543B-9321-7ECEEFBE513B,,86E15030-08AA-5269-8660-62DE113AF5EB,,,,,,,,,,,,Seed,,,,,,,,,,FALSE
,4521A948-8DB4-57C9-AD7A-DE07CBC7D66A,SYNTHETIC — integrated V2 (fixed),,,,,8E068C9A-0E7A-56E6-9769-A800839D6EB1,,,,,,SYN-MZ-00135,,,ACT,,,,,,,,,,,,,SYNTH_LINE_00135,,,,,,5E15A660-9170-5294-AD11-235411809B3A,,,,67A6E757-FDE8-5C0A-8A15-0712736CC641,,2A1437B0-F125-5494-87FD-0C017030803C,,,,,,,,,,,,Seed,,,,,,,,,,FALSE
,209BD3AD-17D6-5EF4-AB69-737AAC8CEEDB,SYNTHETIC — integrated V2 (fixed),,,,,B33C1AB5-9B9D-5FD2-BEB6-BC2F7FB9DE7E,,,,,,SYN-MZ-00136,,,ACT,,,,,,,,,,,,,SYNTH_LINE_00136,,,,,,5E15A660-9170-5294-AD11-235411809B3A,,,,498F0D5B-A70E-57C0-A034-F712B45E92CF,,34B5FF6F-7274-593C-87E1-927995CFB124,,,,,,,,,,,,Seed,,,,,,,,,,FALSE
,F3B70947-7AB8-55DB-AB66-D6A0A31ADB28,SYNTHETIC — integrated V2 (fixed),,,,,3D089BC5-D1AC-53CC-867A-6438A060F840,,,,,,SYN-MZ-00137,,,ACT,,,,,,,,,,,,,SYNTH_LINE_00137,,,,,,5E15A660-9170-5294-AD11-235411809B3A,,,,7A308AAF-E01C-5A45-94E2-3E7DF95499E5,,F9D9DAEC-EA8C-5465-B2EA-8CDE5F9DA69E,,,,,,,,,,,,Seed,,,,,,,,,,FALSE
,21CB14E4-98B8-5908-8539-D73D75F044FB,SYNTHETIC — integrated V2 (fixed),,,,,914BF51E-2048-5112-9553-455987FC87EC,,,,,,SYN-MZ-00138,,,ACT,,,,,,,,,,,,,SYNTH_LINE_00138,,,,,,5E15A660-9170-5294-AD11-235411809B3A,,,,F898B6A2-EF87-570B-862A-78F4FCD6970C,,86E15030-08AA-5269-8660-62DE113AF5EB,,,,,,,,,,,,Seed,,,,,,,,,,FALSE
,E1CFB207-FA7D-5CE8-936D-2B35530B6FCB,SYNTHETIC — integrated V2 (fixed),,,,,ADEC29EE-8503-5435-999D-91F166FB039E,,,,,,SYN-MZ-00139,,,ACT,,,,,,,,,,,,,SYNTH_LINE_00139,,,,,,5E15A660-9170-5294-AD11-235411809B3A,,,,F65DB238-8925-5038-87D3-3299B8A692A2,,2A1437B0-F125-5494-87FD-0C017030803C,,,,,,,,,,,,Seed,,,,,,,,,,FALSE
,CBC9BD95-73A5-59BF-BCFD-F30992314688,SYNTHETIC — integrated V2 (fixed),,,,,C0F1C0F5-E9B0-52E7-9C91-552848997073,,,,,,SYN-MZ-00140,,,ACT,,,,,,,,,,,,,SYNTH_LINE_00140,,,,,,5E15A660-9170-5294-AD11-235411809B3A,,,,37E6C339-42CA-508C-B607-4AD392729763,,34B5FF6F-7274-593C-87E1-927995CFB124,,,,,,,,,,,,Seed,,,,,,,,,,FALSE
,A851DD56-866F-5923-B0A6-19BDB0B11A8B,SYNTHETIC — integrated V2 (fixed),,,,,94FF659C-B70C-555F-9278-1032E9831878,,,,,,SYN-MZ-00141,,,ACT,,,,,,,,,,,,,SYNTH_LINE_00141,,,,,,5E15A660-9170-5294-AD11-235411809B3A,,,,25709B14-2AF7-5A6C-AFEF-5EBDD07734B8,,F9D9DAEC-EA8C-5465-B2EA-8CDE5F9DA69E,,,,,,,,,,,,Seed,,,,,,,,,,FALSE
,DB0593B1-E991-5A37-B5FA-BC3E7A2016F1,SYNTHETIC — integrated V2 (fixed),,,,,9B87EBB8-4FC4-5620-83CB-71092DBB2222,,,,,,SYN-MZ-00142,,,ACT,,,,,,,,,,,,,SYNTH_LINE_00142,,,,,,5E15A660-9170-5294-AD11-235411809B3A,,,,4C7E804E-F245-5BB4-8724-97479F4B7BDE,,86E15030-08AA-5269-8660-62DE113AF5EB,,,,,,,,,,,,Seed,,,,,,,,,,FALSE
,32AF3857-19CC-5F20-B54E-D3EF4EB2E05B,SYNTHETIC — integrated V2 (fixed),,,,,515CAAF4-0E10-5960-806F-9DE2CD292D92,,,,,,SYN-MZ-00143,,,ACT,,,,,,,,,,,,,SYNTH_LINE_00143,,,,,,5E15A660-9170-5294-AD11-235411809B3A,,,,A1F56509-D00B-5B73-8AAC-D4656622877E,,2A1437B0-F125-5494-87FD-0C017030803C,,,,,,,,,,,,Seed,,,,,,,,,,FALSE
,E5CE3662-1D34-5A4A-AAD6-8F5B9A767126,SYNTHETIC — integrated V2 (fixed),,,,,CFDA0ACE-471E-56C9-825D-C9E802536309,,,,,,SYN-MZ-00144,,,ACT,,,,,,,,,,,,,SYNTH_LINE_00144,,,,,,5E15A660-9170-5294-AD11-235411809B3A,,,,E96B198C-8BD1-5A10-995B-E2FB1EEA90FF,,34B5FF6F-7274-593C-87E1-927995CFB124,,,,,,,,,,,,Seed,,,,,,,,,,FALSE
,B7858025-7776-5C12-B209-88B3225A9E24,SYNTHETIC — integrated V2 (fixed),,,,,19D389BA-5EE0-5401-A1B6-EDAB7521176A,,,,,,SYN-MZ-00145,,,ACT,,,,,,,,,,,,,SYNTH_LINE_00145,,,,,,5E15A660-9170-5294-AD11-235411809B3A,,,,FA8F0DCC-C216-571A-8696-BE0BF15B430F,,F9D9DAEC-EA8C-5465-B2EA-8CDE5F9DA69E,,,,,,,,,,,,Seed,,,,,,,,,,FALSE
,1CEB7127-A7F9-58EA-AD95-89A5CC12EA06,SYNTHETIC — integrated V2 (fixed),,,,,CA03F0C4-16FB-56B2-88F1-1F9BDC9A7D2A,,,,,,SYN-MZ-00146,,,ACT,,,,,,,,,,,,,SYNTH_LINE_00146,,,,,,5E15A660-9170-5294-AD11-235411809B3A,,,,A64A532A-D9F7-5552-A419-CB346AE7199C,,86E15030-08AA-5269-8660-62DE113AF5EB,,,,,,,,,,,,Seed,,,,,,,,,,FALSE
,B3658393-C684-5F89-B232-1E8645DAC209,SYNTHETIC — integrated V2 (fixed),,,,,97E5C4BB-027B-59A4-8837-744CB4E5802D,,,,,,SYN-MZ-00147,,,ACT,,,,,,,,,,,,,SYNTH_LINE_00147,,,,,,5E15A660-9170-5294-AD11-235411809B3A,,,,9A1A14DE-FE99-5C42-BBE2-8295A1862C50,,2A1437B0-F125-5494-87FD-0C017030803C,,,,,,,,,,,,Seed,,,,,,,,,,FALSE
,52DC85E8-1E39-59B3-A1FB-FEC6604E17E3,SYNTHETIC — integrated V2 (fixed),,,,,87056DD4-4262-5B3C-8748-4E8BC48BDFFA,,,,,,SYN-MZ-00148,,,ACT,,,,,,,,,,,,,SYNTH_LINE_00148,,,,,,5E15A660-9170-5294-AD11-235411809B3A,,,,9C6C5892-9870-5ED7-BA45-A000D374AB94,,34B5FF6F-7274-593C-87E1-927995CFB124,,,,,,,,,,,,Seed,,,,,,,,,,FALSE
,14C7FB76-9D5D-5D1D-92B1-253E5935ED46,"SYNTHETIC — integrated V2 (fixed); new line, genotyped, not yet in field trials",,,,,0A54AACF-180D-5EAD-846C-DAE6D7722B6C,,,,,,SYN-MZ-00149,,,ACT,,,,,,,,,,,,,SYNTH_LINE_00149,,,,,,5E15A660-9170-5294-AD11-235411809B3A,,,,FD62A4ED-616C-5D12-90E4-4E26571564A4,,F9D9DAEC-EA8C-5465-B2EA-8CDE5F9DA69E,,,,,,,,,,,,Seed,,,,,,,,,,FALSE
,FC3A6C5C-3F47-5270-8751-1D2A044CD84B,"SYNTHETIC — integrated V2 (fixed); new line, genotyped, not yet in field trials",,,,,E0D4D257-50D4-5B51-90CC-C97C4E84CD63,,,,,,SYN-MZ-00150,,,ACT,,,,,,,,,,,,,SYNTH_LINE_00150,,,,,,5E15A660-9170-5294-AD11-235411809B3A,,,,C11AB071-6274-5A09-A140-2B75130B487C,,86E15030-08AA-5269-8660-62DE113AF5EB,,,,,,,,,,,,Seed,,,,,,,,,,FALSE
,895C37E3-3402-5903-BB78-18E139F002E0,SYNTHETIC — integrated V2 (fixed); commercial check hybrid,,,,,42CE60AF-7FF7-55CE-8F13-7705F3D9EF4B,,,,,,SYN-MZ-CHK01,,,ACT,,,,,,,,,,,,,SYNTH_CHECK_A,,,,,,5E15A660-9170-5294-AD11-235411809B3A,,,,968FC323-263D-589A-9ED8-64B67CC95C88,,,,,,,,,,,,,,Seed,,,,,,,,,,FALSE
,03B42C84-51CA-5773-8E4C-295473835D66,SYNTHETIC — integrated V2 (fixed); commercial check hybrid,,,,,A92E98DA-E476-5795-8F0C-D596AF9E41F3,,,,,,SYN-MZ-CHK02,,,ACT,,,,,,,,,,,,,SYNTH_CHECK_B,,,,,,5E15A660-9170-5294-AD11-235411809B3A,,,,26D51C66-BF89-5B3E-919B-A05BAA39284F,,,,,,,,,,,,,,Seed,,,,,,,,,,FALSE
