INHERITED,LAST_CHG_DATE,OBSERVATION_PERSON,ALPHA_VALUE,LAST_CHG_USER,CALCULATED,MATERIAL_GUID,REMARK,OBSERVATION_DATE,DATE_VALUE,ROWGUID,TRAIT_GUID,NUMBER_VALUE,PEGASYS_CREATE_DATE,PEGASYS_UPDATE_DATE,PEGASYS_PURGED
,,,,,,BDA3F23B-B83C-5375-B9B8-3ADB9CD34DC3,SYNTHETIC — integrated V2 (fixed),2025-01-01 00:00:00.000,,864FCE65-1396-50C8-AC07-457F1D435C6C,03CDF464-23E4-5854-BF20-9052EC600118,95.21,,,FALSE
,,,,,,FCA1034F-23D1-5C80-B17D-CA82DC3325EB,SYNTHETIC — integrated V2 (fixed),2025-02-02 00:00:00.000,,D99C32B1-D9D0-5081-8E5C-B56D4421F5D6,03CDF464-23E4-5854-BF20-9052EC600118,90.63,,,FALSE
,,,,,,47CB337B-F9A3-58D9-B496-C84842EE87E3,SYNTHETIC — integrated V2 (fixed),2025-03-03 00:00:00.000,,46CC30B9-4C1B-538C-B80E-2D6343BC6F46,03CDF464-23E4-5854-BF20-9052EC600118,91.48,,,FALSE
,,,,,,F9BC2FEC-60D6-5DFF-B4CF-789F8E765BFD,SYNTHETIC — integrated V2 (fixed),2025-04-04 00:00:00.000,,F9A2F3A8-5FF4-5632-9577-63C2DC423A7D,03CDF464-23E4-5854-BF20-9052EC600118,97.80,,,FALSE
,,,,,,E4CFF24E-3AF0-5FBA-9562-C4393CD711EA,SYNTHETIC — integrated V2 (fixed),2025-05-05 00:00:00.000,,EB0CDE03-7D3A-5AFC-A905-07CEABC28F1C,03CDF464-23E4-5854-BF20-9052EC600118,98.37,,,FALSE
,,,,,,2B7C0193-8AD2-5132-90D6-EC0125159542,SYNTHETIC — integrated V2 (fixed),2025-06-06 00:00:00.000,,1A466723-B09B-56FA-94B4-B8145486D705,03CDF464-23E4-5854-BF20-9052EC600118,91.63,,,FALSE
,,,,,,B6AEF3F7-49DF-5938-A721-1C9ED30FE32D,SYNTHETIC — integrated V2 (fixed),2025-07-07 00:00:00.000,,25FC184D-B4B1-582E-B7C1-77443EFA9266,03CDF464-23E4-5854-BF20-9052EC600118,97.20,,,FALSE
,,,,,,AA4D3613-B947-5291-9D6D-08AC58B282CE,SYNTHETIC — integrated V2 (fixed),2025-08-08 00:00:00.000,,5855CD1E-A64A-57F1-B684-EE7D67E75899,03CDF464-23E4-5854-BF20-9052EC600118,92.21,,,FALSE
,,,,,,49F400C7-67D9-53F7-8C2F-7709D22BA540,SYNTHETIC — integrated V2 (fixed),2025-01-09 00:00:00.000,,AD6E608C-EEF5-5E18-827C-592395C0F6F7,03CDF464-23E4-5854-BF20-9052EC600118,97.87,,,FALSE
,,,,,,55B846CE-0304-5467-83C6-6E6D33550CDF,SYNTHETIC — integrated V2 (fixed),2025-02-10 00:00:00.000,,1C1117AF-BC80-5907-A051-7BD75DC03A3A,03CDF464-23E4-5854-BF20-9052EC600118,93.00,,,FALSE
,,,,,,8689D2D4-7776-5FC8-813D-D63017F0337E,SYNTHETIC — integrated V2 (fixed),2025-03-11 00:00:00.000,,0652AAA7-AE5A-57CE-8FD5-075342B515EA,03CDF464-23E4-5854-BF20-9052EC600118,96.98,,,FALSE
,,,,,,080F0B64-D97A-588D-B40C-A051B359AE52,SYNTHETIC — integrated V2 (fixed),2025-04-12 00:00:00.000,,50C7D055-3BD9-5BD0-8097-B32DA52D8AE6,03CDF464-23E4-5854-BF20-9052EC600118,91.98,,,FALSE
,,,,,,0ABDF50B-E599-5A0E-AAD7-B3801C204FEF,SYNTHETIC — integrated V2 (fixed),2025-05-13 00:00:00.000,,7C807FF2-AD8C-58B1-820F-4AB2B4BF3007,03CDF464-23E4-5854-BF20-9052EC600118,97.75,,,FALSE
,,,,,,99EE49D0-F7F6-53CE-8FC9-ACF251077CD3,SYNTHETIC — integrated V2 (fixed),2025-06-14 00:00:00.000,,4678A6CF-2278-51A5-9A3A-A1192A906067,03CDF464-23E4-5854-BF20-9052EC600118,95.42,,,FALSE
,,,,,,B9868147-0FE8-5766-9C66-DD78C3C1EBB4,SYNTHETIC — integrated V2 (fixed),2025-07-15 00:00:00.000,,EBA78049-D7C6-532F-8816-262C13C5E112,03CDF464-23E4-5854-BF20-9052EC600118,92.84,,,FALSE
,,,,,,EE1AC5CF-17E4-5D7C-BA29-EA983FBBF170,SYNTHETIC — integrated V2 (fixed),2025-08-16 00:00:00.000,,17EBA3D2-2E5D-5401-B7E8-D8D31EDEDB52,03CDF464-23E4-5854-BF20-9052EC600118,95.22,,,FALSE
,,,,,,5A705A98-7EAC-500C-AD19-08E66229D28F,SYNTHETIC — integrated V2 (fixed),2025-01-17 00:00:00.000,,EC99C5C4-A469-5903-A3D6-B7B800653CC3,03CDF464-23E4-5854-BF20-9052EC600118,98.41,,,FALSE
,,,,,,62C92069-66BF-5B0B-ADBA-8D0357CE459C,SYNTHETIC — integrated V2 (fixed),2025-02-18 00:00:00.000,,D1F93431-3778-5069-BFD4-36CB37FE9418,03CDF464-23E4-5854-BF20-9052EC600118,93.47,,,FALSE
,,,,,,A8B6980C-FFB9-5F9B-92BA-AF12781ABDDE,SYNTHETIC — integrated V2 (fixed),2025-03-19 00:00:00.000,,971A6132-ADF3-5A60-902C-EE1E87B0954A,03CDF464-23E4-5854-BF20-9052EC600118,97.34,,,FALSE
,,,,,,4A5DFB3F-03B5-5B3F-9852-099CA5A15225,SYNTHETIC — integrated V2 (fixed),2025-04-20 00:00:00.000,,9F1FFA78-A9B0-57C7-A764-FE514ED937A4,03CDF464-23E4-5854-BF20-9052EC600118,95.39,,,FALSE
,,,,,,1A9526DC-BD8E-563C-9E4A-9481E88601A5,SYNTHETIC — integrated V2 (fixed),2025-05-21 00:00:00.000,,D667F771-5817-5131-811A-F0CB57F81EA5,03CDF464-23E4-5854-BF20-9052EC600118,90.62,,,FALSE
,,,,,,6E503269-36A0-59E5-B29F-D2C65C57CAD6,SYNTHETIC — integrated V2 (fixed),2025-06-22 00:00:00.000,,1167EC70-41FC-5576-A0E2-DA24321CA391,03CDF464-23E4-5854-BF20-9052EC600118,84.94,,,FALSE
,,,,,,D41ABD3A-44E1-5B49-8488-2C6805F30B64,SYNTHETIC — integrated V2 (fixed),2025-07-23 00:00:00.000,,75F10A56-3CA3-5A2A-87C0-9E17473536C7,03CDF464-23E4-5854-BF20-9052EC600118,96.40,,,FALSE
,,,,,,E568186B-E969-5A74-8996-D72CACB495FD,SYNTHETIC — integrated V2 (fixed),2025-08-24 00:00:00.000,,197ED213-4D61-5029-BC32-04ED462FDCE7,03CDF464-23E4-5854-BF20-9052EC600118,95.14,,,FALSE
,,,,,,48766B60-7B8E-5227-9A4F-9E77EE26141C,SYNTHETIC — integrated V2 (fixed),2025-01-25 00:00:00.000,,87A22BD4-CE0C-59C0-9BCA-5B238A85316D,03CDF464-23E4-5854-BF20-9052EC600118,97.48,,,FALSE
,,,,,,01BB90D3-8967-5A5C-BB61-08A07D8CD947,SYNTHETIC — integrated V2 (fixed),2025-02-26 00:00:00.000,,C8E1A49E-6EE3-5165-9B98-6A8ED7603408,03CDF464-23E4-5854-BF20-9052EC600118,93.44,,,FALSE
,,,,,,F6CDB34F-475C-5C74-9BD0-6D017DAE3754,SYNTHETIC — integrated V2 (fixed),2025-03-27 00:00:00.000,,BA48DE4D-7605-51F6-B9DF-057BB64FFD24,03CDF464-23E4-5854-BF20-9052EC600118,96.14,,,FALSE
,,,,,,BCB3BCE4-83EF-5273-AD5F-98501BE8DF60,SYNTHETIC — integrated V2 (fixed),2025-04-01 00:00:00.000,,5962B69D-A24A-5C4D-811B-5531456F7E4A,03CDF464-23E4-5854-BF20-9052EC600118,97.98,,,FALSE
,,,,,,151CE54D-EAED-5C4E-AB65-6E225058176E,SYNTHETIC — integrated V2 (fixed),2025-05-02 00:00:00.000,,95AC335A-CBF8-58C0-8DF2-7BC02A9EEB3E,03CDF464-23E4-5854-BF20-9052EC600118,92.27,,,FALSE
,,,,,,3DFD73B3-FBE4-5BE2-878B-AEB993A47967,SYNTHETIC — integrated V2 (fixed),2025-06-03 00:00:00.000,,10C315D8-5BD3-5579-82B5-98482230291F,03CDF464-23E4-5854-BF20-9052EC600118,91.55,,,FALSE
,,,,,,D452B305-237F-578C-8664-5FBE4C1C73B1,SYNTHETIC — integrated V2 (fixed),2025-07-04 00:00:00.000,,5742CA1C-0D91-5823-AF27-74312B0CDB4C,03CDF464-23E4-5854-BF20-9052EC600118,95.04,,,FALSE
,,,,,,02C72F35-6DF2-535C-B881-73EEA4BDEF64,SYNTHETIC — integrated V2 (fixed),2025-08-05 00:00:00.000,,CDC14DD6-8EDF-5155-AF1B-9F13B867EB6C,03CDF464-23E4-5854-BF20-9052EC600118,97.29,,,FALSE
,,,,,,CDAC1DFC-07F5-5AAA-ACF7-174A83106211,SYNTHETIC — integrated V2 (fixed),2025-01-06 00:00:00.000,,D784FF15-8871-54AF-BC37-8070487921C5,03CDF464-23E4-5854-BF20-9052EC600118,92.20,,,FALSE
,,,,,,6BC3F466-8A3A-514B-95C5-ED43F221577D,SYNTHETIC — integrated V2 (fixed),2025-02-07 00:00:00.000,,3E5585A6-DE94-5B2B-BDBB-526130609706,03CDF464-23E4-5854-BF20-9052EC600118,97.97,,,FALSE
,,,,,,CA7C91FE-A31E-543B-BE95-6F3A9B18244F,SYNTHETIC — integrated V2 (fixed),2025-03-08 00:00:00.000,,91ECB1A6-AADC-5E5D-8689-0FE5439274A2,03CDF464-23E4-5854-BF20-9052EC600118,96.06,,,FALSE
,,,,,,667DEBCE-B100-5059-AB1C-8388525FC762,SYNTHETIC — integrated V2 (fixed),2025-04-09 00:00:00.000,,8784AF46-25B5-5BE9-9257-046BD822AB86,03CDF464-23E4-5854-BF20-9052EC600118,96.10,,,FALSE
,,,,,,F883E21C-4C88-5C86-BDED-808DCF101BE6,SYNTHETIC — integrated V2 (fixed),2025-05-10 00:00:00.000,,75AEF589-6D6D-5C6F-AAED-C8D2D8473AD4,03CDF464-23E4-5854-BF20-9052EC600118,97.55,,,FALSE
,,,,,,1D8B5ABD-A06B-5E37-8158-A9DB10FE3BE6,SYNTHETIC — integrated V2 (fixed),2025-06-11 00:00:00.000,,430E2973-461F-52E0-903E-43AAE70CEA14,03CDF464-23E4-5854-BF20-9052EC600118,98.19,,,FALSE
,,,,,,A60C347B-ED09-5433-86AE-8FA97C612F60,SYNTHETIC — integrated V2 (fixed),2025-07-12 00:00:00.000,,3658C1A0-56E2-516B-9E80-70FADF9D44C7,03CDF464-23E4-5854-BF20-9052EC600118,92.01,,,FALSE
,,,,,,8557A22F-14B2-5381-8DF2-0E4F62B7D0FD,SYNTHETIC — integrated V2 (fixed),2025-08-13 00:00:00.000,,E1075B87-C154-5A86-841E-3FD389E478F2,03CDF464-23E4-5854-BF20-9052EC600118,97.54,,,FALSE
,,,,,,420901AD-1690-56B1-A54B-E45F7104461D,SYNTHETIC — integrated V2 (fixed),2025-01-14 00:00:00.000,,2F305485-38E0-5F4D-8F82-95E56F3FC443,03CDF464-23E4-5854-BF20-9052EC600118,95.32,,,FALSE
,,,,,,0AF976E8-609F-54B4-93A9-F5FFB2C89CC2,SYNTHETIC — integrated V2 (fixed),2025-02-15 00:00:00.000,,471176D8-42D3-5F54-9F8C-29986932A1CD,03CDF464-23E4-5854-BF20-9052EC600118,88.12,,,FALSE
,,,,,,80674DED-4AF0-56B4-A82F-676B047FD1F9,SYNTHETIC — integrated V2 (fixed),2025-03-16 00:00:00.000,,D31E06B0-8218-50CE-9916-55D6C22F1380,03CDF464-23E4-5854-BF20-9052EC600118,91.10,,,FALSE
,,,,,,7663F6FC-3144-5397-8DC5-49CF05A78783,SYNTHETIC — integrated V2 (fixed),2025-04-17 00:00:00.000,,BF14CD9F-84FF-5788-BAE3-3B99CEB2F543,03CDF464-23E4-5854-BF20-9052EC600118,97.24,,,FALSE
,,,,,,55B1F533-E637-592C-BE49-07B3119C93B6,SYNTHETIC — integrated V2 (fixed),2025-05-18 00:00:00.000,,060B93C0-EC1A-5932-B8F5-C6EB9A798FF6,03CDF464-23E4-5854-BF20-9052EC600118,82.05,,,FALSE
,,,,,,A8A251E0-1271-51D8-829F-8F673FA25406,SYNTHETIC — integrated V2 (fixed),2025-06-19 00:00:00.000,,15843CD5-9E1F-5979-BCF8-E778F07D6A19,03CDF464-23E4-5854-BF20-9052EC600118,91.80,,,FALSE
,,,,,,4FEFE8DE-C128-57D8-B2A9-D05EA011ABBB,SYNTHETIC — integrated V2 (fixed),2025-07-20 00:00:00.000,,97C9E65C-D322-5C28-9060-8327A49DEE39,03CDF464-23E4-5854-BF20-9052EC600118,98.13,,,FALSE
,,,,,,E79AFB8F-D81A-5126-9812-31F64FF56B0A,SYNTHETIC — integrated V2 (fixed),2025-08-21 00:00:00.000,,87F783D1-43EB-5718-865C-7C3E6F3E129B,03CDF464-23E4-5854-BF20-9052EC600118,80.01,,,FALSE
,,,,,,06BC0CE1-AE47-507E-B88E-0EB0637E5F30,SYNTHETIC — integrated V2 (fixed),2025-01-22 00:00:00.000,,66D00956-7E33-5481-8230-1EF95EC465A1,03CDF464-23E4-5854-BF20-9052EC600118,95.03,,,FALSE
,,,,,,B69CE732-6878-52F2-B41E-F0F303A6AA18,SYNTHETIC — integrated V2 (fixed),2025-02-23 00:00:00.000,,EDAB4606-8756-5140-937B-625A991CA29C,03CDF464-23E4-5854-BF20-9052EC600118,96.83,,,FALSE
,,,,,,8E68A5E4-3124-5DE1-83AC-BC1848ADCF30,SYNTHETIC — integrated V2 (fixed),2025-03-24 00:00:00.000,,D131A6DE-77B4-5F30-B070-44E7EAEEAC45,03CDF464-23E4-5854-BF20-9052EC600118,92.86,,,FALSE
,,,,,,83143D05-79E7-5E13-A6B3-388172D0E91B,SYNTHETIC — integrated V2 (fixed),2025-04-25 00:00:00.000,,756144AE-80CF-54C1-AAD2-3F64910B0E6E,03CDF464-23E4-5854-BF20-9052EC600118,92.64,,,FALSE
,,,,,,759A5D7C-67A7-5818-9E6B-4AE49EFD060E,SYNTHETIC — integrated V2 (fixed),2025-05-26 00:00:00.000,,D8C5B2E7-5E91-5397-BF7A-07FFAD4B9ED1,03CDF464-23E4-5854-BF20-9052EC600118,93.43,,,FALSE
,,,,,,4C8C42C1-3F2D-5A4E-9498-4339912973B6,SYNTHETIC — integrated V2 (fixed),2025-06-27 00:00:00.000,,07FB4C9D-C3E5-5A29-A873-0A3763F67927,03CDF464-23E4-5854-BF20-9052EC600118,94.95,,,FALSE
,,,,,,AA1B3880-0BFC-59AA-9F23-5D92CD2AB166,SYNTHETIC — integrated V2 (fixed),2025-07-01 00:00:00.000,,53BE9A7F-24C8-5B02-B89C-A2BAA8E91654,03CDF464-23E4-5854-BF20-9052EC600118,95.99,,,FALSE
,,,,,,335D7797-1267-5040-9BF3-15F2B103E058,SYNTHETIC — integrated V2 (fixed),2025-08-02 00:00:00.000,,642E01F9-B2BD-5AFC-80A0-44D75B3A1B5F,03CDF464-23E4-5854-BF20-9052EC600118,91.72,,,FALSE
,,,,,,DD61D49A-852D-59C9-A7F8-0A85B6E85478,SYNTHETIC — integrated V2 (fixed),2025-01-03 00:00:00.000,,F89AB0AF-D54C-5312-8E73-34E13427B430,03CDF464-23E4-5854-BF20-9052EC600118,83.27,,,FALSE
,,,,,,CB3BA2FD-86CC-5ED9-964B-70C0E700498A,SYNTHETIC — integrated V2 (fixed),2025-02-04 00:00:00.000,,C3B5131E-6E1D-5C25-A4A4-6D3D186CD600,03CDF464-23E4-5854-BF20-9052EC600118,93.80,,,FALSE
,,,,,,5D11E6ED-86BC-5114-830E-943F22D3FAC8,SYNTHETIC — integrated V2 (fixed),2025-03-05 00:00:00.000,,91AF33E7-A8F1-5328-BC42-528751C50093,03CDF464-23E4-5854-BF20-9052EC600118,96.99,,,FALSE
,,,,,,DD68F5D5-574A-5056-8841-6CB4192055E7,SYNTHETIC — integrated V2 (fixed),2025-04-06 00:00:00.000,,914A8657-B9A1-5BF2-BEBD-5FCBF332A0C3,03CDF464-23E4-5854-BF20-9052EC600118,97.87,,,FALSE
,,,,,,16FFFD30-47D9-5AA6-A381-643CA1A3FEF3,SYNTHETIC — integrated V2 (fixed),2025-05-07 00:00:00.000,,A0238EBC-B892-5FF0-8916-649A8283B5DE,03CDF464-23E4-5854-BF20-9052EC600118,97.00,,,FALSE
,,,,,,15913DBE-7013-549B-946D-3D6DA7AE3777,SYNTHETIC — integrated V2 (fixed),2025-06-08 00:00:00.000,,0A52FDC6-9949-5631-8BB4-D7438FA5340E,03CDF464-23E4-5854-BF20-9052EC600118,94.19,,,FALSE
,,,,,,5EC7789B-6A39-584A-B525-208F59B83E86,SYNTHETIC — integrated V2 (fixed),2025-07-09 00:00:00.000,,8FF24ABD-01D7-58B1-B55F-FD2DA0C8F7C3,03CDF464-23E4-5854-BF20-9052EC600118,97.06,,,FALSE
,,,,,,ECEDBC9C-312B-51DC-942B-9D9E32887D58,SYNTHETIC — integrated V2 (fixed),2025-08-10 00:00:00.000,,A3285B16-CD06-5DB8-8959-6060D1050E49,03CDF464-23E4-5854-BF20-9052EC600118,93.04,,,FALSE
,,,,,,AF23A561-1794-5CA1-B10C-3628EECCF466,SYNTHETIC — integrated V2 (fixed),2025-01-11 00:00:00.000,,C5ACCBA1-F7FA-5DBF-B8EA-F808C19679E7,03CDF464-23E4-5854-BF20-9052EC600118,97.25,,,FALSE
,,,,,,07784854-7BC7-5ECA-BDD4-CACF4FB75117,SYNTHETIC — integrated V2 (fixed),2025-02-12 00:00:00.000,,501342A2-9EC5-5DDE-AA81-727A2061FBCA,03CDF464-23E4-5854-BF20-9052EC600118,94.14,,,FALSE
,,,,,,13F23BCD-52EF-574F-ACC6-7AB94AFF9049,SYNTHETIC — integrated V2 (fixed),2025-03-13 00:00:00.000,,59CA7C18-3282-5871-8907-727A3660894E,03CDF464-23E4-5854-BF20-9052EC600118,94.45,,,FALSE
,,,,,,97E544B0-E0F2-5A44-8A8C-DF6E49262D21,SYNTHETIC — integrated V2 (fixed),2025-04-14 00:00:00.000,,9F468ACD-59A1-584A-BC65-031D7487271B,03CDF464-23E4-5854-BF20-9052EC600118,91.73,,,FALSE
,,,,,,30AE404E-D939-5FBD-8E73-82C169F926FA,SYNTHETIC — integrated V2 (fixed),2025-05-15 00:00:00.000,,6FA0C25D-9F64-528D-AA3D-52CD681D9172,03CDF464-23E4-5854-BF20-9052EC600118,81.83,,,FALSE
,,,,,,1BC27665-96A3-5886-8EDB-570805D8AC2B,SYNTHETIC — integrated V2 (fixed),2025-06-16 00:00:00.000,,D9A0DD83-D7C6-594A-82AE-85FAD84F8379,03CDF464-23E4-5854-BF20-9052EC600118,95.44,,,FALSE
,,,,,,03DE83EF-F14A-5D54-A2FD-1A335C2D63BE,SYNTHETIC — integrated V2 (fixed),2025-07-17 00:00:00.000,,CA9FF908-CA59-5BE4-B2EE-582132985501,03CDF464-23E4-5854-BF20-9052EC600118,95.19,,,FALSE
,,,,,,F2879B3F-447F-597F-B8D9-0CBF58C47571,SYNTHETIC — integrated V2 (fixed),2025-08-18 00:00:00.000,,FEEA88BA-9BCF-59C6-A425-4C6CB7BAAC0D,03CDF464-23E4-5854-BF20-9052EC600118,94.09,,,FALSE
,,,,,,82E89912-889D-5A64-81E0-285A66F4F551,SYNTHETIC — integrated V2 (fixed),2025-01-19 00:00:00.000,,73EABE58-2E57-5D88-A645-0AA1F88817C0,03CDF464-23E4-5854-BF20-9052EC600118,96.65,,,FALSE
,,,,,,B518C2FF-B887-551B-A7F9-1C0EE751CFCF,SYNTHETIC — integrated V2 (fixed),2025-02-20 00:00:00.000,,BBA0908F-0D2E-5DAF-B89F-E8F60702A4C3,03CDF464-23E4-5854-BF20-9052EC600118,98.47,,,FALSE
,,,,,,3B5928D4-F434-5749-A27B-AB4C1BAB75E5,SYNTHETIC — integrated V2 (fixed),2025-03-21 00:00:00.000,,7E0E4DBF-EA9F-525A-BB9D-45F5DDE908F5,03CDF464-23E4-5854-BF20-9052EC600118,95.66,,,FALSE
,,,,,,937A167C-CBC9-54DF-9EB1-DFD136CAD1D1,SYNTHETIC — integrated V2 (fixed),2025-04-22 00:00:00.000,,0F88540D-EB98-53D6-9099-AF4FB00244ED,03CDF464-23E4-5854-BF20-9052EC600118,92.36,,,FALSE
,,,,,,762C94BB-F99F-58F7-AA2E-115A876D1499,SYNTHETIC — integrated V2 (fixed),2025-05-23 00:00:00.000,,BDB71091-6283-561C-931B-9EF15A15C4C6,03CDF464-23E4-5854-BF20-9052EC600118,95.03,,,FALSE
,,,,,,E222D60A-6B36-51B3-8397-D5CF6C5572CF,SYNTHETIC — integrated V2 (fixed),2025-06-24 00:00:00.000,,915FD915-4298-5F6C-BDB8-68A8A5D7626D,03CDF464-23E4-5854-BF20-9052EC600118,92.73,,,FALSE
,,,,,,647685C4-BD16-5B05-BF48-224E90967B1C,SYNTHETIC — integrated V2 (fixed),2025-07-25 00:00:00.000,,CFD7EEC8-290F-552B-B664-ABC8A750D5E4,03CDF464-23E4-5854-BF20-9052EC600118,96.82,,,FALSE
,,,,,,AC374E79-DCC5-5449-BA1A-E2E8A323C8B3,SYNTHETIC — integrated V2 (fixed),2025-08-26 00:00:00.000,,D8E8A2A1-512C-5E3D-B522-461D439CDEB2,03CDF464-23E4-5854-BF20-9052EC600118,91.90,,,FALSE
,,,,,,B13508E2-8CB0-595E-803A-083438893C79,SYNTHETIC — integrated V2 (fixed),2025-01-27 00:00:00.000,,F4C9A850-A36C-579E-A715-B8B81982A37F,03CDF464-23E4-5854-BF20-9052EC600118,94.46,,,FALSE
,,,,,,53D0944B-7E8C-523D-AD45-43CF3C0E1ECC,SYNTHETIC — integrated V2 (fixed),2025-02-01 00:00:00.000,,D316E86B-5101-505B-A423-29ADF3F07F07,03CDF464-23E4-5854-BF20-9052EC600118,94.58,,,FALSE
,,,,,,1776443C-40AD-5505-8CE0-36F14142D18C,SYNTHETIC — integrated V2 (fixed),2025-03-02 00:00:00.000,,4EFCD14D-1AFA-5BEF-AFDA-59DF72FC570E,03CDF464-23E4-5854-BF20-9052EC600118,94.73,,,FALSE
,,,,,,8940668C-190D-5BCB-95FD-A9FCAD3A0A50,SYNTHETIC — integrated V2 (fixed),2025-04-03 00:00:00.000,,05A175EF-E6E2-5EE6-A43B-82BA749F0543,03CDF464-23E4-5854-BF20-9052EC600118,96.37,,,FALSE
,,,,,,1DF480F4-4F01-5A4A-A0FE-B2851472B411,SYNTHETIC — integrated V2 (fixed),2025-05-04 00:00:00.000,,C03EE144-2110-58B6-81B9-0046004DFC2A,03CDF464-23E4-5854-BF20-9052EC600118,92.22,,,FALSE
,,,,,,7E96F35C-0C2F-54B8-98B1-52354D151D67,SYNTHETIC — integrated V2 (fixed),2025-06-05 00:00:00.000,,5C61EC30-B146-5EAB-BFFF-6B971579C03B,03CDF464-23E4-5854-BF20-9052EC600118,95.42,,,FALSE
,,,,,,2866BB0A-D294-5C24-99D2-7179D7D8364C,SYNTHETIC — integrated V2 (fixed),2025-07-06 00:00:00.000,,F32A03A0-572C-5DF9-98A9-FAE825DB15F4,03CDF464-23E4-5854-BF20-9052EC600118,93.29,,,FALSE
,,,,,,70C5D805-8AAC-56F1-99F0-208C9D1DBBB6,SYNTHETIC — integrated V2 (fixed),2025-08-07 00:00:00.000,,5DF105DC-1AEF-51CE-80C8-057544B59694,03CDF464-23E4-5854-BF20-9052EC600118,96.95,,,FALSE
,,,,,,33C68A96-F0D2-56B2-8383-F0E7C98CEDFB,SYNTHETIC — integrated V2 (fixed),2025-01-08 00:00:00.000,,13F72C84-EEDB-5C92-9004-38B5116742D6,03CDF464-23E4-5854-BF20-9052EC600118,95.65,,,FALSE
,,,,,,30A919A5-B07D-5B43-8FFC-C5BB2E05CDD2,SYNTHETIC — integrated V2 (fixed),2025-02-09 00:00:00.000,,E36D433D-D8B2-5D6E-A9E8-34A911B6B3D3,03CDF464-23E4-5854-BF20-9052EC600118,98.30,,,FALSE
,,,,,,0FC9E8DF-2F7A-5B37-96BC-8768551066DE,SYNTHETIC — integrated V2 (fixed),2025-03-10 00:00:00.000,,5B9EFC7D-BA6F-565B-9895-9FCC7D3CA89C,03CDF464-23E4-5854-BF20-9052EC600118,92.69,,,FALSE
,,,,,,940880BA-AB7B-5C5E-BE24-71B87B5D25BE,SYNTHETIC — integrated V2 (fixed),2025-04-11 00:00:00.000,,7BE9613B-003A-5D3C-A10D-DB17FD80A3F9,03CDF464-23E4-5854-BF20-9052EC600118,90.88,,,FALSE
,,,,,,2C6AA0B0-74B8-5881-AF7F-A0E4DC68084E,SYNTHETIC — integrated V2 (fixed),2025-05-12 00:00:00.000,,49E85113-16C6-5D7A-8197-E36D77F535C5,03CDF464-23E4-5854-BF20-9052EC600118,95.66,,,FALSE
,,,,,,379AF3A2-F022-5112-8FBC-475F91FA6D97,SYNTHETIC — integrated V2 (fixed),2025-06-13 00:00:00.000,,76C40673-A313-5B6C-8AFD-039428895C30,03CDF464-23E4-5854-BF20-9052EC600118,92.44,,,FALSE
,,,,,,4265656C-7A38-5B04-870F-0382345E46B7,SYNTHETIC — integrated V2 (fixed),2025-07-14 00:00:00.000,,9DFEFADF-E523-52F1-8793-9D3CD4F37312,03CDF464-23E4-5854-BF20-9052EC600118,92.57,,,FALSE
,,,,,,7B87D561-B90D-5BFD-97D7-06E49347CFC4,SYNTHETIC — integrated V2 (fixed),2025-08-15 00:00:00.000,,FEE5DD38-6D6B-5B8B-9A99-30F41C3AB0CF,03CDF464-23E4-5854-BF20-9052EC600118,97.94,,,FALSE
,,,,,,80342D18-DE48-5965-9D36-F804CFB33A6A,SYNTHETIC — integrated V2 (fixed),2025-01-16 00:00:00.000,,C69A0700-CC49-5B44-BFD3-49AB4E19260E,03CDF464-23E4-5854-BF20-9052EC600118,91.70,,,FALSE
,,,,,,E4649EAD-58A5-57C7-8B46-6215401FFEE3,SYNTHETIC — integrated V2 (fixed),2025-02-17 00:00:00.000,,7A465287-EF39-5749-818F-283D75044DB5,03CDF464-23E4-5854-BF20-9052EC600118,95.05,,,FALSE
,,,,,,EB3CC5B4-5306-5D95-8FC0-A6D315636DAC,SYNTHETIC — integrated V2 (fixed),2025-03-18 00:00:00.000,,B3712BFD-988C-5E5A-A80A-CC640C929E7A,03CDF464-23E4-5854-BF20-9052EC600118,91.89,,,FALSE
,,,,,,304B66ED-814D-55CC-98B7-61DD44128E03,SYNTHETIC — integrated V2 (fixed),2025-04-19 00:00:00.000,,8EB98F48-6585-5CF6-995A-0DCB5DF384A8,03CDF464-23E4-5854-BF20-9052EC600118,95.00,,,FALSE
,,,,,,DA447553-1807-5120-B084-80712E4595A5,SYNTHETIC — integrated V2 (fixed),2025-05-20 00:00:00.000,,256AD09C-CC69-56E4-8D27-E21FDD46B3E3,03CDF464-23E4-5854-BF20-9052EC600118,91.06,,,FALSE
,,,,,,3AD75EC5-AEFA-5A56-9854-25EA1D3F7092,SYNTHETIC — integrated V2 (fixed),2025-06-21 00:00:00.000,,A6762C10-6103-5783-B98B-9103581E8970,03CDF464-23E4-5854-BF20-9052EC600118,97.22,,,FALSE
,,,,,,893B46A8-3095-5888-954B-596DEA00AEF0,SYNTHETIC — integrated V2 (fixed),2025-07-22 00:00:00.000,,029830A6-6AD4-5A41-A417-045BD17CF093,03CDF464-23E4-5854-BF20-9052EC600118,96.38,,,FALSE
,,,,,,CF983439-B3D6-5D22-A07F-DA09F8FB30E3,SYNTHETIC — integrated V2 (fixed),2025-08-23 00:00:00.000,,E2907BE2-4704-577A-804D-D9026D8C79AA,03CDF464-23E4-5854-BF20-9052EC600118,94.84,,,FALSE
,,,,,,40E15A0B-137C-5F72-A21C-478860954756,SYNTHETIC — integrated V2 (fixed),2025-01-24 00:00:00.000,,F260E001-BD55-5B1E-AA19-B80CD4806812,03CDF464-23E4-5854-BF20-9052EC600118,85.53,,,FALSE
,,,,,,D31D0B3A-9906-504E-8B88-BA3A51BD3F4E,SYNTHETIC — integrated V2 (fixed),2025-02-25 00:00:00.000,,0B77259F-6B7E-5ED2-9ED5-8473587F1168,03CDF464-23E4-5854-BF20-9052EC600118,98.11,,,FALSE
,,,,,,6CAF66B9-5911-548A-9CD3-402E210E39DF,SYNTHETIC — integrated V2 (fixed),2025-03-26 00:00:00.000,,D40A4427-BD06-5C87-8DF4-F19F3E1B8748,03CDF464-23E4-5854-BF20-9052EC600118,90.64,,,FALSE
,,,,,,7BFD7ED8-D740-54E9-9E9D-89E766C468ED,SYNTHETIC — integrated V2 (fixed),2025-04-27 00:00:00.000,,4B17C82B-1446-5015-BB0D-9D72422C29D5,03CDF464-23E4-5854-BF20-9052EC600118,94.88,,,FALSE
,,,,,,4496507C-64F4-593E-B7C9-34EC243D266E,SYNTHETIC — integrated V2 (fixed),2025-05-01 00:00:00.000,,88703599-FE48-5705-A4DB-22764D6080E9,03CDF464-23E4-5854-BF20-9052EC600118,81.54,,,FALSE
,,,,,,0A8854E8-E6EA-5138-8958-FCD031174CF5,SYNTHETIC — integrated V2 (fixed),2025-06-02 00:00:00.000,,16B9B10E-B7CB-52F5-A901-987770A885C4,03CDF464-23E4-5854-BF20-9052EC600118,91.57,,,FALSE
,,,,,,E7D39DA7-7E5D-57F9-9DDB-1CF3E505EFB5,SYNTHETIC — integrated V2 (fixed),2025-07-03 00:00:00.000,,25D23104-344F-5E16-8613-F0EFF9713551,03CDF464-23E4-5854-BF20-9052EC600118,95.87,,,FALSE
,,,,,,99337C26-0663-56BF-961D-4B45304F60CB,SYNTHETIC — integrated V2 (fixed),2025-08-04 00:00:00.000,,AB882245-EFD7-537B-B060-0AFD0C76F4FF,03CDF464-23E4-5854-BF20-9052EC600118,92.08,,,FALSE
,,,,,,0A671382-D5A5-5B91-99A7-A870223273AB,SYNTHETIC — integrated V2 (fixed),2025-01-05 00:00:00.000,,616CC9FC-17DB-522B-A285-35CAAFDDEDFF,03CDF464-23E4-5854-BF20-9052EC600118,90.96,,,FALSE
,,,,,,EA1A8089-DDED-5385-9EA5-239A2F522931,SYNTHETIC — integrated V2 (fixed),2025-02-06 00:00:00.000,,54F96403-E4C2-5A74-BB85-58F70736F5B4,03CDF464-23E4-5854-BF20-9052EC600118,97.34,,,FALSE
,,,,,,D548B0A8-3654-59DE-87E2-E8729F9D0F8C,SYNTHETIC — integrated V2 (fixed),2025-03-07 00:00:00.000,,A9631F77-6DF3-58BB-9782-755EB59D5216,03CDF464-23E4-5854-BF20-9052EC600118,93.05,,,FALSE
,,,,,,9836AEB1-465F-5BDA-85AD-80E64BABEB25,SYNTHETIC — integrated V2 (fixed),2025-04-08 00:00:00.000,,95BBC246-249D-5578-ADFD-51C182622E45,03CDF464-23E4-5854-BF20-9052EC600118,93.61,,,FALSE
,,,,,,D24220FC-041B-5AE7-8248-88C18C7CFFA0,SYNTHETIC — integrated V2 (fixed),2025-05-09 00:00:00.000,,6693E106-C058-5CE0-BA0A-51ED19A42F2A,03CDF464-23E4-5854-BF20-9052EC600118,98.08,,,FALSE
,,,,,,F288242F-5737-58C8-88E2-064D25869916,SYNTHETIC — integrated V2 (fixed),2025-06-10 00:00:00.000,,0898D5D4-859E-5B12-A3DB-CBEBD22E5E30,03CDF464-23E4-5854-BF20-9052EC600118,97.07,,,FALSE
,,,,,,CABD4F18-9788-5897-9751-A7B474D482E3,SYNTHETIC — integrated V2 (fixed),2025-07-11 00:00:00.000,,5B38D71E-F16E-5C3F-92D2-B948E23C6228,03CDF464-23E4-5854-BF20-9052EC600118,82.03,,,FALSE
,,,,,,6EA50459-A971-5271-BBBC-46B5E2E45F2F,SYNTHETIC — integrated V2 (fixed),2025-08-12 00:00:00.000,,20B645E6-83A1-508A-8DA3-915A0FFC438B,03CDF464-23E4-5854-BF20-9052EC600118,95.33,,,FALSE
,,,,,,4E026AB5-7BF0-56A0-9A72-D0B70F1FA056,SYNTHETIC — integrated V2 (fixed),2025-01-13 00:00:00.000,,2474757B-3A34-5682-816D-3C3B070CD77E,03CDF464-23E4-5854-BF20-9052EC600118,95.26,,,FALSE
,,,,,,B4D65658-99B8-5007-8181-CB57FABF1A6A,SYNTHETIC — integrated V2 (fixed),2025-02-14 00:00:00.000,,EBB034DE-7974-5E93-B06D-B1B0A562F1E6,03CDF464-23E4-5854-BF20-9052EC600118,97.82,,,FALSE
,,,,,,EF6A4ED1-3F26-5D92-87D7-851E6A84CE9E,SYNTHETIC — integrated V2 (fixed),2025-03-15 00:00:00.000,,706B848B-5F83-5300-A515-6E280B395CB5,03CDF464-23E4-5854-BF20-9052EC600118,96.85,,,FALSE
,,,,,,B0670171-6745-5AD1-B294-0798F9335903,SYNTHETIC — integrated V2 (fixed),2025-04-16 00:00:00.000,,E5A4E9E4-488A-54A2-984F-A01FA37D3C4F,03CDF464-23E4-5854-BF20-9052EC600118,94.27,,,FALSE
,,,,,,B1D28754-3CDD-55F8-B8B1-CC2BD54CBC86,SYNTHETIC — integrated V2 (fixed),2025-05-17 00:00:00.000,,037B453A-D0FC-5971-B473-195857E3150F,03CDF464-23E4-5854-BF20-9052EC600118,97.88,,,FALSE
,,,,,,73D01A3C-D183-58B5-B11D-D2CD40EA1852,SYNTHETIC — integrated V2 (fixed),2025-06-18 00:00:00.000,,6D9E965A-B7DD-5EC1-AE1C-429F3B0CA2FE,03CDF464-23E4-5854-BF20-9052EC600118,83.72,,,FALSE
,,,,,,A8461C6C-7A4F-54DE-9B92-9F215036C45E,SYNTHETIC — integrated V2 (fixed),2025-07-19 00:00:00.000,,98568079-D27A-5A47-AFC7-FB0A9D0A9D8D,03CDF464-23E4-5854-BF20-9052EC600118,93.15,,,FALSE
,,,,,,8040C400-F38F-5834-98D2-13FDFCC541BF,SYNTHETIC — integrated V2 (fixed),2025-08-20 00:00:00.000,,73068635-E5CC-5A46-AEE2-1EAD2807036F,03CDF464-23E4-5854-BF20-9052EC600118,83.70,,,FALSE
,,,,,,429606DB-8ABE-5CFA-9D27-93EF31C370D5,SYNTHETIC — integrated V2 (fixed),2025-01-21 00:00:00.000,,E340984E-ACA5-526F-ADB7-CE7437FFB1A2,03CDF464-23E4-5854-BF20-9052EC600118,92.23,,,FALSE
,,,,,,C9E8677D-E4B2-5B43-9A17-030646404FA5,SYNTHETIC — integrated V2 (fixed),2025-02-22 00:00:00.000,,2722E216-FC5D-5471-A276-B30005807246,03CDF464-23E4-5854-BF20-9052EC600118,94.44,,,FALSE
,,,,,,A94988AC-50A4-515D-98DA-190B0706A5F6,SYNTHETIC — integrated V2 (fixed),2025-03-23 00:00:00.000,,3A6DB93D-C8F7-5973-8062-6C82A67EC174,03CDF464-23E4-5854-BF20-9052EC600118,95.80,,,FALSE
,,,,,,EA9989C2-8AE1-5B6E-ABAA-9267432935A7,SYNTHETIC — integrated V2 (fixed),2025-04-24 00:00:00.000,,2C9FFD85-AA4F-574F-BC13-22050362D325,03CDF464-23E4-5854-BF20-9052EC600118,91.39,,,FALSE
,,,,,,4FF93F22-1CD9-5FC7-BB9E-3A854E35348C,SYNTHETIC — integrated V2 (fixed),2025-05-25 00:00:00.000,,5525B964-6A74-58C9-89E7-F4171CD334F5,03CDF464-23E4-5854-BF20-9052EC600118,98.46,,,FALSE
,,,,,,2C90876A-3033-52FD-A2B0-D7957122C89B,SYNTHETIC — integrated V2 (fixed),2025-06-26 00:00:00.000,,3F09FD15-873C-519D-A602-1F4A523EC418,03CDF464-23E4-5854-BF20-9052EC600118,90.64,,,FALSE
,,,,,,4521A948-8DB4-57C9-AD7A-DE07CBC7D66A,SYNTHETIC — integrated V2 (fixed),2025-07-27 00:00:00.000,,C47DE570-5B84-53DA-8C72-176F4E495AB9,03CDF464-23E4-5854-BF20-9052EC600118,92.26,,,FALSE
,,,,,,209BD3AD-17D6-5EF4-AB69-737AAC8CEEDB,SYNTHETIC — integrated V2 (fixed),2025-08-01 00:00:00.000,,6C8F9329-E5CF-5B69-B15D-F085E8D06091,03CDF464-23E4-5854-BF20-9052EC600118,80.34,,,FALSE
,,,,,,F3B70947-7AB8-55DB-AB66-D6A0A31ADB28,SYNTHETIC — integrated V2 (fixed),2025-01-02 00:00:00.000,,FE5E91DC-8973-5096-8323-0D5EF5061B95,03CDF464-23E4-5854-BF20-9052EC600118,98.48,,,FALSE
,,,,,,21CB14E4-98B8-5908-8539-D73D75F044FB,SYNTHETIC — integrated V2 (fixed),2025-02-03 00:00:00.000,,99B0FB20-42D2-5DE7-83E7-E388FB24A411,03CDF464-23E4-5854-BF20-9052EC600118,86.41,,,FALSE
,,,,,,E1CFB207-FA7D-5CE8-936D-2B35530B6FCB,SYNTHETIC — integrated V2 (fixed),2025-03-04 00:00:00.000,,E075532D-AB8C-5458-872D-A9B1B0991F41,03CDF464-23E4-5854-BF20-9052EC600118,91.95,,,FALSE
,,,,,,CBC9BD95-73A5-59BF-BCFD-F30992314688,SYNTHETIC — integrated V2 (fixed),2025-04-05 00:00:00.000,,2A48AC70-1F15-5737-9D39-853C97C80C9F,03CDF464-23E4-5854-BF20-9052EC600118,94.43,,,FALSE
,,,,,,A851DD56-866F-5923-B0A6-19BDB0B11A8B,SYNTHETIC — integrated V2 (fixed),2025-05-06 00:00:00.000,,5E326B17-605D-5101-9F73-ECD229458B05,03CDF464-23E4-5854-BF20-9052EC600118,95.17,,,FALSE
,,,,,,DB0593B1-E991-5A37-B5FA-BC3E7A2016F1,SYNTHETIC — integrated V2 (fixed),2025-06-07 00:00:00.000,,98C7E1F8-96A1-5106-BE6A-CA469C6C227F,03CDF464-23E4-5854-BF20-9052EC600118,97.81,,,FALSE
,,,,,,32AF3857-19CC-5F20-B54E-D3EF4EB2E05B,SYNTHETIC — integrated V2 (fixed),2025-07-08 00:00:00.000,,4ADA9C6D-C3FF-52AB-98EF-5FD5F74F0AD3,03CDF464-23E4-5854-BF20-9052EC600118,81.56,,,FALSE
,,,,,,E5CE3662-1D34-5A4A-AAD6-8F5B9A767126,SYNTHETIC — integrated V2 (fixed),2025-08-09 00:00:00.000,,B19322EE-B88D-5838-82BE-F2BC2819195D,03CDF464-23E4-5854-BF20-9052EC600118,94.93,,,FALSE
,,,,,,B7858025-7776-5C12-B209-88B3225A9E24,SYNTHETIC — integrated V2 (fixed),2025-01-10 00:00:00.000,,B4CC365F-492B-5A6F-9FAA-D761C411B21E,03CDF464-23E4-5854-BF20-9052EC600118,94.69,,,FALSE
,,,,,,1CEB7127-A7F9-58EA-AD95-89A5CC12EA06,SYNTHETIC — integrated V2 (fixed),2025-02-11 00:00:00.000,,3C25C9B9-6CFD-5617-99F4-CCA12C97DC9F,03CDF464-23E4-5854-BF20-9052EC600118,93.49,,,FALSE
,,,,,,B3658393-C684-5F89-B232-1E8645DAC209,SYNTHETIC — integrated V2 (fixed),2025-03-12 00:00:00.000,,4147E14D-31AD-54DC-B3B7-9CFA188408C8,03CDF464-23E4-5854-BF20-9052EC600118,94.88,,,FALSE
,,,,,,52DC85E8-1E39-59B3-A1FB-FEC6604E17E3,SYNTHETIC — integrated V2 (fixed),2025-04-13 00:00:00.000,,87A19F50-DC80-5EC9-9F4A-49FB51BC7F25,03CDF464-23E4-5854-BF20-9052EC600118,97.88,,,FALSE
,,,,,,14C7FB76-9D5D-5D1D-92B1-253E5935ED46,SYNTHETIC — integrated V2 (fixed),2025-05-14 00:00:00.000,,8A50E59D-DDA1-5D6F-A590-FF30456C9AD9,03CDF464-23E4-5854-BF20-9052EC600118,96.09,,,FALSE
,,,,,,FC3A6C5C-3F47-5270-8751-1D2A044CD84B,SYNTHETIC — integrated V2 (fixed),2025-06-15 00:00:00.000,,7FA73ABC-9B4F-548B-80F5-6703532AAA3D,03CDF464-23E4-5854-BF20-9052EC600118,94.72,,,FALSE
,,,,,,BDA3F23B-B83C-5375-B9B8-3ADB9CD34DC3,SYNTHETIC — integrated V2 (fixed),2025-07-16 00:00:00.000,,8D6DCDE2-7727-5432-B232-E79F3655B07B,917BCF85-DADC-551D-A630-8A5266247070,82.98,,,FALSE
,,,,,,FCA1034F-23D1-5C80-B17D-CA82DC3325EB,SYNTHETIC — integrated V2 (fixed),2025-08-17 00:00:00.000,,C8124A04-C468-5832-BF15-49C1E2279F30,917BCF85-DADC-551D-A630-8A5266247070,83.29,,,FALSE
,,,,,,47CB337B-F9A3-58D9-B496-C84842EE87E3,SYNTHETIC — integrated V2 (fixed),2025-01-18 00:00:00.000,,3DC5AC8B-1534-587E-9667-A0E82872596E,917BCF85-DADC-551D-A630-8A5266247070,88.70,,,FALSE
,,,,,,F9BC2FEC-60D6-5DFF-B4CF-789F8E765BFD,SYNTHETIC — integrated V2 (fixed),2025-02-19 00:00:00.000,,4A6E3F1B-29BC-5D38-A656-F80D009DCA69,917BCF85-DADC-551D-A630-8A5266247070,87.54,,,FALSE
,,,,,,E4CFF24E-3AF0-5FBA-9562-C4393CD711EA,SYNTHETIC — integrated V2 (fixed),2025-03-20 00:00:00.000,,CD026BE5-D718-5B3A-AD16-6E076C7BD6D6,917BCF85-DADC-551D-A630-8A5266247070,93.16,,,FALSE
,,,,,,2B7C0193-8AD2-5132-90D6-EC0125159542,SYNTHETIC — integrated V2 (fixed),2025-04-21 00:00:00.000,,1206F248-8F37-5D5A-BCB9-B145B26D0CF8,917BCF85-DADC-551D-A630-8A5266247070,89.80,,,FALSE
,,,,,,B6AEF3F7-49DF-5938-A721-1C9ED30FE32D,SYNTHETIC — integrated V2 (fixed),2025-05-22 00:00:00.000,,ABD5464B-B280-59FA-A07C-1E8C03F78645,917BCF85-DADC-551D-A630-8A5266247070,84.55,,,FALSE
,,,,,,AA4D3613-B947-5291-9D6D-08AC58B282CE,SYNTHETIC — integrated V2 (fixed),2025-06-23 00:00:00.000,,00DE0A4D-9C5C-5B79-A53C-AC65286DF887,917BCF85-DADC-551D-A630-8A5266247070,92.18,,,FALSE
,,,,,,49F400C7-67D9-53F7-8C2F-7709D22BA540,SYNTHETIC — integrated V2 (fixed),2025-07-24 00:00:00.000,,F5504053-5084-54A6-B7D0-A2E7D681CFA9,917BCF85-DADC-551D-A630-8A5266247070,85.22,,,FALSE
,,,,,,55B846CE-0304-5467-83C6-6E6D33550CDF,SYNTHETIC — integrated V2 (fixed),2025-08-25 00:00:00.000,,EDE9A3EB-73A3-5763-93EB-9B5DBE6112D5,917BCF85-DADC-551D-A630-8A5266247070,86.99,,,FALSE
,,,,,,8689D2D4-7776-5FC8-813D-D63017F0337E,SYNTHETIC — integrated V2 (fixed),2025-01-26 00:00:00.000,,EA5DC98E-26F5-584F-ABDF-2B7B6631CF67,917BCF85-DADC-551D-A630-8A5266247070,82.88,,,FALSE
,,,,,,080F0B64-D97A-588D-B40C-A051B359AE52,SYNTHETIC — integrated V2 (fixed),2025-02-27 00:00:00.000,,C172B926-A895-5C7D-B305-40514732A97F,917BCF85-DADC-551D-A630-8A5266247070,85.71,,,FALSE
,,,,,,0ABDF50B-E599-5A0E-AAD7-B3801C204FEF,SYNTHETIC — integrated V2 (fixed),2025-03-01 00:00:00.000,,B970D121-06D9-5233-AC75-59A26FD48644,917BCF85-DADC-551D-A630-8A5266247070,81.12,,,FALSE
,,,,,,99EE49D0-F7F6-53CE-8FC9-ACF251077CD3,SYNTHETIC — integrated V2 (fixed),2025-04-02 00:00:00.000,,C7C1E8A9-A688-5047-B36E-5B4CA17328CF,917BCF85-DADC-551D-A630-8A5266247070,94.46,,,FALSE
,,,,,,B9868147-0FE8-5766-9C66-DD78C3C1EBB4,SYNTHETIC — integrated V2 (fixed),2025-05-03 00:00:00.000,,9C280BC9-1018-553E-9FAC-826738A59C0C,917BCF85-DADC-551D-A630-8A5266247070,84.80,,,FALSE
,,,,,,EE1AC5CF-17E4-5D7C-BA29-EA983FBBF170,SYNTHETIC — integrated V2 (fixed),2025-06-04 00:00:00.000,,BD857E39-7713-5E7D-89D4-3BDDA06CFA3F,917BCF85-DADC-551D-A630-8A5266247070,85.74,,,FALSE
,,,,,,5A705A98-7EAC-500C-AD19-08E66229D28F,SYNTHETIC — integrated V2 (fixed),2025-07-05 00:00:00.000,,A8B807DD-65E3-53FA-9DB3-2191CFE12065,917BCF85-DADC-551D-A630-8A5266247070,87.91,,,FALSE
,,,,,,62C92069-66BF-5B0B-ADBA-8D0357CE459C,SYNTHETIC — integrated V2 (fixed),2025-08-06 00:00:00.000,,D56CF056-90FC-5C26-9ADB-FD93275A5487,917BCF85-DADC-551D-A630-8A5266247070,83.31,,,FALSE
,,,,,,A8B6980C-FFB9-5F9B-92BA-AF12781ABDDE,SYNTHETIC — integrated V2 (fixed),2025-01-07 00:00:00.000,,09FF2D5B-E407-5E05-B158-EE10853929C8,917BCF85-DADC-551D-A630-8A5266247070,87.22,,,FALSE
,,,,,,4A5DFB3F-03B5-5B3F-9852-099CA5A15225,SYNTHETIC — integrated V2 (fixed),2025-02-08 00:00:00.000,,0A067A07-821E-508A-83F4-C851C94D1841,917BCF85-DADC-551D-A630-8A5266247070,94.95,,,FALSE
,,,,,,1A9526DC-BD8E-563C-9E4A-9481E88601A5,SYNTHETIC — integrated V2 (fixed),2025-03-09 00:00:00.000,,B2A0A9E3-0268-56B0-8DF0-E54AF856BB8B,917BCF85-DADC-551D-A630-8A5266247070,88.46,,,FALSE
,,,,,,6E503269-36A0-59E5-B29F-D2C65C57CAD6,SYNTHETIC — integrated V2 (fixed),2025-04-10 00:00:00.000,,67DCDB69-581F-53F8-82F0-508EAAB3BB05,917BCF85-DADC-551D-A630-8A5266247070,69.37,,,FALSE
,,,,,,D41ABD3A-44E1-5B49-8488-2C6805F30B64,SYNTHETIC — integrated V2 (fixed),2025-05-11 00:00:00.000,,EE5A1EE9-9766-5D3B-ABE0-EC815650D25F,917BCF85-DADC-551D-A630-8A5266247070,81.33,,,FALSE
,,,,,,E568186B-E969-5A74-8996-D72CACB495FD,SYNTHETIC — integrated V2 (fixed),2025-06-12 00:00:00.000,,88CDCD8F-51BD-549C-B531-BA6DE3E8A1A4,917BCF85-DADC-551D-A630-8A5266247070,82.75,,,FALSE
,,,,,,48766B60-7B8E-5227-9A4F-9E77EE26141C,SYNTHETIC — integrated V2 (fixed),2025-07-13 00:00:00.000,,A7715D00-D56E-5C71-AF9F-F107146390D7,917BCF85-DADC-551D-A630-8A5266247070,81.11,,,FALSE
,,,,,,01BB90D3-8967-5A5C-BB61-08A07D8CD947,SYNTHETIC — integrated V2 (fixed),2025-08-14 00:00:00.000,,884CA0D5-A38E-5339-97E8-012EA56046FE,917BCF85-DADC-551D-A630-8A5266247070,84.33,,,FALSE
,,,,,,F6CDB34F-475C-5C74-9BD0-6D017DAE3754,SYNTHETIC — integrated V2 (fixed),2025-01-15 00:00:00.000,,66C25C71-8133-57AA-B85F-B81B00C09194,917BCF85-DADC-551D-A630-8A5266247070,86.03,,,FALSE
,,,,,,BCB3BCE4-83EF-5273-AD5F-98501BE8DF60,SYNTHETIC — integrated V2 (fixed),2025-02-16 00:00:00.000,,A5CE07F0-E083-50EE-9549-E056BA055694,917BCF85-DADC-551D-A630-8A5266247070,90.60,,,FALSE
,,,,,,151CE54D-EAED-5C4E-AB65-6E225058176E,SYNTHETIC — integrated V2 (fixed),2025-03-17 00:00:00.000,,288B7BC7-67AA-50E7-BE84-346D2B2CB7BC,917BCF85-DADC-551D-A630-8A5266247070,93.22,,,FALSE
,,,,,,3DFD73B3-FBE4-5BE2-878B-AEB993A47967,SYNTHETIC — integrated V2 (fixed),2025-04-18 00:00:00.000,,A1419A4C-85C9-59AC-99EA-A928EF7FEA6D,917BCF85-DADC-551D-A630-8A5266247070,87.02,,,FALSE
,,,,,,D452B305-237F-578C-8664-5FBE4C1C73B1,SYNTHETIC — integrated V2 (fixed),2025-05-19 00:00:00.000,,A49012CF-11D2-5534-B267-A011DCE8D11A,917BCF85-DADC-551D-A630-8A5266247070,87.12,,,FALSE
,,,,,,02C72F35-6DF2-535C-B881-73EEA4BDEF64,SYNTHETIC — integrated V2 (fixed),2025-06-20 00:00:00.000,,30925F3F-4C68-5707-944F-72E0E5633955,917BCF85-DADC-551D-A630-8A5266247070,82.54,,,FALSE
,,,,,,CDAC1DFC-07F5-5AAA-ACF7-174A83106211,SYNTHETIC — integrated V2 (fixed),2025-07-21 00:00:00.000,,5673EA39-914F-5F9F-BFD3-C949BD7DB1AC,917BCF85-DADC-551D-A630-8A5266247070,94.13,,,FALSE
,,,,,,6BC3F466-8A3A-514B-95C5-ED43F221577D,SYNTHETIC — integrated V2 (fixed),2025-08-22 00:00:00.000,,CB19A2BC-ECA4-546E-AB99-A32A23DC7B10,917BCF85-DADC-551D-A630-8A5266247070,85.39,,,FALSE
,,,,,,CA7C91FE-A31E-543B-BE95-6F3A9B18244F,SYNTHETIC — integrated V2 (fixed),2025-01-23 00:00:00.000,,52611C34-02B2-5976-B09F-660B9F4FB2F0,917BCF85-DADC-551D-A630-8A5266247070,83.49,,,FALSE
,,,,,,667DEBCE-B100-5059-AB1C-8388525FC762,SYNTHETIC — integrated V2 (fixed),2025-02-24 00:00:00.000,,CB625AEE-3B8F-572E-B359-DB081C5F6B47,917BCF85-DADC-551D-A630-8A5266247070,82.20,,,FALSE
,,,,,,F883E21C-4C88-5C86-BDED-808DCF101BE6,SYNTHETIC — integrated V2 (fixed),2025-03-25 00:00:00.000,,95C90663-ABA6-5CA3-8E8C-FE7B74194608,917BCF85-DADC-551D-A630-8A5266247070,90.51,,,FALSE
,,,,,,1D8B5ABD-A06B-5E37-8158-A9DB10FE3BE6,SYNTHETIC — integrated V2 (fixed),2025-04-26 00:00:00.000,,D03DDC84-9DDE-5C99-817C-BE776C9C7079,917BCF85-DADC-551D-A630-8A5266247070,87.91,,,FALSE
,,,,,,A60C347B-ED09-5433-86AE-8FA97C612F60,SYNTHETIC — integrated V2 (fixed),2025-05-27 00:00:00.000,,13FC5845-4AB0-5749-A92A-A5C0AC10BBC5,917BCF85-DADC-551D-A630-8A5266247070,83.77,,,FALSE
,,,,,,8557A22F-14B2-5381-8DF2-0E4F62B7D0FD,SYNTHETIC — integrated V2 (fixed),2025-06-01 00:00:00.000,,048F7CD7-4DF2-5D12-AD2E-52AE098B38D0,917BCF85-DADC-551D-A630-8A5266247070,88.66,,,FALSE
,,,,,,420901AD-1690-56B1-A54B-E45F7104461D,SYNTHETIC — integrated V2 (fixed),2025-07-02 00:00:00.000,,0A91260E-CE0D-5AD2-8FD1-DC7710AE0B67,917BCF85-DADC-551D-A630-8A5266247070,83.51,,,FALSE
,,,,,,0AF976E8-609F-54B4-93A9-F5FFB2C89CC2,SYNTHETIC — integrated V2 (fixed),2025-08-03 00:00:00.000,,2897771F-1592-58AC-BAE5-BACC842268ED,917BCF85-DADC-551D-A630-8A5266247070,76.06,,,FALSE
,,,,,,80674DED-4AF0-56B4-A82F-676B047FD1F9,SYNTHETIC — integrated V2 (fixed),2025-01-04 00:00:00.000,,D98952BE-A3A5-5EA0-AFAF-48B1AA7A07DD,917BCF85-DADC-551D-A630-8A5266247070,81.95,,,FALSE
,,,,,,7663F6FC-3144-5397-8DC5-49CF05A78783,SYNTHETIC — integrated V2 (fixed),2025-02-05 00:00:00.000,,FE9E13D1-B1A1-5658-9ADE-BC309B8CE92A,917BCF85-DADC-551D-A630-8A5266247070,86.82,,,FALSE
,,,,,,55B1F533-E637-592C-BE49-07B3119C93B6,SYNTHETIC — integrated V2 (fixed),2025-03-06 00:00:00.000,,568E899D-AB08-5F16-AD26-B17A37F42651,917BCF85-DADC-551D-A630-8A5266247070,75.11,,,FALSE
,,,,,,A8A251E0-1271-51D8-829F-8F673FA25406,SYNTHETIC — integrated V2 (fixed),2025-04-07 00:00:00.000,,0CD83ADF-65C4-5A62-B3FA-4D8D4E05CDB5,917BCF85-DADC-551D-A630-8A5266247070,83.00,,,FALSE
,,,,,,4FEFE8DE-C128-57D8-B2A9-D05EA011ABBB,SYNTHETIC — integrated V2 (fixed),2025-05-08 00:00:00.000,,86045279-A4A8-5753-91CB-13D89D6BFB37,917BCF85-DADC-551D-A630-8A5266247070,92.72,,,FALSE
,,,,,,E79AFB8F-D81A-5126-9812-31F64FF56B0A,SYNTHETIC — integrated V2 (fixed),2025-06-09 00:00:00.000,,A1647C0F-FC7C-5287-963F-C19BCAECA3C2,917BCF85-DADC-551D-A630-8A5266247070,75.58,,,FALSE
,,,,,,06BC0CE1-AE47-507E-B88E-0EB0637E5F30,SYNTHETIC — integrated V2 (fixed),2025-07-10 00:00:00.000,,DFFF0CA7-F6DE-5696-81F5-5F11C8A4BFA9,917BCF85-DADC-551D-A630-8A5266247070,85.15,,,FALSE
,,,,,,B69CE732-6878-52F2-B41E-F0F303A6AA18,SYNTHETIC — integrated V2 (fixed),2025-08-11 00:00:00.000,,AAD54B39-9EC3-598B-B774-8F0F7F0B3BEE,917BCF85-DADC-551D-A630-8A5266247070,86.21,,,FALSE
,,,,,,8E68A5E4-3124-5DE1-83AC-BC1848ADCF30,SYNTHETIC — integrated V2 (fixed),2025-01-12 00:00:00.000,,2BC52746-ECE3-59D5-9E8C-488B6EBE35FA,917BCF85-DADC-551D-A630-8A5266247070,83.52,,,FALSE
,,,,,,83143D05-79E7-5E13-A6B3-388172D0E91B,SYNTHETIC — integrated V2 (fixed),2025-02-13 00:00:00.000,,693E1E02-8427-5C3B-897D-1318C5A08FD9,917BCF85-DADC-551D-A630-8A5266247070,84.15,,,FALSE
,,,,,,759A5D7C-67A7-5818-9E6B-4AE49EFD060E,SYNTHETIC — integrated V2 (fixed),2025-03-14 00:00:00.000,,B8857292-C25D-54CC-8E8D-9A350CA7DE42,917BCF85-DADC-551D-A630-8A5266247070,86.97,,,FALSE
,,,,,,4C8C42C1-3F2D-5A4E-9498-4339912973B6,SYNTHETIC — integrated V2 (fixed),2025-04-15 00:00:00.000,,E711FC2E-D43A-58D6-93BF-F30BBE02DDD7,917BCF85-DADC-551D-A630-8A5266247070,86.61,,,FALSE
,,,,,,AA1B3880-0BFC-59AA-9F23-5D92CD2AB166,SYNTHETIC — integrated V2 (fixed),2025-05-16 00:00:00.000,,47641A66-7D11-50C1-94A6-5BF95FA18FC9,917BCF85-DADC-551D-A630-8A5266247070,82.31,,,FALSE
,,,,,,335D7797-1267-5040-9BF3-15F2B103E058,SYNTHETIC — integrated V2 (fixed),2025-06-17 00:00:00.000,,EDFAB8B8-86BB-5D83-BE74-B46D5C63F40B,917BCF85-DADC-551D-A630-8A5266247070,92.47,,,FALSE
,,,,,,DD61D49A-852D-59C9-A7F8-0A85B6E85478,SYNTHETIC — integrated V2 (fixed),2025-07-18 00:00:00.000,,6E93F65F-787F-59C3-88C3-2DA0146ED248,917BCF85-DADC-551D-A630-8A5266247070,73.23,,,FALSE
,,,,,,CB3BA2FD-86CC-5ED9-964B-70C0E700498A,SYNTHETIC — integrated V2 (fixed),2025-08-19 00:00:00.000,,B33386F7-A66B-5C26-8EE9-3670F631E4C4,917BCF85-DADC-551D-A630-8A5266247070,83.52,,,FALSE
,,,,,,5D11E6ED-86BC-5114-830E-943F22D3FAC8,SYNTHETIC — integrated V2 (fixed),2025-01-20 00:00:00.000,,3FA5DE2A-18F2-5909-8A23-6B4594BE37DD,917BCF85-DADC-551D-A630-8A5266247070,90.98,,,FALSE
,,,,,,DD68F5D5-574A-5056-8841-6CB4192055E7,SYNTHETIC — integrated V2 (fixed),2025-02-21 00:00:00.000,,97EE6ECE-8AAA-5398-8050-ED75261CA30B,917BCF85-DADC-551D-A630-8A5266247070,81.33,,,FALSE
,,,,,,16FFFD30-47D9-5AA6-A381-643CA1A3FEF3,SYNTHETIC — integrated V2 (fixed),2025-03-22 00:00:00.000,,3F94F959-27F9-5044-8989-D92E592C7801,917BCF85-DADC-551D-A630-8A5266247070,81.41,,,FALSE
,,,,,,15913DBE-7013-549B-946D-3D6DA7AE3777,SYNTHETIC — integrated V2 (fixed),2025-04-23 00:00:00.000,,975929FF-4FC2-5CF1-AC37-466A3B802DF8,917BCF85-DADC-551D-A630-8A5266247070,90.10,,,FALSE
,,,,,,5EC7789B-6A39-584A-B525-208F59B83E86,SYNTHETIC — integrated V2 (fixed),2025-05-24 00:00:00.000,,4689D922-6723-5991-B9F0-E43BCE8C41E8,917BCF85-DADC-551D-A630-8A5266247070,91.16,,,FALSE
,,,,,,ECEDBC9C-312B-51DC-942B-9D9E32887D58,SYNTHETIC — integrated V2 (fixed),2025-06-25 00:00:00.000,,6192046E-1DE9-5E56-9B9C-24714954F7EC,917BCF85-DADC-551D-A630-8A5266247070,85.33,,,FALSE
,,,,,,AF23A561-1794-5CA1-B10C-3628EECCF466,SYNTHETIC — integrated V2 (fixed),2025-07-26 00:00:00.000,,A0BDD03E-C559-5086-9804-57C9E7D6849E,917BCF85-DADC-551D-A630-8A5266247070,88.57,,,FALSE
,,,,,,07784854-7BC7-5ECA-BDD4-CACF4FB75117,SYNTHETIC — integrated V2 (fixed),2025-08-27 00:00:00.000,,AF037C42-E849-56F0-B124-2D210E40578B,917BCF85-DADC-551D-A630-8A5266247070,92.17,,,FALSE
,,,,,,13F23BCD-52EF-574F-ACC6-7AB94AFF9049,SYNTHETIC — integrated V2 (fixed),2025-01-01 00:00:00.000,,BCF09485-16D3-5B08-9E52-1ACAC0AE656B,917BCF85-DADC-551D-A630-8A5266247070,88.95,,,FALSE
,,,,,,97E544B0-E0F2-5A44-8A8C-DF6E49262D21,SYNTHETIC — integrated V2 (fixed),2025-02-02 00:00:00.000,,E64D4AE1-8E69-52A5-AD39-99BFCA1B0B01,917BCF85-DADC-551D-A630-8A5266247070,94.74,,,FALSE
,,,,,,30AE404E-D939-5FBD-8E73-82C169F926FA,SYNTHETIC — integrated V2 (fixed),2025-03-03 00:00:00.000,,7C7F9B8D-B8C9-584D-ABD1-50B2EA62DA09,917BCF85-DADC-551D-A630-8A5266247070,62.52,,,FALSE
,,,,,,1BC27665-96A3-5886-8EDB-570805D8AC2B,SYNTHETIC — integrated V2 (fixed),2025-04-04 00:00:00.000,,AFCB8AD1-6718-528B-B8D6-C01229CBBFED,917BCF85-DADC-551D-A630-8A5266247070,91.17,,,FALSE
,,,,,,03DE83EF-F14A-5D54-A2FD-1A335C2D63BE,SYNTHETIC — integrated V2 (fixed),2025-05-05 00:00:00.000,,DE2EDE8F-D5D2-5E61-B821-88BB4B3C83CD,917BCF85-DADC-551D-A630-8A5266247070,86.29,,,FALSE
,,,,,,F2879B3F-447F-597F-B8D9-0CBF58C47571,SYNTHETIC — integrated V2 (fixed),2025-06-06 00:00:00.000,,4766D6D8-8602-576F-BE72-DEE8188383B0,917BCF85-DADC-551D-A630-8A5266247070,86.35,,,FALSE
,,,,,,82E89912-889D-5A64-81E0-285A66F4F551,SYNTHETIC — integrated V2 (fixed),2025-07-07 00:00:00.000,,02E6D99F-5168-5142-83A0-582CB3D909E1,917BCF85-DADC-551D-A630-8A5266247070,90.58,,,FALSE
,,,,,,B518C2FF-B887-551B-A7F9-1C0EE751CFCF,SYNTHETIC — integrated V2 (fixed),2025-08-08 00:00:00.000,,5352D074-02B0-535F-95DE-8007DBE6659C,917BCF85-DADC-551D-A630-8A5266247070,94.74,,,FALSE
,,,,,,3B5928D4-F434-5749-A27B-AB4C1BAB75E5,SYNTHETIC — integrated V2 (fixed),2025-01-09 00:00:00.000,,6EC397E8-2633-5A93-9F8E-2452F25814F8,917BCF85-DADC-551D-A630-8A5266247070,83.95,,,FALSE
,,,,,,937A167C-CBC9-54DF-9EB1-DFD136CAD1D1,SYNTHETIC — integrated V2 (fixed),2025-02-10 00:00:00.000,,7FE1C568-85EA-5C2F-86CB-909539B82001,917BCF85-DADC-551D-A630-8A5266247070,81.05,,,FALSE
,,,,,,762C94BB-F99F-58F7-AA2E-115A876D1499,SYNTHETIC — integrated V2 (fixed),2025-03-11 00:00:00.000,,3B035FD8-F9BB-5BE6-AD3D-941F78D2EBE3,917BCF85-DADC-551D-A630-8A5266247070,92.57,,,FALSE
,,,,,,E222D60A-6B36-51B3-8397-D5CF6C5572CF,SYNTHETIC — integrated V2 (fixed),2025-04-12 00:00:00.000,,B030BE03-8D46-5A56-9A21-91DC66D9EC9A,917BCF85-DADC-551D-A630-8A5266247070,83.72,,,FALSE
,,,,,,647685C4-BD16-5B05-BF48-224E90967B1C,SYNTHETIC — integrated V2 (fixed),2025-05-13 00:00:00.000,,604F3E4C-0797-5C7E-B31D-43547E8DDDAB,917BCF85-DADC-551D-A630-8A5266247070,85.40,,,FALSE
,,,,,,AC374E79-DCC5-5449-BA1A-E2E8A323C8B3,SYNTHETIC — integrated V2 (fixed),2025-06-14 00:00:00.000,,C4202F99-50C4-53E1-85EE-CB166E9067CE,917BCF85-DADC-551D-A630-8A5266247070,83.79,,,FALSE
,,,,,,B13508E2-8CB0-595E-803A-083438893C79,SYNTHETIC — integrated V2 (fixed),2025-07-15 00:00:00.000,,4565A2B0-B5FC-502C-8F37-E9B9DE28ED64,917BCF85-DADC-551D-A630-8A5266247070,80.49,,,FALSE
,,,,,,53D0944B-7E8C-523D-AD45-43CF3C0E1ECC,SYNTHETIC — integrated V2 (fixed),2025-08-16 00:00:00.000,,E1DE3F09-A5E2-53B9-BD89-D6B27367C7FB,917BCF85-DADC-551D-A630-8A5266247070,81.58,,,FALSE
,,,,,,1776443C-40AD-5505-8CE0-36F14142D18C,SYNTHETIC — integrated V2 (fixed),2025-01-17 00:00:00.000,,1D1F6CD3-1C6F-56FB-B0C7-5AC4D526F538,917BCF85-DADC-551D-A630-8A5266247070,81.14,,,FALSE
,,,,,,8940668C-190D-5BCB-95FD-A9FCAD3A0A50,SYNTHETIC — integrated V2 (fixed),2025-02-18 00:00:00.000,,B5DDEC18-C9CE-5CED-86F4-DB5226279DB9,917BCF85-DADC-551D-A630-8A5266247070,80.20,,,FALSE
,,,,,,1DF480F4-4F01-5A4A-A0FE-B2851472B411,SYNTHETIC — integrated V2 (fixed),2025-03-19 00:00:00.000,,B85F5E6F-D2D5-52E5-9DFF-804A5A42A635,917BCF85-DADC-551D-A630-8A5266247070,82.50,,,FALSE
,,,,,,7E96F35C-0C2F-54B8-98B1-52354D151D67,SYNTHETIC — integrated V2 (fixed),2025-04-20 00:00:00.000,,ECE2AF53-F37D-50C8-B4A7-2C2124208131,917BCF85-DADC-551D-A630-8A5266247070,90.01,,,FALSE
,,,,,,2866BB0A-D294-5C24-99D2-7179D7D8364C,SYNTHETIC — integrated V2 (fixed),2025-05-21 00:00:00.000,,1B2DECFA-A9CD-5A4E-BEEB-590131600BBB,917BCF85-DADC-551D-A630-8A5266247070,87.14,,,FALSE
,,,,,,70C5D805-8AAC-56F1-99F0-208C9D1DBBB6,SYNTHETIC — integrated V2 (fixed),2025-06-22 00:00:00.000,,EDFA6113-3013-5B5C-A2C9-DB395224820E,917BCF85-DADC-551D-A630-8A5266247070,80.45,,,FALSE
,,,,,,33C68A96-F0D2-56B2-8383-F0E7C98CEDFB,SYNTHETIC — integrated V2 (fixed),2025-07-23 00:00:00.000,,55B8A6CE-8529-5103-88B6-63F856D33902,917BCF85-DADC-551D-A630-8A5266247070,92.87,,,FALSE
,,,,,,30A919A5-B07D-5B43-8FFC-C5BB2E05CDD2,SYNTHETIC — integrated V2 (fixed),2025-08-24 00:00:00.000,,F035251F-2E23-5247-8E58-1823EF153A29,917BCF85-DADC-551D-A630-8A5266247070,94.41,,,FALSE
,,,,,,0FC9E8DF-2F7A-5B37-96BC-8768551066DE,SYNTHETIC — integrated V2 (fixed),2025-01-25 00:00:00.000,,ADAC5A30-9820-5268-BE79-62D426B08D1C,917BCF85-DADC-551D-A630-8A5266247070,93.43,,,FALSE
,,,,,,940880BA-AB7B-5C5E-BE24-71B87B5D25BE,SYNTHETIC — integrated V2 (fixed),2025-02-26 00:00:00.000,,064394A7-B910-5B67-AABA-3069C3728060,917BCF85-DADC-551D-A630-8A5266247070,84.10,,,FALSE
,,,,,,2C6AA0B0-74B8-5881-AF7F-A0E4DC68084E,SYNTHETIC — integrated V2 (fixed),2025-03-27 00:00:00.000,,824F6B6F-DE73-5E4F-890C-54451B0D88CD,917BCF85-DADC-551D-A630-8A5266247070,84.25,,,FALSE
,,,,,,379AF3A2-F022-5112-8FBC-475F91FA6D97,SYNTHETIC — integrated V2 (fixed),2025-04-01 00:00:00.000,,09F3068C-6397-518A-ABD5-7897E7598408,917BCF85-DADC-551D-A630-8A5266247070,89.33,,,FALSE
,,,,,,4265656C-7A38-5B04-870F-0382345E46B7,SYNTHETIC — integrated V2 (fixed),2025-05-02 00:00:00.000,,132688F8-9366-5998-BE06-6C4A3FE20553,917BCF85-DADC-551D-A630-8A5266247070,91.24,,,FALSE
,,,,,,7B87D561-B90D-5BFD-97D7-06E49347CFC4,SYNTHETIC — integrated V2 (fixed),2025-06-03 00:00:00.000,,31779CEF-4361-54DC-BC42-BF916C2EBAFE,917BCF85-DADC-551D-A630-8A5266247070,89.61,,,FALSE
,,,,,,80342D18-DE48-5965-9D36-F804CFB33A6A,SYNTHETIC — integrated V2 (fixed),2025-07-04 00:00:00.000,,EC733AB8-97E2-50BB-AD7F-63A8FB2F15FF,917BCF85-DADC-551D-A630-8A5266247070,85.13,,,FALSE
,,,,,,E4649EAD-58A5-57C7-8B46-6215401FFEE3,SYNTHETIC — integrated V2 (fixed),2025-08-05 00:00:00.000,,C808B455-4C1D-5046-8B79-B084B51050C8,917BCF85-DADC-551D-A630-8A5266247070,93.82,,,FALSE
,,,,,,EB3CC5B4-5306-5D95-8FC0-A6D315636DAC,SYNTHETIC — integrated V2 (fixed),2025-01-06 00:00:00.000,,D4977679-256E-5863-A541-45BB6751CFCE,917BCF85-DADC-551D-A630-8A5266247070,91.01,,,FALSE
,,,,,,304B66ED-814D-55CC-98B7-61DD44128E03,SYNTHETIC — integrated V2 (fixed),2025-02-07 00:00:00.000,,A17EEC84-1C33-5627-9B62-294F689D9AA1,917BCF85-DADC-551D-A630-8A5266247070,90.67,,,FALSE
,,,,,,DA447553-1807-5120-B084-80712E4595A5,SYNTHETIC — integrated V2 (fixed),2025-03-08 00:00:00.000,,51F6E387-EDEA-5FBB-B196-BD1AE562A7FD,917BCF85-DADC-551D-A630-8A5266247070,86.58,,,FALSE
,,,,,,3AD75EC5-AEFA-5A56-9854-25EA1D3F7092,SYNTHETIC — integrated V2 (fixed),2025-04-09 00:00:00.000,,E6A31344-AC25-59C3-8A83-670885485348,917BCF85-DADC-551D-A630-8A5266247070,83.46,,,FALSE
,,,,,,893B46A8-3095-5888-954B-596DEA00AEF0,SYNTHETIC — integrated V2 (fixed),2025-05-10 00:00:00.000,,7D4AE84C-639B-5164-A80F-550EACE97FB9,917BCF85-DADC-551D-A630-8A5266247070,90.51,,,FALSE
,,,,,,CF983439-B3D6-5D22-A07F-DA09F8FB30E3,SYNTHETIC — integrated V2 (fixed),2025-06-11 00:00:00.000,,E656C8AD-D978-5D9C-8B2C-0C3AA3EDADB0,917BCF85-DADC-551D-A630-8A5266247070,80.93,,,FALSE
,,,,,,40E15A0B-137C-5F72-A21C-478860954756,SYNTHETIC — integrated V2 (fixed),2025-07-12 00:00:00.000,,1779692B-ACB9-5F2A-B2ED-9183CB619FD9,917BCF85-DADC-551D-A630-8A5266247070,66.18,,,FALSE
,,,,,,D31D0B3A-9906-504E-8B88-BA3A51BD3F4E,SYNTHETIC — integrated V2 (fixed),2025-08-13 00:00:00.000,,2FE9BC6B-D9E3-5210-BD55-E8788DF9A8DD,917BCF85-DADC-551D-A630-8A5266247070,80.28,,,FALSE
,,,,,,6CAF66B9-5911-548A-9CD3-402E210E39DF,SYNTHETIC — integrated V2 (fixed),2025-01-14 00:00:00.000,,3D18C4EB-7AE5-5F02-86E1-CB597E5309F9,917BCF85-DADC-551D-A630-8A5266247070,81.57,,,FALSE
,,,,,,7BFD7ED8-D740-54E9-9E9D-89E766C468ED,SYNTHETIC — integrated V2 (fixed),2025-02-15 00:00:00.000,,2C9FA992-D830-5908-B853-63A53273D4DB,917BCF85-DADC-551D-A630-8A5266247070,93.06,,,FALSE
,,,,,,4496507C-64F4-593E-B7C9-34EC243D266E,SYNTHETIC — integrated V2 (fixed),2025-03-16 00:00:00.000,,995C39A1-3508-5430-BC8B-B68C56974A48,917BCF85-DADC-551D-A630-8A5266247070,75.59,,,FALSE
,,,,,,0A8854E8-E6EA-5138-8958-FCD031174CF5,SYNTHETIC — integrated V2 (fixed),2025-04-17 00:00:00.000,,CA3E4861-B6BA-55AC-9752-F3A76ED1FF89,917BCF85-DADC-551D-A630-8A5266247070,82.61,,,FALSE
,,,,,,E7D39DA7-7E5D-57F9-9DDB-1CF3E505EFB5,SYNTHETIC — integrated V2 (fixed),2025-05-18 00:00:00.000,,FFF76AEB-5E21-5F8F-A9E5-0A16A8E1E13E,917BCF85-DADC-551D-A630-8A5266247070,83.67,,,FALSE
,,,,,,99337C26-0663-56BF-961D-4B45304F60CB,SYNTHETIC — integrated V2 (fixed),2025-06-19 00:00:00.000,,E846CC36-AB01-5C17-B3D6-B07BD5106215,917BCF85-DADC-551D-A630-8A5266247070,85.59,,,FALSE
,,,,,,0A671382-D5A5-5B91-99A7-A870223273AB,SYNTHETIC — integrated V2 (fixed),2025-07-20 00:00:00.000,,A097BFD3-5A27-59CA-9854-540F63134B45,917BCF85-DADC-551D-A630-8A5266247070,80.48,,,FALSE
,,,,,,EA1A8089-DDED-5385-9EA5-239A2F522931,SYNTHETIC — integrated V2 (fixed),2025-08-21 00:00:00.000,,F8FD565B-02C5-54BF-8A18-BBA482350247,917BCF85-DADC-551D-A630-8A5266247070,84.27,,,FALSE
,,,,,,D548B0A8-3654-59DE-87E2-E8729F9D0F8C,SYNTHETIC — integrated V2 (fixed),2025-01-22 00:00:00.000,,1D9F6912-403A-5E98-B2FF-07D603E50210,917BCF85-DADC-551D-A630-8A5266247070,80.38,,,FALSE
,,,,,,9836AEB1-465F-5BDA-85AD-80E64BABEB25,SYNTHETIC — integrated V2 (fixed),2025-02-23 00:00:00.000,,C7FF9193-50BA-5258-A2B6-C0CCEF647881,917BCF85-DADC-551D-A630-8A5266247070,84.32,,,FALSE
,,,,,,D24220FC-041B-5AE7-8248-88C18C7CFFA0,SYNTHETIC — integrated V2 (fixed),2025-03-24 00:00:00.000,,9BC4B034-8DCB-5B18-A57A-01DABE057E3E,917BCF85-DADC-551D-A630-8A5266247070,83.17,,,FALSE
,,,,,,F288242F-5737-58C8-88E2-064D25869916,SYNTHETIC — integrated V2 (fixed),2025-04-25 00:00:00.000,,05CFB448-149E-5926-909B-16AC10FB5950,917BCF85-DADC-551D-A630-8A5266247070,93.26,,,FALSE
,,,,,,CABD4F18-9788-5897-9751-A7B474D482E3,SYNTHETIC — integrated V2 (fixed),2025-05-26 00:00:00.000,,2161BE9C-54BC-5D29-81EB-BEA9B5238669,917BCF85-DADC-551D-A630-8A5266247070,65.84,,,FALSE
,,,,,,6EA50459-A971-5271-BBBC-46B5E2E45F2F,SYNTHETIC — integrated V2 (fixed),2025-06-27 00:00:00.000,,07AAFFA0-597C-5229-B807-F68B9D123749,917BCF85-DADC-551D-A630-8A5266247070,84.49,,,FALSE
,,,,,,4E026AB5-7BF0-56A0-9A72-D0B70F1FA056,SYNTHETIC — integrated V2 (fixed),2025-07-01 00:00:00.000,,C678877D-3C4C-5E98-A4FE-114BEBC5B434,917BCF85-DADC-551D-A630-8A5266247070,87.91,,,FALSE
,,,,,,B4D65658-99B8-5007-8181-CB57FABF1A6A,SYNTHETIC — integrated V2 (fixed),2025-08-02 00:00:00.000,,F793E20D-B0E3-59EE-8C32-66BC59CF286A,917BCF85-DADC-551D-A630-8A5266247070,88.74,,,FALSE
,,,,,,EF6A4ED1-3F26-5D92-87D7-851E6A84CE9E,SYNTHETIC — integrated V2 (fixed),2025-01-03 00:00:00.000,,42447C39-6CE7-592B-9AF0-5B93FB7DBABF,917BCF85-DADC-551D-A630-8A5266247070,87.66,,,FALSE
,,,,,,B0670171-6745-5AD1-B294-0798F9335903,SYNTHETIC — integrated V2 (fixed),2025-02-04 00:00:00.000,,EC7EE9AE-3577-53E1-9C5F-4785660E2D7F,917BCF85-DADC-551D-A630-8A5266247070,86.22,,,FALSE
,,,,,,B1D28754-3CDD-55F8-B8B1-CC2BD54CBC86,SYNTHETIC — integrated V2 (fixed),2025-03-05 00:00:00.000,,74C81CF0-437A-5DA4-A7B2-D6369DCB8579,917BCF85-DADC-551D-A630-8A5266247070,83.89,,,FALSE
,,,,,,73D01A3C-D183-58B5-B11D-D2CD40EA1852,SYNTHETIC — integrated V2 (fixed),2025-04-06 00:00:00.000,,6246D2F9-5E75-596C-B02D-1920E66C2B46,917BCF85-DADC-551D-A630-8A5266247070,65.16,,,FALSE
,,,,,,A8461C6C-7A4F-54DE-9B92-9F215036C45E,SYNTHETIC — integrated V2 (fixed),2025-05-07 00:00:00.000,,2DD271D3-7CD6-5BE4-8C00-8202EDB3B471,917BCF85-DADC-551D-A630-8A5266247070,89.04,,,FALSE
,,,,,,8040C400-F38F-5834-98D2-13FDFCC541BF,SYNTHETIC — integrated V2 (fixed),2025-06-08 00:00:00.000,,BD9FA561-8621-5DCD-8824-A06FD59411CE,917BCF85-DADC-551D-A630-8A5266247070,74.00,,,FALSE
,,,,,,429606DB-8ABE-5CFA-9D27-93EF31C370D5,SYNTHETIC — integrated V2 (fixed),2025-07-09 00:00:00.000,,8BC0D6BD-D42C-50C4-8016-59CA4AA259E9,917BCF85-DADC-551D-A630-8A5266247070,83.73,,,FALSE
,,,,,,C9E8677D-E4B2-5B43-9A17-030646404FA5,SYNTHETIC — integrated V2 (fixed),2025-08-10 00:00:00.000,,E5ECF56A-54D0-521E-829E-B5BF4AC48A84,917BCF85-DADC-551D-A630-8A5266247070,94.41,,,FALSE
,,,,,,A94988AC-50A4-515D-98DA-190B0706A5F6,SYNTHETIC — integrated V2 (fixed),2025-01-11 00:00:00.000,,5C666EF9-2488-5D1F-A8C3-8AE761A26A13,917BCF85-DADC-551D-A630-8A5266247070,94.87,,,FALSE
,,,,,,EA9989C2-8AE1-5B6E-ABAA-9267432935A7,SYNTHETIC — integrated V2 (fixed),2025-02-12 00:00:00.000,,4E81FE01-6F71-5957-A18B-A96FC930D333,917BCF85-DADC-551D-A630-8A5266247070,80.93,,,FALSE
,,,,,,4FF93F22-1CD9-5FC7-BB9E-3A854E35348C,SYNTHETIC — integrated V2 (fixed),2025-03-13 00:00:00.000,,EFCB761F-ACE8-5A20-8E44-A885CF5437CF,917BCF85-DADC-551D-A630-8A5266247070,86.25,,,FALSE
,,,,,,2C90876A-3033-52FD-A2B0-D7957122C89B,SYNTHETIC — integrated V2 (fixed),2025-04-14 00:00:00.000,,DF81D197-524F-5CB1-9602-F1FB68103EE1,917BCF85-DADC-551D-A630-8A5266247070,94.62,,,FALSE
,,,,,,4521A948-8DB4-57C9-AD7A-DE07CBC7D66A,SYNTHETIC — integrated V2 (fixed),2025-05-15 00:00:00.000,,C40EB192-551F-5E72-861A-7D0AB37C29E9,917BCF85-DADC-551D-A630-8A5266247070,86.28,,,FALSE
,,,,,,209BD3AD-17D6-5EF4-AB69-737AAC8CEEDB,SYNTHETIC — integrated V2 (fixed),2025-06-16 00:00:00.000,,0E4E110F-8141-5F99-A00F-2CB63FB7F6CA,917BCF85-DADC-551D-A630-8A5266247070,74.84,,,FALSE
,,,,,,F3B70947-7AB8-55DB-AB66-D6A0A31ADB28,SYNTHETIC — integrated V2 (fixed),2025-07-17 00:00:00.000,,565D27DF-6716-5316-A7F1-D49E6D5C17AA,917BCF85-DADC-551D-A630-8A5266247070,83.27,,,FALSE
,,,,,,21CB14E4-98B8-5908-8539-D73D75F044FB,SYNTHETIC — integrated V2 (fixed),2025-08-18 00:00:00.000,,EB73B4CD-9570-540C-B4A0-D569C55E41C4,917BCF85-DADC-551D-A630-8A5266247070,66.52,,,FALSE
,,,,,,E1CFB207-FA7D-5CE8-936D-2B35530B6FCB,SYNTHETIC — integrated V2 (fixed),2025-01-19 00:00:00.000,,1E9A4018-3FA4-5BBA-BFB4-5D685A27D5B5,917BCF85-DADC-551D-A630-8A5266247070,90.94,,,FALSE
,,,,,,CBC9BD95-73A5-59BF-BCFD-F30992314688,SYNTHETIC — integrated V2 (fixed),2025-02-20 00:00:00.000,,B9707ED2-E578-5BE5-BD13-16926F63B787,917BCF85-DADC-551D-A630-8A5266247070,85.14,,,FALSE
,,,,,,A851DD56-866F-5923-B0A6-19BDB0B11A8B,SYNTHETIC — integrated V2 (fixed),2025-03-21 00:00:00.000,,EC45FA93-E05C-52B6-8055-E33A8DCC91DD,917BCF85-DADC-551D-A630-8A5266247070,85.86,,,FALSE
,,,,,,DB0593B1-E991-5A37-B5FA-BC3E7A2016F1,SYNTHETIC — integrated V2 (fixed),2025-04-22 00:00:00.000,,9042A72F-5944-5EF8-B4B4-8DFA1D24C404,917BCF85-DADC-551D-A630-8A5266247070,83.41,,,FALSE
,,,,,,32AF3857-19CC-5F20-B54E-D3EF4EB2E05B,SYNTHETIC — integrated V2 (fixed),2025-05-23 00:00:00.000,,C8241546-A976-5A73-BA6B-32221847A531,917BCF85-DADC-551D-A630-8A5266247070,62.25,,,FALSE
,,,,,,E5CE3662-1D34-5A4A-AAD6-8F5B9A767126,SYNTHETIC — integrated V2 (fixed),2025-06-24 00:00:00.000,,38642A9F-5901-5E41-8442-0C0B7F0AC8DD,917BCF85-DADC-551D-A630-8A5266247070,90.51,,,FALSE
,,,,,,B7858025-7776-5C12-B209-88B3225A9E24,SYNTHETIC — integrated V2 (fixed),2025-07-25 00:00:00.000,,75374357-7D2C-578A-95B6-C9ED0F77E769,917BCF85-DADC-551D-A630-8A5266247070,87.47,,,FALSE
,,,,,,1CEB7127-A7F9-58EA-AD95-89A5CC12EA06,SYNTHETIC — integrated V2 (fixed),2025-08-26 00:00:00.000,,8EADA437-DC2E-5C35-9BA1-30F3CFE4AC2A,917BCF85-DADC-551D-A630-8A5266247070,82.74,,,FALSE
,,,,,,B3658393-C684-5F89-B232-1E8645DAC209,SYNTHETIC — integrated V2 (fixed),2025-01-27 00:00:00.000,,36F9727A-88F5-5B75-B28B-CC010F7F9C16,917BCF85-DADC-551D-A630-8A5266247070,93.89,,,FALSE
,,,,,,52DC85E8-1E39-59B3-A1FB-FEC6604E17E3,SYNTHETIC — integrated V2 (fixed),2025-02-01 00:00:00.000,,D459CE3D-2936-5C76-9A34-51B5F786131C,917BCF85-DADC-551D-A630-8A5266247070,80.43,,,FALSE
,,,,,,14C7FB76-9D5D-5D1D-92B1-253E5935ED46,SYNTHETIC — integrated V2 (fixed),2025-03-02 00:00:00.000,,BF7F51FA-F25A-51C4-9011-FA745C580F5B,917BCF85-DADC-551D-A630-8A5266247070,91.32,,,FALSE
,,,,,,FC3A6C5C-3F47-5270-8751-1D2A044CD84B,SYNTHETIC — integrated V2 (fixed),2025-04-03 00:00:00.000,,1C5E62AF-1F0A-545A-AA7A-1B7D3A856703,917BCF85-DADC-551D-A630-8A5266247070,86.22,,,FALSE
,,,,,,BDA3F23B-B83C-5375-B9B8-3ADB9CD34DC3,SYNTHETIC — integrated V2 (fixed),2025-05-04 00:00:00.000,,4AC48008-6095-5D4D-AF52-38C97E88EC6C,F8F08501-17DE-54B5-8E85-6C8D90A30B29,1.77,,,FALSE
,,,,,,FCA1034F-23D1-5C80-B17D-CA82DC3325EB,SYNTHETIC — integrated V2 (fixed),2025-06-05 00:00:00.000,,E8DF7E56-C16B-5583-946F-C04C5C9D61AC,F8F08501-17DE-54B5-8E85-6C8D90A30B29,1.58,,,FALSE
,,,,,,47CB337B-F9A3-58D9-B496-C84842EE87E3,SYNTHETIC — integrated V2 (fixed),2025-07-06 00:00:00.000,,828203D4-2B14-5EEC-B359-CB9AE29DBB84,F8F08501-17DE-54B5-8E85-6C8D90A30B29,0.38,,,FALSE
,,,,,,F9BC2FEC-60D6-5DFF-B4CF-789F8E765BFD,SYNTHETIC — integrated V2 (fixed),2025-08-07 00:00:00.000,,A546A07E-DB69-5834-918D-18C60E344BF8,F8F08501-17DE-54B5-8E85-6C8D90A30B29,1.85,,,FALSE
,,,,,,E4CFF24E-3AF0-5FBA-9562-C4393CD711EA,SYNTHETIC — integrated V2 (fixed),2025-01-08 00:00:00.000,,8D2646A3-1258-5851-B4B9-3FFFA6DD177D,F8F08501-17DE-54B5-8E85-6C8D90A30B29,0.70,,,FALSE
,,,,,,2B7C0193-8AD2-5132-90D6-EC0125159542,SYNTHETIC — integrated V2 (fixed),2025-02-09 00:00:00.000,,CB682FBA-4FD7-5D02-8BBA-939B130C2B78,F8F08501-17DE-54B5-8E85-6C8D90A30B29,0.25,,,FALSE
,,,,,,B6AEF3F7-49DF-5938-A721-1C9ED30FE32D,SYNTHETIC — integrated V2 (fixed),2025-03-10 00:00:00.000,,38F771FA-DA66-5FF6-8860-AC66F9882118,F8F08501-17DE-54B5-8E85-6C8D90A30B29,0.44,,,FALSE
,,,,,,AA4D3613-B947-5291-9D6D-08AC58B282CE,SYNTHETIC — integrated V2 (fixed),2025-04-11 00:00:00.000,,0CFDBAD7-6616-51C6-BDCB-0C8A2D50AF67,F8F08501-17DE-54B5-8E85-6C8D90A30B29,0.96,,,FALSE
,,,,,,49F400C7-67D9-53F7-8C2F-7709D22BA540,SYNTHETIC — integrated V2 (fixed),2025-05-12 00:00:00.000,,E3802CA0-CAA4-50A6-BDCE-7FB78608DD3D,F8F08501-17DE-54B5-8E85-6C8D90A30B29,1.36,,,FALSE
,,,,,,55B846CE-0304-5467-83C6-6E6D33550CDF,SYNTHETIC — integrated V2 (fixed),2025-06-13 00:00:00.000,,8AD7AAD9-3142-58F0-B74F-06C2A97413EA,F8F08501-17DE-54B5-8E85-6C8D90A30B29,0.88,,,FALSE
,,,,,,8689D2D4-7776-5FC8-813D-D63017F0337E,SYNTHETIC — integrated V2 (fixed),2025-07-14 00:00:00.000,,B282084B-D917-5743-AF15-9D25FFB4A604,F8F08501-17DE-54B5-8E85-6C8D90A30B29,1.05,,,FALSE
,,,,,,080F0B64-D97A-588D-B40C-A051B359AE52,SYNTHETIC — integrated V2 (fixed),2025-08-15 00:00:00.000,,BFE7D7A2-5F41-5A4F-B1E7-AA19EF583542,F8F08501-17DE-54B5-8E85-6C8D90A30B29,0.51,,,FALSE
,,,,,,0ABDF50B-E599-5A0E-AAD7-B3801C204FEF,SYNTHETIC — integrated V2 (fixed),2025-01-16 00:00:00.000,,D8BE2282-10C2-5933-B536-CFA45210EA3D,F8F08501-17DE-54B5-8E85-6C8D90A30B29,1.73,,,FALSE
,,,,,,99EE49D0-F7F6-53CE-8FC9-ACF251077CD3,SYNTHETIC — integrated V2 (fixed),2025-02-17 00:00:00.000,,BFC1A61A-F068-56B3-9FBE-244AF9B23303,F8F08501-17DE-54B5-8E85-6C8D90A30B29,0.89,,,FALSE
,,,,,,B9868147-0FE8-5766-9C66-DD78C3C1EBB4,SYNTHETIC — integrated V2 (fixed),2025-03-18 00:00:00.000,,F9DAA674-A54C-575B-8A8A-0E29EA4956F7,F8F08501-17DE-54B5-8E85-6C8D90A30B29,0.68,,,FALSE
,,,,,,EE1AC5CF-17E4-5D7C-BA29-EA983FBBF170,SYNTHETIC — integrated V2 (fixed),2025-04-19 00:00:00.000,,38202BF6-B407-513C-98B2-BA3E31659445,F8F08501-17DE-54B5-8E85-6C8D90A30B29,1.25,,,FALSE
,,,,,,5A705A98-7EAC-500C-AD19-08E66229D28F,SYNTHETIC — integrated V2 (fixed),2025-05-20 00:00:00.000,,38E7538E-7A6F-525A-94D6-25661EB9CD71,F8F08501-17DE-54B5-8E85-6C8D90A30B29,1.12,,,FALSE
,,,,,,62C92069-66BF-5B0B-ADBA-8D0357CE459C,SYNTHETIC — integrated V2 (fixed),2025-06-21 00:00:00.000,,5D7D5B25-D9BA-51F3-9605-B2D6E8741FC8,F8F08501-17DE-54B5-8E85-6C8D90A30B29,0.73,,,FALSE
,,,,,,A8B6980C-FFB9-5F9B-92BA-AF12781ABDDE,SYNTHETIC — integrated V2 (fixed),2025-07-22 00:00:00.000,,A301CC7B-3A80-55BF-A60C-99D9FC02D816,F8F08501-17DE-54B5-8E85-6C8D90A30B29,4.95,,,FALSE
,,,,,,4A5DFB3F-03B5-5B3F-9852-099CA5A15225,SYNTHETIC — integrated V2 (fixed),2025-08-23 00:00:00.000,,34CF4573-66C7-513C-A425-B0F91AEC65AB,F8F08501-17DE-54B5-8E85-6C8D90A30B29,1.13,,,FALSE
,,,,,,1A9526DC-BD8E-563C-9E4A-9481E88601A5,SYNTHETIC — integrated V2 (fixed),2025-01-24 00:00:00.000,,B9882B2A-503F-5AB9-9859-0E045C3606E8,F8F08501-17DE-54B5-8E85-6C8D90A30B29,1.16,,,FALSE
,,,,,,6E503269-36A0-59E5-B29F-D2C65C57CAD6,SYNTHETIC — integrated V2 (fixed),2025-02-25 00:00:00.000,,DAA6884C-8688-5FF3-9808-18581DD576D8,F8F08501-17DE-54B5-8E85-6C8D90A30B29,1.78,,,FALSE
,,,,,,D41ABD3A-44E1-5B49-8488-2C6805F30B64,SYNTHETIC — integrated V2 (fixed),2025-03-26 00:00:00.000,,0F1A9EFB-F749-5931-9189-E8F9E47F3278,F8F08501-17DE-54B5-8E85-6C8D90A30B29,0.56,,,FALSE
,,,,,,E568186B-E969-5A74-8996-D72CACB495FD,SYNTHETIC — integrated V2 (fixed),2025-04-27 00:00:00.000,,D02E551E-9E77-5769-AE08-9A8EBBC92813,F8F08501-17DE-54B5-8E85-6C8D90A30B29,0.81,,,FALSE
,,,,,,48766B60-7B8E-5227-9A4F-9E77EE26141C,SYNTHETIC — integrated V2 (fixed),2025-05-01 00:00:00.000,,731AFE02-4E08-5AC1-BAD8-FCE18EE090B2,F8F08501-17DE-54B5-8E85-6C8D90A30B29,1.19,,,FALSE
,,,,,,01BB90D3-8967-5A5C-BB61-08A07D8CD947,SYNTHETIC — integrated V2 (fixed),2025-06-02 00:00:00.000,,4937E4DD-6C2C-55B3-8234-B8DC57915796,F8F08501-17DE-54B5-8E85-6C8D90A30B29,1.14,,,FALSE
,,,,,,F6CDB34F-475C-5C74-9BD0-6D017DAE3754,SYNTHETIC — integrated V2 (fixed),2025-07-03 00:00:00.000,,3247B3B5-C532-585F-BF64-43C474C84DC1,F8F08501-17DE-54B5-8E85-6C8D90A30B29,5.51,,,FALSE
,,,,,,BCB3BCE4-83EF-5273-AD5F-98501BE8DF60,SYNTHETIC — integrated V2 (fixed),2025-08-04 00:00:00.000,,0B1E67A2-2EAE-55B4-85BD-8A98E5FABE96,F8F08501-17DE-54B5-8E85-6C8D90A30B29,1.74,,,FALSE
,,,,,,151CE54D-EAED-5C4E-AB65-6E225058176E,SYNTHETIC — integrated V2 (fixed),2025-01-05 00:00:00.000,,C185B212-8C7C-5CCD-AD70-DFA31E7ADB88,F8F08501-17DE-54B5-8E85-6C8D90A30B29,0.29,,,FALSE
,,,,,,3DFD73B3-FBE4-5BE2-878B-AEB993A47967,SYNTHETIC — integrated V2 (fixed),2025-02-06 00:00:00.000,,0367828C-14F2-5A47-B3F7-43C8D658BBB8,F8F08501-17DE-54B5-8E85-6C8D90A30B29,0.76,,,FALSE
,,,,,,D452B305-237F-578C-8664-5FBE4C1C73B1,SYNTHETIC — integrated V2 (fixed),2025-03-07 00:00:00.000,,D5DD576D-62DD-5E02-8C44-5CFE5BA103A0,F8F08501-17DE-54B5-8E85-6C8D90A30B29,1.37,,,FALSE
,,,,,,02C72F35-6DF2-535C-B881-73EEA4BDEF64,SYNTHETIC — integrated V2 (fixed),2025-04-08 00:00:00.000,,242FDECC-815D-5E47-9BAD-3B57D2E8AEE4,F8F08501-17DE-54B5-8E85-6C8D90A30B29,0.60,,,FALSE
,,,,,,CDAC1DFC-07F5-5AAA-ACF7-174A83106211,SYNTHETIC — integrated V2 (fixed),2025-05-09 00:00:00.000,,31891A7B-8EE0-5A61-9243-C0053EA34717,F8F08501-17DE-54B5-8E85-6C8D90A30B29,1.77,,,FALSE
,,,,,,6BC3F466-8A3A-514B-95C5-ED43F221577D,SYNTHETIC — integrated V2 (fixed),2025-06-10 00:00:00.000,,42A3973E-DAD7-5E70-B063-BB26A03A418E,F8F08501-17DE-54B5-8E85-6C8D90A30B29,5.11,,,FALSE
,,,,,,CA7C91FE-A31E-543B-BE95-6F3A9B18244F,SYNTHETIC — integrated V2 (fixed),2025-07-11 00:00:00.000,,511E54A1-6F4C-512D-BFB9-5B21ECCAB8A9,F8F08501-17DE-54B5-8E85-6C8D90A30B29,0.29,,,FALSE
,,,,,,667DEBCE-B100-5059-AB1C-8388525FC762,SYNTHETIC — integrated V2 (fixed),2025-08-12 00:00:00.000,,DD91C8BF-74FB-55B3-B9DA-DDE21CF965FD,F8F08501-17DE-54B5-8E85-6C8D90A30B29,0.54,,,FALSE
,,,,,,F883E21C-4C88-5C86-BDED-808DCF101BE6,SYNTHETIC — integrated V2 (fixed),2025-01-13 00:00:00.000,,5C89B99C-AA3E-5883-B128-28E2E8B20CFE,F8F08501-17DE-54B5-8E85-6C8D90A30B29,1.50,,,FALSE
,,,,,,1D8B5ABD-A06B-5E37-8158-A9DB10FE3BE6,SYNTHETIC — integrated V2 (fixed),2025-02-14 00:00:00.000,,D09BC3EE-98D0-5927-8157-9FFD0D2C0857,F8F08501-17DE-54B5-8E85-6C8D90A30B29,1.82,,,FALSE
,,,,,,A60C347B-ED09-5433-86AE-8FA97C612F60,SYNTHETIC — integrated V2 (fixed),2025-03-15 00:00:00.000,,F5F0A035-A73E-5576-A6B5-707B2B2BC83F,F8F08501-17DE-54B5-8E85-6C8D90A30B29,1.87,,,FALSE
,,,,,,8557A22F-14B2-5381-8DF2-0E4F62B7D0FD,SYNTHETIC — integrated V2 (fixed),2025-04-16 00:00:00.000,,2F9C8DE7-5BD7-50D2-A344-DDAD1A9F46FD,F8F08501-17DE-54B5-8E85-6C8D90A30B29,1.56,,,FALSE
,,,,,,420901AD-1690-56B1-A54B-E45F7104461D,SYNTHETIC — integrated V2 (fixed),2025-05-17 00:00:00.000,,711C03E5-CFAA-543B-89B0-476B986050C0,F8F08501-17DE-54B5-8E85-6C8D90A30B29,1.13,,,FALSE
,,,,,,0AF976E8-609F-54B4-93A9-F5FFB2C89CC2,SYNTHETIC — integrated V2 (fixed),2025-06-18 00:00:00.000,,B23FCA06-010E-5684-A90E-CD8FFFB1EC04,F8F08501-17DE-54B5-8E85-6C8D90A30B29,0.84,,,FALSE
,,,,,,80674DED-4AF0-56B4-A82F-676B047FD1F9,SYNTHETIC — integrated V2 (fixed),2025-07-19 00:00:00.000,,FBE5D2CE-6B4A-5D8F-B1B0-D238852E7FA5,F8F08501-17DE-54B5-8E85-6C8D90A30B29,0.52,,,FALSE
,,,,,,7663F6FC-3144-5397-8DC5-49CF05A78783,SYNTHETIC — integrated V2 (fixed),2025-08-20 00:00:00.000,,DB184935-8CFC-5749-B68D-ED9515FD9606,F8F08501-17DE-54B5-8E85-6C8D90A30B29,0.96,,,FALSE
,,,,,,55B1F533-E637-592C-BE49-07B3119C93B6,SYNTHETIC — integrated V2 (fixed),2025-01-21 00:00:00.000,,5F1B9663-560F-55CE-978F-6599692ECFB4,F8F08501-17DE-54B5-8E85-6C8D90A30B29,1.02,,,FALSE
,,,,,,A8A251E0-1271-51D8-829F-8F673FA25406,SYNTHETIC — integrated V2 (fixed),2025-02-22 00:00:00.000,,8EFD550B-7DAB-5C1E-BF4C-B65ABAD7CCF3,F8F08501-17DE-54B5-8E85-6C8D90A30B29,0.30,,,FALSE
,,,,,,4FEFE8DE-C128-57D8-B2A9-D05EA011ABBB,SYNTHETIC — integrated V2 (fixed),2025-03-23 00:00:00.000,,C45D5402-FF09-5A52-B0EA-C2F20CF014D5,F8F08501-17DE-54B5-8E85-6C8D90A30B29,0.62,,,FALSE
,,,,,,E79AFB8F-D81A-5126-9812-31F64FF56B0A,SYNTHETIC — integrated V2 (fixed),2025-04-24 00:00:00.000,,7FD206F6-69D8-5BE4-A391-1BF8C6FFBB1D,F8F08501-17DE-54B5-8E85-6C8D90A30B29,1.84,,,FALSE
,,,,,,06BC0CE1-AE47-507E-B88E-0EB0637E5F30,SYNTHETIC — integrated V2 (fixed),2025-05-25 00:00:00.000,,85FB290D-F51C-579B-98D2-E143E38A26C2,F8F08501-17DE-54B5-8E85-6C8D90A30B29,0.79,,,FALSE
,,,,,,B69CE732-6878-52F2-B41E-F0F303A6AA18,SYNTHETIC — integrated V2 (fixed),2025-06-26 00:00:00.000,,235DB727-3529-5CDF-8E1B-2D1AF2EF3E50,F8F08501-17DE-54B5-8E85-6C8D90A30B29,0.38,,,FALSE
,,,,,,8E68A5E4-3124-5DE1-83AC-BC1848ADCF30,SYNTHETIC — integrated V2 (fixed),2025-07-27 00:00:00.000,,79787ACF-59C7-508D-9289-1214FFA12547,F8F08501-17DE-54B5-8E85-6C8D90A30B29,0.30,,,FALSE
,,,,,,83143D05-79E7-5E13-A6B3-388172D0E91B,SYNTHETIC — integrated V2 (fixed),2025-08-01 00:00:00.000,,B85E8452-12A8-558D-9951-E25DC1DE83FC,F8F08501-17DE-54B5-8E85-6C8D90A30B29,1.33,,,FALSE
,,,,,,759A5D7C-67A7-5818-9E6B-4AE49EFD060E,SYNTHETIC — integrated V2 (fixed),2025-01-02 00:00:00.000,,704A06DF-3779-52B6-98E1-CCBD739E65BA,F8F08501-17DE-54B5-8E85-6C8D90A30B29,0.45,,,FALSE
,,,,,,4C8C42C1-3F2D-5A4E-9498-4339912973B6,SYNTHETIC — integrated V2 (fixed),2025-02-03 00:00:00.000,,ADA8F7A0-A0D0-5D9F-A8FA-E866E2495904,F8F08501-17DE-54B5-8E85-6C8D90A30B29,1.12,,,FALSE
,,,,,,AA1B3880-0BFC-59AA-9F23-5D92CD2AB166,SYNTHETIC — integrated V2 (fixed),2025-03-04 00:00:00.000,,766EC1C2-6026-55CD-863F-D10B366E9CAF,F8F08501-17DE-54B5-8E85-6C8D90A30B29,1.88,,,FALSE
,,,,,,335D7797-1267-5040-9BF3-15F2B103E058,SYNTHETIC — integrated V2 (fixed),2025-04-05 00:00:00.000,,DFB96CBB-02A1-5EC9-BE7D-883F26F5E8D0,F8F08501-17DE-54B5-8E85-6C8D90A30B29,1.51,,,FALSE
,,,,,,DD61D49A-852D-59C9-A7F8-0A85B6E85478,SYNTHETIC — integrated V2 (fixed),2025-05-06 00:00:00.000,,1C7EA0C6-F7CC-53AD-9861-4199E4F9CFE3,F8F08501-17DE-54B5-8E85-6C8D90A30B29,1.44,,,FALSE
,,,,,,CB3BA2FD-86CC-5ED9-964B-70C0E700498A,SYNTHETIC — integrated V2 (fixed),2025-06-07 00:00:00.000,,99374299-366D-56D9-848C-1CC786969FC8,F8F08501-17DE-54B5-8E85-6C8D90A30B29,1.87,,,FALSE
,,,,,,5D11E6ED-86BC-5114-830E-943F22D3FAC8,SYNTHETIC — integrated V2 (fixed),2025-07-08 00:00:00.000,,9F356766-A78A-5D98-8A4F-B09250D2C182,F8F08501-17DE-54B5-8E85-6C8D90A30B29,4.96,,,FALSE
,,,,,,DD68F5D5-574A-5056-8841-6CB4192055E7,SYNTHETIC — integrated V2 (fixed),2025-08-09 00:00:00.000,,2AF08B79-F27C-585B-A488-A14DD4609DA0,F8F08501-17DE-54B5-8E85-6C8D90A30B29,0.72,,,FALSE
,,,,,,16FFFD30-47D9-5AA6-A381-643CA1A3FEF3,SYNTHETIC — integrated V2 (fixed),2025-01-10 00:00:00.000,,E0BA2DF9-9C58-55E4-B890-A5E4CE3429D8,F8F08501-17DE-54B5-8E85-6C8D90A30B29,1.41,,,FALSE
,,,,,,15913DBE-7013-549B-946D-3D6DA7AE3777,SYNTHETIC — integrated V2 (fixed),2025-02-11 00:00:00.000,,D4A26430-2B12-5CA4-A2D2-392C0A0E7922,F8F08501-17DE-54B5-8E85-6C8D90A30B29,1.67,,,FALSE
,,,,,,5EC7789B-6A39-584A-B525-208F59B83E86,SYNTHETIC — integrated V2 (fixed),2025-03-12 00:00:00.000,,86577762-54A7-526E-B49F-C93CEBF3BB6F,F8F08501-17DE-54B5-8E85-6C8D90A30B29,1.21,,,FALSE
,,,,,,ECEDBC9C-312B-51DC-942B-9D9E32887D58,SYNTHETIC — integrated V2 (fixed),2025-04-13 00:00:00.000,,3E13761B-521B-5065-B576-3298C3490020,F8F08501-17DE-54B5-8E85-6C8D90A30B29,0.81,,,FALSE
,,,,,,AF23A561-1794-5CA1-B10C-3628EECCF466,SYNTHETIC — integrated V2 (fixed),2025-05-14 00:00:00.000,,650F5FDE-8DFA-55D8-835C-2F0B56919BD4,F8F08501-17DE-54B5-8E85-6C8D90A30B29,0.96,,,FALSE
,,,,,,07784854-7BC7-5ECA-BDD4-CACF4FB75117,SYNTHETIC — integrated V2 (fixed),2025-06-15 00:00:00.000,,02AB1FDF-4935-5AE6-B6C7-6AE5677BAE90,F8F08501-17DE-54B5-8E85-6C8D90A30B29,1.36,,,FALSE
,,,,,,13F23BCD-52EF-574F-ACC6-7AB94AFF9049,SYNTHETIC — integrated V2 (fixed),2025-07-16 00:00:00.000,,3739471D-892C-53EF-880B-3C7C6F195B60,F8F08501-17DE-54B5-8E85-6C8D90A30B29,1.81,,,FALSE
,,,,,,97E544B0-E0F2-5A44-8A8C-DF6E49262D21,SYNTHETIC — integrated V2 (fixed),2025-08-17 00:00:00.000,,631F98D8-54C7-5847-A9AA-60A5CC562A72,F8F08501-17DE-54B5-8E85-6C8D90A30B29,0.38,,,FALSE
,,,,,,30AE404E-D939-5FBD-8E73-82C169F926FA,SYNTHETIC — integrated V2 (fixed),2025-01-18 00:00:00.000,,F8714627-C488-5019-97AD-9E913486A602,F8F08501-17DE-54B5-8E85-6C8D90A30B29,1.83,,,FALSE
,,,,,,1BC27665-96A3-5886-8EDB-570805D8AC2B,SYNTHETIC — integrated V2 (fixed),2025-02-19 00:00:00.000,,C5C09675-038C-5026-955D-5970EC83828A,F8F08501-17DE-54B5-8E85-6C8D90A30B29,0.39,,,FALSE
,,,,,,03DE83EF-F14A-5D54-A2FD-1A335C2D63BE,SYNTHETIC — integrated V2 (fixed),2025-03-20 00:00:00.000,,7EC0FF71-12EF-5084-89F1-19F277AC584C,F8F08501-17DE-54B5-8E85-6C8D90A30B29,0.50,,,FALSE
,,,,,,F2879B3F-447F-597F-B8D9-0CBF58C47571,SYNTHETIC — integrated V2 (fixed),2025-04-21 00:00:00.000,,3C31A728-3480-5A50-9FEF-4A8A6153639A,F8F08501-17DE-54B5-8E85-6C8D90A30B29,0.96,,,FALSE
,,,,,,82E89912-889D-5A64-81E0-285A66F4F551,SYNTHETIC — integrated V2 (fixed),2025-05-22 00:00:00.000,,3D5367FE-4514-5A4E-B7F5-856CC21E8352,F8F08501-17DE-54B5-8E85-6C8D90A30B29,0.45,,,FALSE
,,,,,,B518C2FF-B887-551B-A7F9-1C0EE751CFCF,SYNTHETIC — integrated V2 (fixed),2025-06-23 00:00:00.000,,33AEC2E5-585B-53F2-B756-D1ABCE052135,F8F08501-17DE-54B5-8E85-6C8D90A30B29,1.14,,,FALSE
,,,,,,3B5928D4-F434-5749-A27B-AB4C1BAB75E5,SYNTHETIC — integrated V2 (fixed),2025-07-24 00:00:00.000,,41F3B87B-13AD-5500-B642-7158C9B52334,F8F08501-17DE-54B5-8E85-6C8D90A30B29,0.92,,,FALSE
,,,,,,937A167C-CBC9-54DF-9EB1-DFD136CAD1D1,SYNTHETIC — integrated V2 (fixed),2025-08-25 00:00:00.000,,0B38A423-9622-598F-BBE7-DD54B7C7E8C6,F8F08501-17DE-54B5-8E85-6C8D90A30B29,0.67,,,FALSE
,,,,,,762C94BB-F99F-58F7-AA2E-115A876D1499,SYNTHETIC — integrated V2 (fixed),2025-01-26 00:00:00.000,,551D1F1E-9EF9-5781-B6C7-E29CC617E05B,F8F08501-17DE-54B5-8E85-6C8D90A30B29,1.66,,,FALSE
,,,,,,E222D60A-6B36-51B3-8397-D5CF6C5572CF,SYNTHETIC — integrated V2 (fixed),2025-02-27 00:00:00.000,,8E6C8C60-7353-5725-8206-63B719A9105B,F8F08501-17DE-54B5-8E85-6C8D90A30B29,0.87,,,FALSE
,,,,,,647685C4-BD16-5B05-BF48-224E90967B1C,SYNTHETIC — integrated V2 (fixed),2025-03-01 00:00:00.000,,E4191ABE-DA27-5228-A8F3-606501EB0D93,F8F08501-17DE-54B5-8E85-6C8D90A30B29,1.55,,,FALSE
,,,,,,AC374E79-DCC5-5449-BA1A-E2E8A323C8B3,SYNTHETIC — integrated V2 (fixed),2025-04-02 00:00:00.000,,A8561C76-85D5-5E9E-924F-22786A591439,F8F08501-17DE-54B5-8E85-6C8D90A30B29,0.63,,,FALSE
,,,,,,B13508E2-8CB0-595E-803A-083438893C79,SYNTHETIC — integrated V2 (fixed),2025-05-03 00:00:00.000,,7F61F1A0-D306-58C4-B3ED-37967EB7D476,F8F08501-17DE-54B5-8E85-6C8D90A30B29,1.49,,,FALSE
,,,,,,53D0944B-7E8C-523D-AD45-43CF3C0E1ECC,SYNTHETIC — integrated V2 (fixed),2025-06-04 00:00:00.000,,D71D2D20-9F04-5F54-B409-97B2D0A6ACC8,F8F08501-17DE-54B5-8E85-6C8D90A30B29,0.30,,,FALSE
,,,,,,1776443C-40AD-5505-8CE0-36F14142D18C,SYNTHETIC — integrated V2 (fixed),2025-07-05 00:00:00.000,,128779D1-2B16-5A02-ABFA-AEF05FA76891,F8F08501-17DE-54B5-8E85-6C8D90A30B29,1.30,,,FALSE
,,,,,,8940668C-190D-5BCB-95FD-A9FCAD3A0A50,SYNTHETIC — integrated V2 (fixed),2025-08-06 00:00:00.000,,160DD2CD-00BF-5870-8A1A-0D2B7DA9B18B,F8F08501-17DE-54B5-8E85-6C8D90A30B29,1.41,,,FALSE
,,,,,,1DF480F4-4F01-5A4A-A0FE-B2851472B411,SYNTHETIC — integrated V2 (fixed),2025-01-07 00:00:00.000,,38BA3DB2-987D-51A3-925D-11796AB04600,F8F08501-17DE-54B5-8E85-6C8D90A30B29,0.85,,,FALSE
,,,,,,7E96F35C-0C2F-54B8-98B1-52354D151D67,SYNTHETIC — integrated V2 (fixed),2025-02-08 00:00:00.000,,5F860639-0506-5FB9-9844-B6B8F3935ED3,F8F08501-17DE-54B5-8E85-6C8D90A30B29,1.62,,,FALSE
,,,,,,2866BB0A-D294-5C24-99D2-7179D7D8364C,SYNTHETIC — integrated V2 (fixed),2025-03-09 00:00:00.000,,129ADAA8-1D1B-59B9-90FB-5E0C57054448,F8F08501-17DE-54B5-8E85-6C8D90A30B29,1.26,,,FALSE
,,,,,,70C5D805-8AAC-56F1-99F0-208C9D1DBBB6,SYNTHETIC — integrated V2 (fixed),2025-04-10 00:00:00.000,,73B6404D-FDF1-58C1-8F7D-631320731896,F8F08501-17DE-54B5-8E85-6C8D90A30B29,0.71,,,FALSE
,,,,,,33C68A96-F0D2-56B2-8383-F0E7C98CEDFB,SYNTHETIC — integrated V2 (fixed),2025-05-11 00:00:00.000,,C0281D50-9780-52B7-A93D-62181BFAE10C,F8F08501-17DE-54B5-8E85-6C8D90A30B29,1.54,,,FALSE
,,,,,,30A919A5-B07D-5B43-8FFC-C5BB2E05CDD2,SYNTHETIC — integrated V2 (fixed),2025-06-12 00:00:00.000,,65C6FDD3-7F28-5710-87CF-A14CEBD36FED,F8F08501-17DE-54B5-8E85-6C8D90A30B29,0.80,,,FALSE
,,,,,,0FC9E8DF-2F7A-5B37-96BC-8768551066DE,SYNTHETIC — integrated V2 (fixed),2025-07-13 00:00:00.000,,F2F8BC75-1A44-5F70-930E-645D5AE91408,F8F08501-17DE-54B5-8E85-6C8D90A30B29,0.74,,,FALSE
,,,,,,940880BA-AB7B-5C5E-BE24-71B87B5D25BE,SYNTHETIC — integrated V2 (fixed),2025-08-14 00:00:00.000,,91C1B728-D789-52A8-975E-13A14D02867E,F8F08501-17DE-54B5-8E85-6C8D90A30B29,0.86,,,FALSE
,,,,,,2C6AA0B0-74B8-5881-AF7F-A0E4DC68084E,SYNTHETIC — integrated V2 (fixed),2025-01-15 00:00:00.000,,A940E864-3CBF-5790-97DC-5AFE31C9143F,F8F08501-17DE-54B5-8E85-6C8D90A30B29,1.53,,,FALSE
,,,,,,379AF3A2-F022-5112-8FBC-475F91FA6D97,SYNTHETIC — integrated V2 (fixed),2025-02-16 00:00:00.000,,4477E727-58DB-53BB-8705-253912876660,F8F08501-17DE-54B5-8E85-6C8D90A30B29,1.45,,,FALSE
,,,,,,4265656C-7A38-5B04-870F-0382345E46B7,SYNTHETIC — integrated V2 (fixed),2025-03-17 00:00:00.000,,83ED8528-BA51-55DD-972C-C321B3C67221,F8F08501-17DE-54B5-8E85-6C8D90A30B29,1.15,,,FALSE
,,,,,,7B87D561-B90D-5BFD-97D7-06E49347CFC4,SYNTHETIC — integrated V2 (fixed),2025-04-18 00:00:00.000,,FD236B35-5128-5323-87DB-8D84B567E1CD,F8F08501-17DE-54B5-8E85-6C8D90A30B29,1.84,,,FALSE
,,,,,,80342D18-DE48-5965-9D36-F804CFB33A6A,SYNTHETIC — integrated V2 (fixed),2025-05-19 00:00:00.000,,85AE8AC4-E505-598E-9343-EF7BC2B80F59,F8F08501-17DE-54B5-8E85-6C8D90A30B29,1.30,,,FALSE
,,,,,,E4649EAD-58A5-57C7-8B46-6215401FFEE3,SYNTHETIC — integrated V2 (fixed),2025-06-20 00:00:00.000,,A6A50AD7-E771-5E6C-B77E-5165A870E710,F8F08501-17DE-54B5-8E85-6C8D90A30B29,0.90,,,FALSE
,,,,,,EB3CC5B4-5306-5D95-8FC0-A6D315636DAC,SYNTHETIC — integrated V2 (fixed),2025-07-21 00:00:00.000,,D94416CA-E7CE-5B77-8512-4C1C55D6552A,F8F08501-17DE-54B5-8E85-6C8D90A30B29,1.59,,,FALSE
,,,,,,304B66ED-814D-55CC-98B7-61DD44128E03,SYNTHETIC — integrated V2 (fixed),2025-08-22 00:00:00.000,,6D17BFD9-D212-5E2E-AF8F-8A26279B94B4,F8F08501-17DE-54B5-8E85-6C8D90A30B29,6.30,,,FALSE
,,,,,,DA447553-1807-5120-B084-80712E4595A5,SYNTHETIC — integrated V2 (fixed),2025-01-23 00:00:00.000,,F98DF9A9-B6D3-53BC-94D9-CA8C2FA4A56F,F8F08501-17DE-54B5-8E85-6C8D90A30B29,1.55,,,FALSE
,,,,,,3AD75EC5-AEFA-5A56-9854-25EA1D3F7092,SYNTHETIC — integrated V2 (fixed),2025-02-24 00:00:00.000,,8D9F2D6E-25C1-55E0-B87B-41D52A908A7E,F8F08501-17DE-54B5-8E85-6C8D90A30B29,1.34,,,FALSE
,,,,,,893B46A8-3095-5888-954B-596DEA00AEF0,SYNTHETIC — integrated V2 (fixed),2025-03-25 00:00:00.000,,CE31B33B-7221-597E-9DC8-42F0D7936AB4,F8F08501-17DE-54B5-8E85-6C8D90A30B29,1.72,,,FALSE
,,,,,,CF983439-B3D6-5D22-A07F-DA09F8FB30E3,SYNTHETIC — integrated V2 (fixed),2025-04-26 00:00:00.000,,78C4C987-F476-5147-97CB-763BB3AACD37,F8F08501-17DE-54B5-8E85-6C8D90A30B29,1.81,,,FALSE
,,,,,,40E15A0B-137C-5F72-A21C-478860954756,SYNTHETIC — integrated V2 (fixed),2025-05-27 00:00:00.000,,36AAB64F-BD3C-5734-8CF6-81B394BD97FA,F8F08501-17DE-54B5-8E85-6C8D90A30B29,1.85,,,FALSE
,,,,,,D31D0B3A-9906-504E-8B88-BA3A51BD3F4E,SYNTHETIC — integrated V2 (fixed),2025-06-01 00:00:00.000,,CA9A042D-2F3F-5F72-8503-2D1381D65355,F8F08501-17DE-54B5-8E85-6C8D90A30B29,1.52,,,FALSE
,,,,,,6CAF66B9-5911-548A-9CD3-402E210E39DF,SYNTHETIC — integrated V2 (fixed),2025-07-02 00:00:00.000,,B3B45A86-D8B6-537C-B217-D1E7F098C91D,F8F08501-17DE-54B5-8E85-6C8D90A30B29,1.71,,,FALSE
,,,,,,7BFD7ED8-D740-54E9-9E9D-89E766C468ED,SYNTHETIC — integrated V2 (fixed),2025-08-03 00:00:00.000,,60E3F8E7-8D62-5A66-9B46-01A525A4A679,F8F08501-17DE-54B5-8E85-6C8D90A30B29,0.69,,,FALSE
,,,,,,4496507C-64F4-593E-B7C9-34EC243D266E,SYNTHETIC — integrated V2 (fixed),2025-01-04 00:00:00.000,,6464A144-AB24-5A86-9807-567A161810A8,F8F08501-17DE-54B5-8E85-6C8D90A30B29,1.58,,,FALSE
,,,,,,0A8854E8-E6EA-5138-8958-FCD031174CF5,SYNTHETIC — integrated V2 (fixed),2025-02-05 00:00:00.000,,07788B91-C774-5129-B23E-AEAD1C6C477B,F8F08501-17DE-54B5-8E85-6C8D90A30B29,1.79,,,FALSE
,,,,,,E7D39DA7-7E5D-57F9-9DDB-1CF3E505EFB5,SYNTHETIC — integrated V2 (fixed),2025-03-06 00:00:00.000,,A4E17F0E-E89F-5775-ADC0-52DEC2A9EE94,F8F08501-17DE-54B5-8E85-6C8D90A30B29,0.94,,,FALSE
,,,,,,99337C26-0663-56BF-961D-4B45304F60CB,SYNTHETIC — integrated V2 (fixed),2025-04-07 00:00:00.000,,817D39FA-F1E5-5BA3-BC82-338EE6A6A4B7,F8F08501-17DE-54B5-8E85-6C8D90A30B29,0.49,,,FALSE
,,,,,,0A671382-D5A5-5B91-99A7-A870223273AB,SYNTHETIC — integrated V2 (fixed),2025-05-08 00:00:00.000,,7598C6D1-2111-547D-AA07-D6B370A08781,F8F08501-17DE-54B5-8E85-6C8D90A30B29,5.08,,,FALSE
,,,,,,EA1A8089-DDED-5385-9EA5-239A2F522931,SYNTHETIC — integrated V2 (fixed),2025-06-09 00:00:00.000,,63D20EB1-F352-5C79-A837-0EA1F279C843,F8F08501-17DE-54B5-8E85-6C8D90A30B29,0.99,,,FALSE
,,,,,,D548B0A8-3654-59DE-87E2-E8729F9D0F8C,SYNTHETIC — integrated V2 (fixed),2025-07-10 00:00:00.000,,54695E4F-1C99-59B8-AD53-DD6474E4A17C,F8F08501-17DE-54B5-8E85-6C8D90A30B29,0.40,,,FALSE
,,,,,,9836AEB1-465F-5BDA-85AD-80E64BABEB25,SYNTHETIC — integrated V2 (fixed),2025-08-11 00:00:00.000,,8AE37AF0-3CDD-510A-B905-7F07C4D7C3B4,F8F08501-17DE-54B5-8E85-6C8D90A30B29,1.48,,,FALSE
,,,,,,D24220FC-041B-5AE7-8248-88C18C7CFFA0,SYNTHETIC — integrated V2 (fixed),2025-01-12 00:00:00.000,,8F7BB60A-76A2-54D6-8294-D04A87E9FB97,F8F08501-17DE-54B5-8E85-6C8D90A30B29,0.61,,,FALSE
,,,,,,F288242F-5737-58C8-88E2-064D25869916,SYNTHETIC — integrated V2 (fixed),2025-02-13 00:00:00.000,,0AC0C7A9-6C3B-5DC2-962D-05C378685A9B,F8F08501-17DE-54B5-8E85-6C8D90A30B29,0.35,,,FALSE
,,,,,,CABD4F18-9788-5897-9751-A7B474D482E3,SYNTHETIC — integrated V2 (fixed),2025-03-14 00:00:00.000,,76A4CFBA-B4EE-5518-B7BE-298A00D6DC42,F8F08501-17DE-54B5-8E85-6C8D90A30B29,1.00,,,FALSE
,,,,,,6EA50459-A971-5271-BBBC-46B5E2E45F2F,SYNTHETIC — integrated V2 (fixed),2025-04-15 00:00:00.000,,69496876-D981-5047-B3D2-4C224378E781,F8F08501-17DE-54B5-8E85-6C8D90A30B29,0.81,,,FALSE
,,,,,,4E026AB5-7BF0-56A0-9A72-D0B70F1FA056,SYNTHETIC — integrated V2 (fixed),2025-05-16 00:00:00.000,,03669EB0-3A1F-5C9B-8B0D-141996931EB5,F8F08501-17DE-54B5-8E85-6C8D90A30B29,0.30,,,FALSE
,,,,,,B4D65658-99B8-5007-8181-CB57FABF1A6A,SYNTHETIC — integrated V2 (fixed),2025-06-17 00:00:00.000,,B803FF6B-1062-5B2D-B292-B7DB157B3129,F8F08501-17DE-54B5-8E85-6C8D90A30B29,0.98,,,FALSE
,,,,,,EF6A4ED1-3F26-5D92-87D7-851E6A84CE9E,SYNTHETIC — integrated V2 (fixed),2025-07-18 00:00:00.000,,256F431C-14C8-519E-BEF7-D525CABDE064,F8F08501-17DE-54B5-8E85-6C8D90A30B29,0.57,,,FALSE
,,,,,,B0670171-6745-5AD1-B294-0798F9335903,SYNTHETIC — integrated V2 (fixed),2025-08-19 00:00:00.000,,5A79CA83-FE98-5BB2-B07C-9C01A725FE85,F8F08501-17DE-54B5-8E85-6C8D90A30B29,0.39,,,FALSE
,,,,,,B1D28754-3CDD-55F8-B8B1-CC2BD54CBC86,SYNTHETIC — integrated V2 (fixed),2025-01-20 00:00:00.000,,98EC6D59-1779-565E-8E03-D6DFA16E61C4,F8F08501-17DE-54B5-8E85-6C8D90A30B29,0.36,,,FALSE
,,,,,,73D01A3C-D183-58B5-B11D-D2CD40EA1852,SYNTHETIC — integrated V2 (fixed),2025-02-21 00:00:00.000,,9B449DA9-4C4A-5921-967C-8CF3F13C16BC,F8F08501-17DE-54B5-8E85-6C8D90A30B29,1.30,,,FALSE
,,,,,,A8461C6C-7A4F-54DE-9B92-9F215036C45E,SYNTHETIC — integrated V2 (fixed),2025-03-22 00:00:00.000,,CA1BB8CE-CD59-5644-8D2E-A602F9604543,F8F08501-17DE-54B5-8E85-6C8D90A30B29,1.55,,,FALSE
,,,,,,8040C400-F38F-5834-98D2-13FDFCC541BF,SYNTHETIC — integrated V2 (fixed),2025-04-23 00:00:00.000,,551BBCA0-BB9D-52E6-AB9C-E2B360A356C2,F8F08501-17DE-54B5-8E85-6C8D90A30B29,4.74,,,FALSE
,,,,,,429606DB-8ABE-5CFA-9D27-93EF31C370D5,SYNTHETIC — integrated V2 (fixed),2025-05-24 00:00:00.000,,32095A5F-B2CD-5B6F-AAE1-4084451E29F5,F8F08501-17DE-54B5-8E85-6C8D90A30B29,1.40,,,FALSE
,,,,,,C9E8677D-E4B2-5B43-9A17-030646404FA5,SYNTHETIC — integrated V2 (fixed),2025-06-25 00:00:00.000,,E986FA8A-50EE-5594-9B38-01620AFDB3ED,F8F08501-17DE-54B5-8E85-6C8D90A30B29,1.32,,,FALSE
,,,,,,A94988AC-50A4-515D-98DA-190B0706A5F6,SYNTHETIC — integrated V2 (fixed),2025-07-26 00:00:00.000,,5904F0E5-7CE3-5775-9B42-C967C0FD2CFA,F8F08501-17DE-54B5-8E85-6C8D90A30B29,1.14,,,FALSE
,,,,,,EA9989C2-8AE1-5B6E-ABAA-9267432935A7,SYNTHETIC — integrated V2 (fixed),2025-08-27 00:00:00.000,,75B48B51-2A9F-55EA-A52A-BBF2FE4C160F,F8F08501-17DE-54B5-8E85-6C8D90A30B29,1.13,,,FALSE
,,,,,,4FF93F22-1CD9-5FC7-BB9E-3A854E35348C,SYNTHETIC — integrated V2 (fixed),2025-01-01 00:00:00.000,,2FE3B605-941D-5E7C-A586-F445AD9D30F8,F8F08501-17DE-54B5-8E85-6C8D90A30B29,1.40,,,FALSE
,,,,,,2C90876A-3033-52FD-A2B0-D7957122C89B,SYNTHETIC — integrated V2 (fixed),2025-02-02 00:00:00.000,,180272FA-A4C0-5836-9685-E59F58854329,F8F08501-17DE-54B5-8E85-6C8D90A30B29,0.56,,,FALSE
,,,,,,4521A948-8DB4-57C9-AD7A-DE07CBC7D66A,SYNTHETIC — integrated V2 (fixed),2025-03-03 00:00:00.000,,740C92AF-D832-5E26-B832-D6C22F8DECDC,F8F08501-17DE-54B5-8E85-6C8D90A30B29,0.68,,,FALSE
,,,,,,209BD3AD-17D6-5EF4-AB69-737AAC8CEEDB,SYNTHETIC — integrated V2 (fixed),2025-04-04 00:00:00.000,,B29ECB3C-EC28-5DB9-BC06-6E93C68EE2C5,F8F08501-17DE-54B5-8E85-6C8D90A30B29,1.05,,,FALSE
,,,,,,F3B70947-7AB8-55DB-AB66-D6A0A31ADB28,SYNTHETIC — integrated V2 (fixed),2025-05-05 00:00:00.000,,DFEA0442-54CD-5641-A24A-8DF79269DFBC,F8F08501-17DE-54B5-8E85-6C8D90A30B29,1.41,,,FALSE
,,,,,,21CB14E4-98B8-5908-8539-D73D75F044FB,SYNTHETIC — integrated V2 (fixed),2025-06-06 00:00:00.000,,CE32CD42-F826-5F5F-8BAE-1459636FF272,F8F08501-17DE-54B5-8E85-6C8D90A30B29,0.60,,,FALSE
,,,,,,E1CFB207-FA7D-5CE8-936D-2B35530B6FCB,SYNTHETIC — integrated V2 (fixed),2025-07-07 00:00:00.000,,FFEEA2D1-18E5-5508-A82A-2836AE37CFE2,F8F08501-17DE-54B5-8E85-6C8D90A30B29,0.54,,,FALSE
,,,,,,CBC9BD95-73A5-59BF-BCFD-F30992314688,SYNTHETIC — integrated V2 (fixed),2025-08-08 00:00:00.000,,C5627471-C618-5996-8E69-9545FC3A53F7,F8F08501-17DE-54B5-8E85-6C8D90A30B29,1.06,,,FALSE
,,,,,,A851DD56-866F-5923-B0A6-19BDB0B11A8B,SYNTHETIC — integrated V2 (fixed),2025-01-09 00:00:00.000,,B170F640-E106-5803-A98F-E837B3283D17,F8F08501-17DE-54B5-8E85-6C8D90A30B29,0.87,,,FALSE
,,,,,,DB0593B1-E991-5A37-B5FA-BC3E7A2016F1,SYNTHETIC — integrated V2 (fixed),2025-02-10 00:00:00.000,,EC49D273-C741-5D76-BEC7-053F15D493CC,F8F08501-17DE-54B5-8E85-6C8D90A30B29,7.40,,,FALSE
,,,,,,32AF3857-19CC-5F20-B54E-D3EF4EB2E05B,SYNTHETIC — integrated V2 (fixed),2025-03-11 00:00:00.000,,EBC79FB3-234E-5C93-953E-58172916042D,F8F08501-17DE-54B5-8E85-6C8D90A30B29,1.01,,,FALSE
,,,,,,E5CE3662-1D34-5A4A-AAD6-8F5B9A767126,SYNTHETIC — integrated V2 (fixed),2025-04-12 00:00:00.000,,D071664E-325E-5D6B-B5FE-A3FC3F115F1B,F8F08501-17DE-54B5-8E85-6C8D90A30B29,1.45,,,FALSE
,,,,,,B7858025-7776-5C12-B209-88B3225A9E24,SYNTHETIC — integrated V2 (fixed),2025-05-13 00:00:00.000,,D7403B1A-23E4-5C94-B199-084B19C2F28E,F8F08501-17DE-54B5-8E85-6C8D90A30B29,0.36,,,FALSE
,,,,,,1CEB7127-A7F9-58EA-AD95-89A5CC12EA06,SYNTHETIC — integrated V2 (fixed),2025-06-14 00:00:00.000,,995B4A04-7B66-5C9D-9D7B-5A67221F67C4,F8F08501-17DE-54B5-8E85-6C8D90A30B29,0.69,,,FALSE
,,,,,,B3658393-C684-5F89-B232-1E8645DAC209,SYNTHETIC — integrated V2 (fixed),2025-07-15 00:00:00.000,,F22979BF-D188-5BBD-9AE0-A37641E4B4FB,F8F08501-17DE-54B5-8E85-6C8D90A30B29,1.89,,,FALSE
,,,,,,52DC85E8-1E39-59B3-A1FB-FEC6604E17E3,SYNTHETIC — integrated V2 (fixed),2025-08-16 00:00:00.000,,22FC4D1D-3BF9-5B25-93D8-A75A78DCF9BB,F8F08501-17DE-54B5-8E85-6C8D90A30B29,1.54,,,FALSE
,,,,,,14C7FB76-9D5D-5D1D-92B1-253E5935ED46,SYNTHETIC — integrated V2 (fixed),2025-01-17 00:00:00.000,,35268395-C87B-5833-BC5F-E02642229C0E,F8F08501-17DE-54B5-8E85-6C8D90A30B29,1.59,,,FALSE
,,,,,,FC3A6C5C-3F47-5270-8751-1D2A044CD84B,SYNTHETIC — integrated V2 (fixed),2025-02-18 00:00:00.000,,F65773B1-E851-5F44-97AE-DA3C57F9511C,F8F08501-17DE-54B5-8E85-6C8D90A30B29,0.42,,,FALSE
,,,,,,895C37E3-3402-5903-BB78-18E139F002E0,SYNTHETIC — integrated V2 (fixed); commercial check,2025-03-01 00:00:00.000,,7CC33501-5906-59E6-B788-3043B53E5990,03CDF464-23E4-5854-BF20-9052EC600118,95.40,,,FALSE
,,,,,,895C37E3-3402-5903-BB78-18E139F002E0,SYNTHETIC — integrated V2 (fixed); commercial check,2025-03-01 00:00:00.000,,425196EA-BB3A-5AEB-A13B-D7D00DF4277D,917BCF85-DADC-551D-A630-8A5266247070,88.00,,,FALSE
,,,,,,895C37E3-3402-5903-BB78-18E139F002E0,SYNTHETIC — integrated V2 (fixed); commercial check,2025-03-01 00:00:00.000,,5D3C67CB-1819-595B-8D0E-3A173E47161C,F8F08501-17DE-54B5-8E85-6C8D90A30B29,0.80,,,FALSE
,,,,,,03B42C84-51CA-5773-8E4C-295473835D66,SYNTHETIC — integrated V2 (fixed); commercial check,2025-03-01 00:00:00.000,,ED15A331-E6B2-539D-8829-52A972A35692,03CDF464-23E4-5854-BF20-9052EC600118,96.40,,,FALSE
,,,,,,03B42C84-51CA-5773-8E4C-295473835D66,SYNTHETIC — integrated V2 (fixed); commercial check,2025-03-01 00:00:00.000,,9CC2A5AF-9511-55E6-BBDF-60802A3AD489,917BCF85-DADC-551D-A630-8A5266247070,89.00,,,FALSE
,,,,,,03B42C84-51CA-5773-8E4C-295473835D66,SYNTHETIC — integrated V2 (fixed); commercial check,2025-03-01 00:00:00.000,,6A49BEE2-F30A-59FB-A7AE-81D2A944FF6B,F8F08501-17DE-54B5-8E85-6C8D90A30B29,0.90,,,FALSE
