GENOMIC_SAMPLE_GUID,MATERIAL_GUID,SAMPLE_ID,PLATFORM_LID,SAMPLE_TYPE_LID,GENOTYPING_DATE,MARKER_DROUGHT_TOLERANCE,MARKER_DISEASE_RESISTANCE,MARKER_YIELD_POTENTIAL,MARKER_MATURITY,GENOMIC_BREEDING_VALUE,QC_CALL_RATE_PCT,QC_STATUS_LID,REMARK,CREATE_DATE,LAST_CHG_DATE,ROWGUID,SOURCE_SYSTEM,IS_SYNTHETIC
23C6D4C2-C046-2378-0000-000000000001,1FC9E916-899C-6A96-0000-000000000001,SYN-GS-00001,SYNTH_SNP_5K,LEAF_TISSUE,2024-02-16 00:00:00.000,FAVOURABLE,SUSCEPTIBLE,MEDIUM,EARLY,96.7,96.4,PASS,SYNTHETIC — hackathon mock data,2026-09-01 00:00:00.000,2026-09-26 12:00:00.000,28746B8C-C33F-C1A5-0000-000000000001,GENOMICS_MOCK,TRUE
23C6D4C2-C046-2378-0000-000000000002,1FC9E916-899C-6A96-0000-000000000002,SYN-GS-00002,SYNTH_SNP_5K,LEAF_TISSUE,2024-08-10 00:00:00.000,NEUTRAL,RESISTANT,MEDIUM,EARLY,118.8,95.5,PASS,SYNTHETIC — hackathon mock data,2026-09-01 00:00:00.000,2026-09-26 12:00:00.000,28746B8C-C33F-C1A5-0000-000000000002,GENOMICS_MOCK,TRUE
23C6D4C2-C046-2378-0000-000000000003,1FC9E916-899C-6A96-0000-000000000003,SYN-GS-00003,SYNTH_SNP_5K,LEAF_TISSUE,2026-03-17 00:00:00.000,FAVOURABLE,INTERMEDIATE,HIGH,EARLY,106.0,99.3,PASS,SYNTHETIC — hackathon mock data,2026-09-01 00:00:00.000,2026-09-26 12:00:00.000,28746B8C-C33F-C1A5-0000-000000000003,GENOMICS_MOCK,TRUE
23C6D4C2-C046-2378-0000-000000000004,1FC9E916-899C-6A96-0000-000000000004,SYN-GS-00004,SYNTH_SNP_5K,LEAF_TISSUE,2024-07-04 00:00:00.000,FAVOURABLE,INTERMEDIATE,HIGH,LATE,112.2,94.3,PASS,SYNTHETIC — hackathon mock data,2026-09-01 00:00:00.000,2026-09-26 12:00:00.000,28746B8C-C33F-C1A5-0000-000000000004,GENOMICS_MOCK,TRUE
23C6D4C2-C046-2378-0000-000000000005,1FC9E916-899C-6A96-0000-000000000005,SYN-GS-00005,SYNTH_SNP_5K,LEAF_TISSUE,2025-06-01 00:00:00.000,FAVOURABLE,SUSCEPTIBLE,HIGH,MID,107.2,95.1,PASS,SYNTHETIC — hackathon mock data,2026-09-01 00:00:00.000,2026-09-26 12:00:00.000,28746B8C-C33F-C1A5-0000-000000000005,GENOMICS_MOCK,TRUE
23C6D4C2-C046-2378-0000-000000000006,1FC9E916-899C-6A96-0000-000000000006,SYN-GS-00006,SYNTH_SNP_5K,LEAF_TISSUE,2024-04-02 00:00:00.000,UNFAVOURABLE,RESISTANT,HIGH,MID,122.2,94.3,PASS,SYNTHETIC — hackathon mock data,2026-09-01 00:00:00.000,2026-09-26 12:00:00.000,28746B8C-C33F-C1A5-0000-000000000006,GENOMICS_MOCK,TRUE
23C6D4C2-C046-2378-0000-000000000007,1FC9E916-899C-6A96-0000-000000000007,SYN-GS-00007,SYNTH_SNP_5K,LEAF_TISSUE,2025-01-21 00:00:00.000,FAVOURABLE,RESISTANT,LOW,EARLY,96.3,95.8,PASS,SYNTHETIC — hackathon mock data,2026-09-01 00:00:00.000,2026-09-26 12:00:00.000,28746B8C-C33F-C1A5-0000-000000000007,GENOMICS_MOCK,TRUE
23C6D4C2-C046-2378-0000-000000000008,1FC9E916-899C-6A96-0000-000000000008,SYN-GS-00008,SYNTH_SNP_5K,LEAF_TISSUE,2026-04-08 00:00:00.000,FAVOURABLE,SUSCEPTIBLE,HIGH,EARLY,106.4,96.8,PASS,SYNTHETIC — hackathon mock data,2026-09-01 00:00:00.000,2026-09-26 12:00:00.000,28746B8C-C33F-C1A5-0000-000000000008,GENOMICS_MOCK,TRUE
23C6D4C2-C046-2378-0000-000000000009,1FC9E916-899C-6A96-0000-000000000009,SYN-GS-00009,SYNTH_SNP_5K,LEAF_TISSUE,2025-03-03 00:00:00.000,UNFAVOURABLE,INTERMEDIATE,HIGH,MID,111.2,98.8,PASS,SYNTHETIC — hackathon mock data,2026-09-01 00:00:00.000,2026-09-26 12:00:00.000,28746B8C-C33F-C1A5-0000-000000000009,GENOMICS_MOCK,TRUE
23C6D4C2-C046-2378-0000-00000000000A,1FC9E916-899C-6A96-0000-00000000000A,SYN-GS-00010,SYNTH_SNP_5K,LEAF_TISSUE,2026-08-03 00:00:00.000,NEUTRAL,SUSCEPTIBLE,LOW,MID,77.3,96.9,PASS,SYNTHETIC — hackathon mock data,2026-09-01 00:00:00.000,2026-09-26 12:00:00.000,28746B8C-C33F-C1A5-0000-00000000000A,GENOMICS_MOCK,TRUE
23C6D4C2-C046-2378-0000-00000000000B,1FC9E916-899C-6A96-0000-00000000000B,SYN-GS-00011,SYNTH_SNP_5K,LEAF_TISSUE,2025-06-13 00:00:00.000,FAVOURABLE,RESISTANT,LOW,LATE,91.5,96.3,PASS,SYNTHETIC — hackathon mock data,2026-09-01 00:00:00.000,2026-09-26 12:00:00.000,28746B8C-C33F-C1A5-0000-00000000000B,GENOMICS_MOCK,TRUE
23C6D4C2-C046-2378-0000-00000000000C,1FC9E916-899C-6A96-0000-00000000000C,SYN-GS-00012,SYNTH_SNP_5K,LEAF_TISSUE,2025-06-15 00:00:00.000,FAVOURABLE,SUSCEPTIBLE,HIGH,EARLY,99.5,94.8,PASS,SYNTHETIC — hackathon mock data,2026-09-01 00:00:00.000,2026-09-26 12:00:00.000,28746B8C-C33F-C1A5-0000-00000000000C,GENOMICS_MOCK,TRUE
23C6D4C2-C046-2378-0000-00000000000D,1FC9E916-899C-6A96-0000-00000000000D,SYN-GS-00013,SYNTH_SNP_5K,LEAF_TISSUE,2024-07-27 00:00:00.000,NEUTRAL,RESISTANT,MEDIUM,LATE,104.1,97.0,PASS,SYNTHETIC — hackathon mock data,2026-09-01 00:00:00.000,2026-09-26 12:00:00.000,28746B8C-C33F-C1A5-0000-00000000000D,GENOMICS_MOCK,TRUE
23C6D4C2-C046-2378-0000-00000000000E,1FC9E916-899C-6A96-0000-00000000000E,SYN-GS-00014,SYNTH_SNP_5K,LEAF_TISSUE,2025-07-28 00:00:00.000,UNFAVOURABLE,SUSCEPTIBLE,LOW,MID,84.7,95.3,PASS,SYNTHETIC — hackathon mock data,2026-09-01 00:00:00.000,2026-09-26 12:00:00.000,28746B8C-C33F-C1A5-0000-00000000000E,GENOMICS_MOCK,TRUE
23C6D4C2-C046-2378-0000-00000000000F,1FC9E916-899C-6A96-0000-00000000000F,SYN-GS-00015,SYNTH_SNP_5K,LEAF_TISSUE,2025-03-18 00:00:00.000,FAVOURABLE,SUSCEPTIBLE,HIGH,LATE,112.0,95.5,PASS,SYNTHETIC — hackathon mock data,2026-09-01 00:00:00.000,2026-09-26 12:00:00.000,28746B8C-C33F-C1A5-0000-00000000000F,GENOMICS_MOCK,TRUE
23C6D4C2-C046-2378-0000-000000000010,1FC9E916-899C-6A96-0000-000000000010,SYN-GS-00016,SYNTH_SNP_5K,LEAF_TISSUE,2026-07-11 00:00:00.000,FAVOURABLE,SUSCEPTIBLE,HIGH,MID,101.3,99.5,PASS,SYNTHETIC — hackathon mock data,2026-09-01 00:00:00.000,2026-09-26 12:00:00.000,28746B8C-C33F-C1A5-0000-000000000010,GENOMICS_MOCK,TRUE
23C6D4C2-C046-2378-0000-000000000011,1FC9E916-899C-6A96-0000-000000000011,SYN-GS-00017,SYNTH_SNP_5K,LEAF_TISSUE,2024-02-05 00:00:00.000,FAVOURABLE,RESISTANT,MEDIUM,EARLY,102.9,99.0,PASS,SYNTHETIC — hackathon mock data,2026-09-01 00:00:00.000,2026-09-26 12:00:00.000,28746B8C-C33F-C1A5-0000-000000000011,GENOMICS_MOCK,TRUE
23C6D4C2-C046-2378-0000-000000000012,1FC9E916-899C-6A96-0000-000000000012,SYN-GS-00018,SYNTH_SNP_5K,LEAF_TISSUE,2024-06-18 00:00:00.000,FAVOURABLE,RESISTANT,HIGH,MID,113.3,96.3,PASS,SYNTHETIC — hackathon mock data,2026-09-01 00:00:00.000,2026-09-26 12:00:00.000,28746B8C-C33F-C1A5-0000-000000000012,GENOMICS_MOCK,TRUE
23C6D4C2-C046-2378-0000-000000000013,1FC9E916-899C-6A96-0000-000000000013,SYN-GS-00019,SYNTH_SNP_5K,LEAF_TISSUE,2026-03-21 00:00:00.000,FAVOURABLE,RESISTANT,MEDIUM,LATE,108.0,97.3,PASS,SYNTHETIC — hackathon mock data,2026-09-01 00:00:00.000,2026-09-26 12:00:00.000,28746B8C-C33F-C1A5-0000-000000000013,GENOMICS_MOCK,TRUE
23C6D4C2-C046-2378-0000-000000000014,1FC9E916-899C-6A96-0000-000000000014,SYN-GS-00020,SYNTH_SNP_5K,LEAF_TISSUE,2024-02-15 00:00:00.000,FAVOURABLE,SUSCEPTIBLE,LOW,EARLY,81.6,97.8,PASS,SYNTHETIC — hackathon mock data,2026-09-01 00:00:00.000,2026-09-26 12:00:00.000,28746B8C-C33F-C1A5-0000-000000000014,GENOMICS_MOCK,TRUE
23C6D4C2-C046-2378-0000-000000000015,1FC9E916-899C-6A96-0000-000000000015,SYN-GS-00021,SYNTH_SNP_5K,LEAF_TISSUE,2025-02-14 00:00:00.000,UNFAVOURABLE,RESISTANT,MEDIUM,MID,108.9,96.4,PASS,SYNTHETIC — hackathon mock data,2026-09-01 00:00:00.000,2026-09-26 12:00:00.000,28746B8C-C33F-C1A5-0000-000000000015,GENOMICS_MOCK,TRUE
23C6D4C2-C046-2378-0000-000000000016,1FC9E916-899C-6A96-0000-000000000016,SYN-GS-00022,SYNTH_SNP_5K,LEAF_TISSUE,2025-02-24 00:00:00.000,UNFAVOURABLE,RESISTANT,HIGH,EARLY,121.4,98.2,PASS,SYNTHETIC — hackathon mock data,2026-09-01 00:00:00.000,2026-09-26 12:00:00.000,28746B8C-C33F-C1A5-0000-000000000016,GENOMICS_MOCK,TRUE
23C6D4C2-C046-2378-0000-000000000017,1FC9E916-899C-6A96-0000-000000000017,SYN-GS-00023,SYNTH_SNP_5K,LEAF_TISSUE,2024-05-12 00:00:00.000,FAVOURABLE,RESISTANT,HIGH,MID,117.6,99.4,PASS,SYNTHETIC — hackathon mock data,2026-09-01 00:00:00.000,2026-09-26 12:00:00.000,28746B8C-C33F-C1A5-0000-000000000017,GENOMICS_MOCK,TRUE
23C6D4C2-C046-2378-0000-000000000018,1FC9E916-899C-6A96-0000-000000000018,SYN-GS-00024,SYNTH_SNP_5K,LEAF_TISSUE,2024-09-12 00:00:00.000,NEUTRAL,SUSCEPTIBLE,LOW,MID,84.7,99.2,PASS,SYNTHETIC — hackathon mock data,2026-09-01 00:00:00.000,2026-09-26 12:00:00.000,28746B8C-C33F-C1A5-0000-000000000018,GENOMICS_MOCK,TRUE
23C6D4C2-C046-2378-0000-000000000019,1FC9E916-899C-6A96-0000-000000000019,SYN-GS-00025,SYNTH_SNP_5K,LEAF_TISSUE,2026-07-24 00:00:00.000,NEUTRAL,RESISTANT,LOW,LATE,91.3,99.9,PASS,SYNTHETIC — hackathon mock data,2026-09-01 00:00:00.000,2026-09-26 12:00:00.000,28746B8C-C33F-C1A5-0000-000000000019,GENOMICS_MOCK,TRUE
23C6D4C2-C046-2378-0000-00000000001A,1FC9E916-899C-6A96-0000-00000000001A,SYN-GS-00026,SYNTH_SNP_5K,LEAF_TISSUE,2025-09-03 00:00:00.000,NEUTRAL,RESISTANT,HIGH,MID,120.2,99.3,PASS,SYNTHETIC — hackathon mock data,2026-09-01 00:00:00.000,2026-09-26 12:00:00.000,28746B8C-C33F-C1A5-0000-00000000001A,GENOMICS_MOCK,TRUE
23C6D4C2-C046-2378-0000-00000000001B,1FC9E916-899C-6A96-0000-00000000001B,SYN-GS-00027,SYNTH_SNP_5K,LEAF_TISSUE,2024-04-16 00:00:00.000,NEUTRAL,RESISTANT,HIGH,EARLY,117.5,97.8,PASS,SYNTHETIC — hackathon mock data,2026-09-01 00:00:00.000,2026-09-26 12:00:00.000,28746B8C-C33F-C1A5-0000-00000000001B,GENOMICS_MOCK,TRUE
23C6D4C2-C046-2378-0000-00000000001C,1FC9E916-899C-6A96-0000-00000000001C,SYN-GS-00028,SYNTH_SNP_5K,LEAF_TISSUE,2026-05-10 00:00:00.000,FAVOURABLE,SUSCEPTIBLE,LOW,EARLY,76.6,96.0,PASS,SYNTHETIC — hackathon mock data,2026-09-01 00:00:00.000,2026-09-26 12:00:00.000,28746B8C-C33F-C1A5-0000-00000000001C,GENOMICS_MOCK,TRUE
23C6D4C2-C046-2378-0000-00000000001D,1FC9E916-899C-6A96-0000-00000000001D,SYN-GS-00029,SYNTH_SNP_5K,LEAF_TISSUE,2025-01-26 00:00:00.000,FAVOURABLE,INTERMEDIATE,MEDIUM,EARLY,106.5,96.3,PASS,SYNTHETIC — hackathon mock data,2026-09-01 00:00:00.000,2026-09-26 12:00:00.000,28746B8C-C33F-C1A5-0000-00000000001D,GENOMICS_MOCK,TRUE
23C6D4C2-C046-2378-0000-00000000001E,1FC9E916-899C-6A96-0000-00000000001E,SYN-GS-00030,SYNTH_SNP_5K,LEAF_TISSUE,2026-04-10 00:00:00.000,FAVOURABLE,RESISTANT,HIGH,LATE,123.5,94.9,PASS,SYNTHETIC — hackathon mock data,2026-09-01 00:00:00.000,2026-09-26 12:00:00.000,28746B8C-C33F-C1A5-0000-00000000001E,GENOMICS_MOCK,TRUE
23C6D4C2-C046-2378-0000-00000000001F,1FC9E916-899C-6A96-0000-00000000001F,SYN-GS-00031,SYNTH_SNP_5K,LEAF_TISSUE,2026-04-27 00:00:00.000,UNFAVOURABLE,RESISTANT,HIGH,LATE,122.7,99.9,PASS,SYNTHETIC — hackathon mock data,2026-09-01 00:00:00.000,2026-09-26 12:00:00.000,28746B8C-C33F-C1A5-0000-00000000001F,GENOMICS_MOCK,TRUE
23C6D4C2-C046-2378-0000-000000000020,1FC9E916-899C-6A96-0000-000000000020,SYN-GS-00032,SYNTH_SNP_5K,LEAF_TISSUE,2024-06-06 00:00:00.000,FAVOURABLE,RESISTANT,HIGH,LATE,120.7,96.9,PASS,SYNTHETIC — hackathon mock data,2026-09-01 00:00:00.000,2026-09-26 12:00:00.000,28746B8C-C33F-C1A5-0000-000000000020,GENOMICS_MOCK,TRUE
23C6D4C2-C046-2378-0000-000000000021,1FC9E916-899C-6A96-0000-000000000021,SYN-GS-00033,SYNTH_SNP_5K,LEAF_TISSUE,2024-08-20 00:00:00.000,NEUTRAL,INTERMEDIATE,MEDIUM,MID,103.8,96.7,PASS,SYNTHETIC — hackathon mock data,2026-09-01 00:00:00.000,2026-09-26 12:00:00.000,28746B8C-C33F-C1A5-0000-000000000021,GENOMICS_MOCK,TRUE
23C6D4C2-C046-2378-0000-000000000022,1FC9E916-899C-6A96-0000-000000000022,SYN-GS-00034,SYNTH_SNP_5K,LEAF_TISSUE,2026-06-28 00:00:00.000,FAVOURABLE,INTERMEDIATE,MEDIUM,MID,98.8,96.2,PASS,SYNTHETIC — hackathon mock data,2026-09-01 00:00:00.000,2026-09-26 12:00:00.000,28746B8C-C33F-C1A5-0000-000000000022,GENOMICS_MOCK,TRUE
23C6D4C2-C046-2378-0000-000000000023,1FC9E916-899C-6A96-0000-000000000023,SYN-GS-00035,SYNTH_SNP_5K,LEAF_TISSUE,2026-01-07 00:00:00.000,FAVOURABLE,RESISTANT,MEDIUM,EARLY,119.0,98.8,PASS,SYNTHETIC — hackathon mock data,2026-09-01 00:00:00.000,2026-09-26 12:00:00.000,28746B8C-C33F-C1A5-0000-000000000023,GENOMICS_MOCK,TRUE
23C6D4C2-C046-2378-0000-000000000024,1FC9E916-899C-6A96-0000-000000000024,SYN-GS-00036,SYNTH_SNP_5K,LEAF_TISSUE,2024-07-19 00:00:00.000,NEUTRAL,RESISTANT,HIGH,MID,114.8,95.4,PASS,SYNTHETIC — hackathon mock data,2026-09-01 00:00:00.000,2026-09-26 12:00:00.000,28746B8C-C33F-C1A5-0000-000000000024,GENOMICS_MOCK,TRUE
23C6D4C2-C046-2378-0000-000000000025,1FC9E916-899C-6A96-0000-000000000025,SYN-GS-00037,SYNTH_SNP_5K,LEAF_TISSUE,2024-03-12 00:00:00.000,FAVOURABLE,INTERMEDIATE,MEDIUM,MID,110.3,99.1,PASS,SYNTHETIC — hackathon mock data,2026-09-01 00:00:00.000,2026-09-26 12:00:00.000,28746B8C-C33F-C1A5-0000-000000000025,GENOMICS_MOCK,TRUE
23C6D4C2-C046-2378-0000-000000000026,1FC9E916-899C-6A96-0000-000000000026,SYN-GS-00038,SYNTH_SNP_5K,LEAF_TISSUE,2025-01-08 00:00:00.000,NEUTRAL,RESISTANT,LOW,MID,95.6,94.1,PASS,SYNTHETIC — hackathon mock data,2026-09-01 00:00:00.000,2026-09-26 12:00:00.000,28746B8C-C33F-C1A5-0000-000000000026,GENOMICS_MOCK,TRUE
23C6D4C2-C046-2378-0000-000000000027,1FC9E916-899C-6A96-0000-000000000027,SYN-GS-00039,SYNTH_SNP_5K,LEAF_TISSUE,2024-08-03 00:00:00.000,FAVOURABLE,INTERMEDIATE,MEDIUM,EARLY,107.8,94.1,PASS,SYNTHETIC — hackathon mock data,2026-09-01 00:00:00.000,2026-09-26 12:00:00.000,28746B8C-C33F-C1A5-0000-000000000027,GENOMICS_MOCK,TRUE
23C6D4C2-C046-2378-0000-000000000028,1FC9E916-899C-6A96-0000-000000000028,SYN-GS-00040,SYNTH_SNP_5K,LEAF_TISSUE,2024-01-11 00:00:00.000,FAVOURABLE,INTERMEDIATE,LOW,MID,95.2,95.2,PASS,SYNTHETIC — hackathon mock data,2026-09-01 00:00:00.000,2026-09-26 12:00:00.000,28746B8C-C33F-C1A5-0000-000000000028,GENOMICS_MOCK,TRUE
23C6D4C2-C046-2378-0000-000000000029,1FC9E916-899C-6A96-0000-000000000029,SYN-GS-00041,SYNTH_SNP_5K,LEAF_TISSUE,2026-06-19 00:00:00.000,NEUTRAL,SUSCEPTIBLE,HIGH,LATE,112.6,98.6,PASS,SYNTHETIC — hackathon mock data,2026-09-01 00:00:00.000,2026-09-26 12:00:00.000,28746B8C-C33F-C1A5-0000-000000000029,GENOMICS_MOCK,TRUE
23C6D4C2-C046-2378-0000-00000000002A,1FC9E916-899C-6A96-0000-00000000002A,SYN-GS-00042,SYNTH_SNP_5K,LEAF_TISSUE,2025-02-25 00:00:00.000,FAVOURABLE,SUSCEPTIBLE,MEDIUM,LATE,83.8,98.5,PASS,SYNTHETIC — hackathon mock data,2026-09-01 00:00:00.000,2026-09-26 12:00:00.000,28746B8C-C33F-C1A5-0000-00000000002A,GENOMICS_MOCK,TRUE
23C6D4C2-C046-2378-0000-00000000002B,1FC9E916-899C-6A96-0000-00000000002B,SYN-GS-00043,SYNTH_SNP_5K,LEAF_TISSUE,2026-03-04 00:00:00.000,NEUTRAL,INTERMEDIATE,HIGH,MID,120.2,98.3,PASS,SYNTHETIC — hackathon mock data,2026-09-01 00:00:00.000,2026-09-26 12:00:00.000,28746B8C-C33F-C1A5-0000-00000000002B,GENOMICS_MOCK,TRUE
23C6D4C2-C046-2378-0000-00000000002C,1FC9E916-899C-6A96-0000-00000000002C,SYN-GS-00044,SYNTH_SNP_5K,LEAF_TISSUE,2026-05-18 00:00:00.000,UNFAVOURABLE,RESISTANT,HIGH,LATE,115.5,94.7,PASS,SYNTHETIC — hackathon mock data,2026-09-01 00:00:00.000,2026-09-26 12:00:00.000,28746B8C-C33F-C1A5-0000-00000000002C,GENOMICS_MOCK,TRUE
23C6D4C2-C046-2378-0000-00000000002D,1FC9E916-899C-6A96-0000-00000000002D,SYN-GS-00045,SYNTH_SNP_5K,LEAF_TISSUE,2025-09-07 00:00:00.000,FAVOURABLE,RESISTANT,MEDIUM,LATE,98.6,98.0,PASS,SYNTHETIC — hackathon mock data,2026-09-01 00:00:00.000,2026-09-26 12:00:00.000,28746B8C-C33F-C1A5-0000-00000000002D,GENOMICS_MOCK,TRUE
23C6D4C2-C046-2378-0000-00000000002E,1FC9E916-899C-6A96-0000-00000000002E,SYN-GS-00046,SYNTH_SNP_5K,LEAF_TISSUE,2025-08-04 00:00:00.000,FAVOURABLE,RESISTANT,HIGH,MID,115.3,98.6,PASS,SYNTHETIC — hackathon mock data,2026-09-01 00:00:00.000,2026-09-26 12:00:00.000,28746B8C-C33F-C1A5-0000-00000000002E,GENOMICS_MOCK,TRUE
23C6D4C2-C046-2378-0000-00000000002F,1FC9E916-899C-6A96-0000-00000000002F,SYN-GS-00047,SYNTH_SNP_5K,LEAF_TISSUE,2026-08-08 00:00:00.000,FAVOURABLE,RESISTANT,HIGH,MID,117.2,99.4,PASS,SYNTHETIC — hackathon mock data,2026-09-01 00:00:00.000,2026-09-26 12:00:00.000,28746B8C-C33F-C1A5-0000-00000000002F,GENOMICS_MOCK,TRUE
23C6D4C2-C046-2378-0000-000000000030,1FC9E916-899C-6A96-0000-000000000030,SYN-GS-00048,SYNTH_SNP_5K,LEAF_TISSUE,2025-06-20 00:00:00.000,UNFAVOURABLE,INTERMEDIATE,HIGH,EARLY,112.2,94.1,PASS,SYNTHETIC — hackathon mock data,2026-09-01 00:00:00.000,2026-09-26 12:00:00.000,28746B8C-C33F-C1A5-0000-000000000030,GENOMICS_MOCK,TRUE
23C6D4C2-C046-2378-0000-000000000031,1FC9E916-899C-6A96-0000-000000000031,SYN-GS-00049,SYNTH_SNP_5K,LEAF_TISSUE,2026-04-17 00:00:00.000,FAVOURABLE,RESISTANT,MEDIUM,EARLY,105.4,98.2,PASS,SYNTHETIC — hackathon mock data,2026-09-01 00:00:00.000,2026-09-26 12:00:00.000,28746B8C-C33F-C1A5-0000-000000000031,GENOMICS_MOCK,TRUE
23C6D4C2-C046-2378-0000-000000000032,1FC9E916-899C-6A96-0000-000000000032,SYN-GS-00050,SYNTH_SNP_5K,LEAF_TISSUE,2026-04-04 00:00:00.000,FAVOURABLE,INTERMEDIATE,HIGH,MID,108.1,99.1,PASS,SYNTHETIC — hackathon mock data,2026-09-01 00:00:00.000,2026-09-26 12:00:00.000,28746B8C-C33F-C1A5-0000-000000000032,GENOMICS_MOCK,TRUE
23C6D4C2-C046-2378-0000-000000000033,1FC9E916-899C-6A96-0000-000000000033,SYN-GS-00051,SYNTH_SNP_5K,LEAF_TISSUE,2025-06-08 00:00:00.000,UNFAVOURABLE,RESISTANT,MEDIUM,MID,95.7,96.8,PASS,SYNTHETIC — hackathon mock data,2026-09-01 00:00:00.000,2026-09-26 12:00:00.000,28746B8C-C33F-C1A5-0000-000000000033,GENOMICS_MOCK,TRUE
23C6D4C2-C046-2378-0000-000000000034,1FC9E916-899C-6A96-0000-000000000034,SYN-GS-00052,SYNTH_SNP_5K,LEAF_TISSUE,2024-07-03 00:00:00.000,FAVOURABLE,INTERMEDIATE,LOW,EARLY,87.2,99.8,PASS,SYNTHETIC — hackathon mock data,2026-09-01 00:00:00.000,2026-09-26 12:00:00.000,28746B8C-C33F-C1A5-0000-000000000034,GENOMICS_MOCK,TRUE
23C6D4C2-C046-2378-0000-000000000035,1FC9E916-899C-6A96-0000-000000000035,SYN-GS-00053,SYNTH_SNP_5K,LEAF_TISSUE,2025-01-24 00:00:00.000,NEUTRAL,SUSCEPTIBLE,MEDIUM,EARLY,89.3,99.3,PASS,SYNTHETIC — hackathon mock data,2026-09-01 00:00:00.000,2026-09-26 12:00:00.000,28746B8C-C33F-C1A5-0000-000000000035,GENOMICS_MOCK,TRUE
23C6D4C2-C046-2378-0000-000000000036,1FC9E916-899C-6A96-0000-000000000036,SYN-GS-00054,SYNTH_SNP_5K,LEAF_TISSUE,2025-03-16 00:00:00.000,FAVOURABLE,RESISTANT,HIGH,MID,118.7,99.0,PASS,SYNTHETIC — hackathon mock data,2026-09-01 00:00:00.000,2026-09-26 12:00:00.000,28746B8C-C33F-C1A5-0000-000000000036,GENOMICS_MOCK,TRUE
23C6D4C2-C046-2378-0000-000000000037,1FC9E916-899C-6A96-0000-000000000037,SYN-GS-00055,SYNTH_SNP_5K,LEAF_TISSUE,2026-02-12 00:00:00.000,UNFAVOURABLE,SUSCEPTIBLE,HIGH,EARLY,105.8,99.6,PASS,SYNTHETIC — hackathon mock data,2026-09-01 00:00:00.000,2026-09-26 12:00:00.000,28746B8C-C33F-C1A5-0000-000000000037,GENOMICS_MOCK,TRUE
23C6D4C2-C046-2378-0000-000000000038,1FC9E916-899C-6A96-0000-000000000038,SYN-GS-00056,SYNTH_SNP_5K,LEAF_TISSUE,2025-08-01 00:00:00.000,UNFAVOURABLE,INTERMEDIATE,MEDIUM,EARLY,106.5,95.8,PASS,SYNTHETIC — hackathon mock data,2026-09-01 00:00:00.000,2026-09-26 12:00:00.000,28746B8C-C33F-C1A5-0000-000000000038,GENOMICS_MOCK,TRUE
23C6D4C2-C046-2378-0000-000000000039,1FC9E916-899C-6A96-0000-000000000039,SYN-GS-00057,SYNTH_SNP_5K,LEAF_TISSUE,2025-04-20 00:00:00.000,UNFAVOURABLE,SUSCEPTIBLE,MEDIUM,LATE,88.6,96.0,PASS,SYNTHETIC — hackathon mock data,2026-09-01 00:00:00.000,2026-09-26 12:00:00.000,28746B8C-C33F-C1A5-0000-000000000039,GENOMICS_MOCK,TRUE
23C6D4C2-C046-2378-0000-00000000003A,1FC9E916-899C-6A96-0000-00000000003A,SYN-GS-00058,SYNTH_SNP_5K,LEAF_TISSUE,2025-09-14 00:00:00.000,FAVOURABLE,INTERMEDIATE,MEDIUM,LATE,109.3,96.6,PASS,SYNTHETIC — hackathon mock data,2026-09-01 00:00:00.000,2026-09-26 12:00:00.000,28746B8C-C33F-C1A5-0000-00000000003A,GENOMICS_MOCK,TRUE
23C6D4C2-C046-2378-0000-00000000003B,1FC9E916-899C-6A96-0000-00000000003B,SYN-GS-00059,SYNTH_SNP_5K,LEAF_TISSUE,2024-08-27 00:00:00.000,FAVOURABLE,INTERMEDIATE,LOW,LATE,94.6,94.6,PASS,SYNTHETIC — hackathon mock data,2026-09-01 00:00:00.000,2026-09-26 12:00:00.000,28746B8C-C33F-C1A5-0000-00000000003B,GENOMICS_MOCK,TRUE
23C6D4C2-C046-2378-0000-00000000003C,1FC9E916-899C-6A96-0000-00000000003C,SYN-GS-00060,SYNTH_SNP_5K,LEAF_TISSUE,2025-08-16 00:00:00.000,NEUTRAL,INTERMEDIATE,LOW,MID,90.6,96.0,PASS,SYNTHETIC — hackathon mock data,2026-09-01 00:00:00.000,2026-09-26 12:00:00.000,28746B8C-C33F-C1A5-0000-00000000003C,GENOMICS_MOCK,TRUE
23C6D4C2-C046-2378-0000-00000000003D,1FC9E916-899C-6A96-0000-00000000003D,SYN-GS-00061,SYNTH_SNP_5K,LEAF_TISSUE,2026-09-08 00:00:00.000,FAVOURABLE,INTERMEDIATE,HIGH,MID,107.0,99.4,PASS,SYNTHETIC — hackathon mock data,2026-09-01 00:00:00.000,2026-09-26 12:00:00.000,28746B8C-C33F-C1A5-0000-00000000003D,GENOMICS_MOCK,TRUE
23C6D4C2-C046-2378-0000-00000000003E,1FC9E916-899C-6A96-0000-00000000003E,SYN-GS-00062,SYNTH_SNP_5K,LEAF_TISSUE,2025-03-11 00:00:00.000,UNFAVOURABLE,RESISTANT,LOW,MID,97.0,98.2,PASS,SYNTHETIC — hackathon mock data,2026-09-01 00:00:00.000,2026-09-26 12:00:00.000,28746B8C-C33F-C1A5-0000-00000000003E,GENOMICS_MOCK,TRUE
23C6D4C2-C046-2378-0000-00000000003F,1FC9E916-899C-6A96-0000-00000000003F,SYN-GS-00063,SYNTH_SNP_5K,LEAF_TISSUE,2024-07-12 00:00:00.000,FAVOURABLE,INTERMEDIATE,LOW,EARLY,94.6,98.7,PASS,SYNTHETIC — hackathon mock data,2026-09-01 00:00:00.000,2026-09-26 12:00:00.000,28746B8C-C33F-C1A5-0000-00000000003F,GENOMICS_MOCK,TRUE
23C6D4C2-C046-2378-0000-000000000040,1FC9E916-899C-6A96-0000-000000000040,SYN-GS-00064,SYNTH_SNP_5K,LEAF_TISSUE,2024-03-14 00:00:00.000,UNFAVOURABLE,INTERMEDIATE,MEDIUM,MID,106.3,97.8,PASS,SYNTHETIC — hackathon mock data,2026-09-01 00:00:00.000,2026-09-26 12:00:00.000,28746B8C-C33F-C1A5-0000-000000000040,GENOMICS_MOCK,TRUE
23C6D4C2-C046-2378-0000-000000000041,1FC9E916-899C-6A96-0000-000000000041,SYN-GS-00065,SYNTH_SNP_5K,LEAF_TISSUE,2026-02-19 00:00:00.000,FAVOURABLE,INTERMEDIATE,HIGH,MID,111.5,96.2,PASS,SYNTHETIC — hackathon mock data,2026-09-01 00:00:00.000,2026-09-26 12:00:00.000,28746B8C-C33F-C1A5-0000-000000000041,GENOMICS_MOCK,TRUE
23C6D4C2-C046-2378-0000-000000000042,1FC9E916-899C-6A96-0000-000000000042,SYN-GS-00066,SYNTH_SNP_5K,LEAF_TISSUE,2025-07-13 00:00:00.000,FAVOURABLE,INTERMEDIATE,HIGH,MID,115.4,95.3,PASS,SYNTHETIC — hackathon mock data,2026-09-01 00:00:00.000,2026-09-26 12:00:00.000,28746B8C-C33F-C1A5-0000-000000000042,GENOMICS_MOCK,TRUE
23C6D4C2-C046-2378-0000-000000000043,1FC9E916-899C-6A96-0000-000000000043,SYN-GS-00067,SYNTH_SNP_5K,LEAF_TISSUE,2024-05-20 00:00:00.000,FAVOURABLE,SUSCEPTIBLE,HIGH,MID,106.1,95.6,PASS,SYNTHETIC — hackathon mock data,2026-09-01 00:00:00.000,2026-09-26 12:00:00.000,28746B8C-C33F-C1A5-0000-000000000043,GENOMICS_MOCK,TRUE
23C6D4C2-C046-2378-0000-000000000044,1FC9E916-899C-6A96-0000-000000000044,SYN-GS-00068,SYNTH_SNP_5K,LEAF_TISSUE,2026-01-06 00:00:00.000,FAVOURABLE,RESISTANT,MEDIUM,MID,106.9,98.2,PASS,SYNTHETIC — hackathon mock data,2026-09-01 00:00:00.000,2026-09-26 12:00:00.000,28746B8C-C33F-C1A5-0000-000000000044,GENOMICS_MOCK,TRUE
23C6D4C2-C046-2378-0000-000000000045,1FC9E916-899C-6A96-0000-000000000045,SYN-GS-00069,SYNTH_SNP_5K,LEAF_TISSUE,2025-02-05 00:00:00.000,FAVOURABLE,INTERMEDIATE,MEDIUM,MID,101.2,97.0,PASS,SYNTHETIC — hackathon mock data,2026-09-01 00:00:00.000,2026-09-26 12:00:00.000,28746B8C-C33F-C1A5-0000-000000000045,GENOMICS_MOCK,TRUE
23C6D4C2-C046-2378-0000-000000000046,1FC9E916-899C-6A96-0000-000000000046,SYN-GS-00070,SYNTH_SNP_5K,LEAF_TISSUE,2025-06-14 00:00:00.000,FAVOURABLE,RESISTANT,MEDIUM,EARLY,106.2,96.7,PASS,SYNTHETIC — hackathon mock data,2026-09-01 00:00:00.000,2026-09-26 12:00:00.000,28746B8C-C33F-C1A5-0000-000000000046,GENOMICS_MOCK,TRUE
23C6D4C2-C046-2378-0000-000000000047,1FC9E916-899C-6A96-0000-000000000047,SYN-GS-00071,SYNTH_SNP_5K,LEAF_TISSUE,2024-08-02 00:00:00.000,UNFAVOURABLE,INTERMEDIATE,HIGH,LATE,111.9,99.5,PASS,SYNTHETIC — hackathon mock data,2026-09-01 00:00:00.000,2026-09-26 12:00:00.000,28746B8C-C33F-C1A5-0000-000000000047,GENOMICS_MOCK,TRUE
23C6D4C2-C046-2378-0000-000000000048,1FC9E916-899C-6A96-0000-000000000048,SYN-GS-00072,SYNTH_SNP_5K,LEAF_TISSUE,2025-07-26 00:00:00.000,UNFAVOURABLE,INTERMEDIATE,HIGH,LATE,112.0,99.2,PASS,SYNTHETIC — hackathon mock data,2026-09-01 00:00:00.000,2026-09-26 12:00:00.000,28746B8C-C33F-C1A5-0000-000000000048,GENOMICS_MOCK,TRUE
23C6D4C2-C046-2378-0000-000000000049,1FC9E916-899C-6A96-0000-000000000049,SYN-GS-00073,SYNTH_SNP_5K,LEAF_TISSUE,2025-02-07 00:00:00.000,NEUTRAL,SUSCEPTIBLE,HIGH,MID,98.9,96.3,PASS,SYNTHETIC — hackathon mock data,2026-09-01 00:00:00.000,2026-09-26 12:00:00.000,28746B8C-C33F-C1A5-0000-000000000049,GENOMICS_MOCK,TRUE
23C6D4C2-C046-2378-0000-00000000004A,1FC9E916-899C-6A96-0000-00000000004A,SYN-GS-00074,SYNTH_SNP_5K,LEAF_TISSUE,2026-02-06 00:00:00.000,FAVOURABLE,SUSCEPTIBLE,LOW,MID,82.3,96.0,PASS,SYNTHETIC — hackathon mock data,2026-09-01 00:00:00.000,2026-09-26 12:00:00.000,28746B8C-C33F-C1A5-0000-00000000004A,GENOMICS_MOCK,TRUE
23C6D4C2-C046-2378-0000-00000000004B,1FC9E916-899C-6A96-0000-00000000004B,SYN-GS-00075,SYNTH_SNP_5K,LEAF_TISSUE,2025-01-04 00:00:00.000,NEUTRAL,INTERMEDIATE,HIGH,MID,110.5,98.2,PASS,SYNTHETIC — hackathon mock data,2026-09-01 00:00:00.000,2026-09-26 12:00:00.000,28746B8C-C33F-C1A5-0000-00000000004B,GENOMICS_MOCK,TRUE
23C6D4C2-C046-2378-0000-00000000004C,1FC9E916-899C-6A96-0000-00000000004C,SYN-GS-00076,SYNTH_SNP_5K,LEAF_TISSUE,2026-05-01 00:00:00.000,NEUTRAL,INTERMEDIATE,MEDIUM,MID,101.8,98.3,PASS,SYNTHETIC — hackathon mock data,2026-09-01 00:00:00.000,2026-09-26 12:00:00.000,28746B8C-C33F-C1A5-0000-00000000004C,GENOMICS_MOCK,TRUE
23C6D4C2-C046-2378-0000-00000000004D,1FC9E916-899C-6A96-0000-00000000004D,SYN-GS-00077,SYNTH_SNP_5K,LEAF_TISSUE,2024-06-05 00:00:00.000,UNFAVOURABLE,RESISTANT,MEDIUM,LATE,110.9,97.7,PASS,SYNTHETIC — hackathon mock data,2026-09-01 00:00:00.000,2026-09-26 12:00:00.000,28746B8C-C33F-C1A5-0000-00000000004D,GENOMICS_MOCK,TRUE
23C6D4C2-C046-2378-0000-00000000004E,1FC9E916-899C-6A96-0000-00000000004E,SYN-GS-00078,SYNTH_SNP_5K,LEAF_TISSUE,2026-08-21 00:00:00.000,FAVOURABLE,SUSCEPTIBLE,HIGH,MID,107.9,94.4,PASS,SYNTHETIC — hackathon mock data,2026-09-01 00:00:00.000,2026-09-26 12:00:00.000,28746B8C-C33F-C1A5-0000-00000000004E,GENOMICS_MOCK,TRUE
23C6D4C2-C046-2378-0000-00000000004F,1FC9E916-899C-6A96-0000-00000000004F,SYN-GS-00079,SYNTH_SNP_5K,LEAF_TISSUE,2024-03-10 00:00:00.000,FAVOURABLE,INTERMEDIATE,MEDIUM,MID,96.9,94.1,PASS,SYNTHETIC — hackathon mock data,2026-09-01 00:00:00.000,2026-09-26 12:00:00.000,28746B8C-C33F-C1A5-0000-00000000004F,GENOMICS_MOCK,TRUE
23C6D4C2-C046-2378-0000-000000000050,1FC9E916-899C-6A96-0000-000000000050,SYN-GS-00080,SYNTH_SNP_5K,LEAF_TISSUE,2026-08-25 00:00:00.000,FAVOURABLE,SUSCEPTIBLE,HIGH,EARLY,101.2,95.2,PASS,SYNTHETIC — hackathon mock data,2026-09-01 00:00:00.000,2026-09-26 12:00:00.000,28746B8C-C33F-C1A5-0000-000000000050,GENOMICS_MOCK,TRUE
23C6D4C2-C046-2378-0000-000000000051,1FC9E916-899C-6A96-0000-000000000051,SYN-GS-00081,SYNTH_SNP_5K,LEAF_TISSUE,2024-05-10 00:00:00.000,FAVOURABLE,SUSCEPTIBLE,MEDIUM,MID,92.8,94.5,PASS,SYNTHETIC — hackathon mock data,2026-09-01 00:00:00.000,2026-09-26 12:00:00.000,28746B8C-C33F-C1A5-0000-000000000051,GENOMICS_MOCK,TRUE
23C6D4C2-C046-2378-0000-000000000052,1FC9E916-899C-6A96-0000-000000000052,SYN-GS-00082,SYNTH_SNP_5K,LEAF_TISSUE,2024-01-17 00:00:00.000,UNFAVOURABLE,SUSCEPTIBLE,MEDIUM,MID,100.7,96.4,PASS,SYNTHETIC — hackathon mock data,2026-09-01 00:00:00.000,2026-09-26 12:00:00.000,28746B8C-C33F-C1A5-0000-000000000052,GENOMICS_MOCK,TRUE
23C6D4C2-C046-2378-0000-000000000053,1FC9E916-899C-6A96-0000-000000000053,SYN-GS-00083,SYNTH_SNP_5K,LEAF_TISSUE,2025-01-08 00:00:00.000,NEUTRAL,RESISTANT,MEDIUM,LATE,110.5,99.2,PASS,SYNTHETIC — hackathon mock data,2026-09-01 00:00:00.000,2026-09-26 12:00:00.000,28746B8C-C33F-C1A5-0000-000000000053,GENOMICS_MOCK,TRUE
23C6D4C2-C046-2378-0000-000000000054,1FC9E916-899C-6A96-0000-000000000054,SYN-GS-00084,SYNTH_SNP_5K,LEAF_TISSUE,2024-05-26 00:00:00.000,UNFAVOURABLE,INTERMEDIATE,HIGH,LATE,115.0,95.8,PASS,SYNTHETIC — hackathon mock data,2026-09-01 00:00:00.000,2026-09-26 12:00:00.000,28746B8C-C33F-C1A5-0000-000000000054,GENOMICS_MOCK,TRUE
23C6D4C2-C046-2378-0000-000000000055,1FC9E916-899C-6A96-0000-000000000055,SYN-GS-00085,SYNTH_SNP_5K,LEAF_TISSUE,2026-01-25 00:00:00.000,FAVOURABLE,SUSCEPTIBLE,MEDIUM,MID,89.1,95.2,PASS,SYNTHETIC — hackathon mock data,2026-09-01 00:00:00.000,2026-09-26 12:00:00.000,28746B8C-C33F-C1A5-0000-000000000055,GENOMICS_MOCK,TRUE
23C6D4C2-C046-2378-0000-000000000056,1FC9E916-899C-6A96-0000-000000000056,SYN-GS-00086,SYNTH_SNP_5K,LEAF_TISSUE,2025-01-18 00:00:00.000,NEUTRAL,RESISTANT,HIGH,MID,114.2,95.9,PASS,SYNTHETIC — hackathon mock data,2026-09-01 00:00:00.000,2026-09-26 12:00:00.000,28746B8C-C33F-C1A5-0000-000000000056,GENOMICS_MOCK,TRUE
23C6D4C2-C046-2378-0000-000000000057,1FC9E916-899C-6A96-0000-000000000057,SYN-GS-00087,SYNTH_SNP_5K,LEAF_TISSUE,2025-09-05 00:00:00.000,NEUTRAL,INTERMEDIATE,HIGH,EARLY,116.0,99.4,PASS,SYNTHETIC — hackathon mock data,2026-09-01 00:00:00.000,2026-09-26 12:00:00.000,28746B8C-C33F-C1A5-0000-000000000057,GENOMICS_MOCK,TRUE
23C6D4C2-C046-2378-0000-000000000058,1FC9E916-899C-6A96-0000-000000000058,SYN-GS-00088,SYNTH_SNP_5K,LEAF_TISSUE,2024-01-12 00:00:00.000,NEUTRAL,RESISTANT,HIGH,LATE,118.3,98.9,PASS,SYNTHETIC — hackathon mock data,2026-09-01 00:00:00.000,2026-09-26 12:00:00.000,28746B8C-C33F-C1A5-0000-000000000058,GENOMICS_MOCK,TRUE
23C6D4C2-C046-2378-0000-000000000059,1FC9E916-899C-6A96-0000-000000000059,SYN-GS-00089,SYNTH_SNP_5K,LEAF_TISSUE,2025-01-15 00:00:00.000,UNFAVOURABLE,RESISTANT,HIGH,MID,127.0,97.2,PASS,SYNTHETIC — hackathon mock data,2026-09-01 00:00:00.000,2026-09-26 12:00:00.000,28746B8C-C33F-C1A5-0000-000000000059,GENOMICS_MOCK,TRUE
23C6D4C2-C046-2378-0000-00000000005A,1FC9E916-899C-6A96-0000-00000000005A,SYN-GS-00090,SYNTH_SNP_5K,LEAF_TISSUE,2024-02-14 00:00:00.000,UNFAVOURABLE,RESISTANT,HIGH,MID,114.1,94.6,PASS,SYNTHETIC — hackathon mock data,2026-09-01 00:00:00.000,2026-09-26 12:00:00.000,28746B8C-C33F-C1A5-0000-00000000005A,GENOMICS_MOCK,TRUE
23C6D4C2-C046-2378-0000-00000000005B,1FC9E916-899C-6A96-0000-00000000005B,SYN-GS-00091,SYNTH_SNP_5K,LEAF_TISSUE,2026-05-06 00:00:00.000,NEUTRAL,SUSCEPTIBLE,HIGH,MID,107.1,98.3,PASS,SYNTHETIC — hackathon mock data,2026-09-01 00:00:00.000,2026-09-26 12:00:00.000,28746B8C-C33F-C1A5-0000-00000000005B,GENOMICS_MOCK,TRUE
23C6D4C2-C046-2378-0000-00000000005C,1FC9E916-899C-6A96-0000-00000000005C,SYN-GS-00092,SYNTH_SNP_5K,LEAF_TISSUE,2026-08-19 00:00:00.000,FAVOURABLE,INTERMEDIATE,HIGH,MID,104.0,96.6,PASS,SYNTHETIC — hackathon mock data,2026-09-01 00:00:00.000,2026-09-26 12:00:00.000,28746B8C-C33F-C1A5-0000-00000000005C,GENOMICS_MOCK,TRUE
23C6D4C2-C046-2378-0000-00000000005D,1FC9E916-899C-6A96-0000-00000000005D,SYN-GS-00093,SYNTH_SNP_5K,LEAF_TISSUE,2026-01-15 00:00:00.000,NEUTRAL,INTERMEDIATE,HIGH,EARLY,106.2,97.5,PASS,SYNTHETIC — hackathon mock data,2026-09-01 00:00:00.000,2026-09-26 12:00:00.000,28746B8C-C33F-C1A5-0000-00000000005D,GENOMICS_MOCK,TRUE
23C6D4C2-C046-2378-0000-00000000005E,1FC9E916-899C-6A96-0000-00000000005E,SYN-GS-00094,SYNTH_SNP_5K,LEAF_TISSUE,2026-06-25 00:00:00.000,NEUTRAL,INTERMEDIATE,LOW,MID,88.7,98.9,PASS,SYNTHETIC — hackathon mock data,2026-09-01 00:00:00.000,2026-09-26 12:00:00.000,28746B8C-C33F-C1A5-0000-00000000005E,GENOMICS_MOCK,TRUE
23C6D4C2-C046-2378-0000-00000000005F,1FC9E916-899C-6A96-0000-00000000005F,SYN-GS-00095,SYNTH_SNP_5K,LEAF_TISSUE,2025-03-14 00:00:00.000,UNFAVOURABLE,RESISTANT,HIGH,MID,108.4,96.9,PASS,SYNTHETIC — hackathon mock data,2026-09-01 00:00:00.000,2026-09-26 12:00:00.000,28746B8C-C33F-C1A5-0000-00000000005F,GENOMICS_MOCK,TRUE
23C6D4C2-C046-2378-0000-000000000060,1FC9E916-899C-6A96-0000-000000000060,SYN-GS-00096,SYNTH_SNP_5K,LEAF_TISSUE,2025-03-24 00:00:00.000,FAVOURABLE,RESISTANT,HIGH,EARLY,114.6,96.3,PASS,SYNTHETIC — hackathon mock data,2026-09-01 00:00:00.000,2026-09-26 12:00:00.000,28746B8C-C33F-C1A5-0000-000000000060,GENOMICS_MOCK,TRUE
23C6D4C2-C046-2378-0000-000000000061,1FC9E916-899C-6A96-0000-000000000061,SYN-GS-00097,SYNTH_SNP_5K,LEAF_TISSUE,2024-08-15 00:00:00.000,FAVOURABLE,RESISTANT,HIGH,EARLY,114.1,99.5,PASS,SYNTHETIC — hackathon mock data,2026-09-01 00:00:00.000,2026-09-26 12:00:00.000,28746B8C-C33F-C1A5-0000-000000000061,GENOMICS_MOCK,TRUE
23C6D4C2-C046-2378-0000-000000000062,1FC9E916-899C-6A96-0000-000000000062,SYN-GS-00098,SYNTH_SNP_5K,LEAF_TISSUE,2025-01-20 00:00:00.000,UNFAVOURABLE,RESISTANT,MEDIUM,EARLY,101.1,95.3,PASS,SYNTHETIC — hackathon mock data,2026-09-01 00:00:00.000,2026-09-26 12:00:00.000,28746B8C-C33F-C1A5-0000-000000000062,GENOMICS_MOCK,TRUE
23C6D4C2-C046-2378-0000-000000000063,1FC9E916-899C-6A96-0000-000000000063,SYN-GS-00099,SYNTH_SNP_5K,LEAF_TISSUE,2025-03-07 00:00:00.000,NEUTRAL,RESISTANT,HIGH,MID,127.9,94.6,PASS,SYNTHETIC — hackathon mock data,2026-09-01 00:00:00.000,2026-09-26 12:00:00.000,28746B8C-C33F-C1A5-0000-000000000063,GENOMICS_MOCK,TRUE
23C6D4C2-C046-2378-0000-000000000064,1FC9E916-899C-6A96-0000-000000000064,SYN-GS-00100,SYNTH_SNP_5K,LEAF_TISSUE,2024-04-16 00:00:00.000,UNFAVOURABLE,INTERMEDIATE,LOW,EARLY,82.8,94.7,PASS,SYNTHETIC — hackathon mock data,2026-09-01 00:00:00.000,2026-09-26 12:00:00.000,28746B8C-C33F-C1A5-0000-000000000064,GENOMICS_MOCK,TRUE
23C6D4C2-C046-2378-0000-000000000065,1FC9E916-899C-6A96-0000-000000000065,SYN-GS-00101,SYNTH_SNP_5K,LEAF_TISSUE,2025-04-02 00:00:00.000,FAVOURABLE,INTERMEDIATE,LOW,LATE,97.2,95.6,PASS,SYNTHETIC — hackathon mock data,2026-09-01 00:00:00.000,2026-09-26 12:00:00.000,28746B8C-C33F-C1A5-0000-000000000065,GENOMICS_MOCK,TRUE
23C6D4C2-C046-2378-0000-000000000066,1FC9E916-899C-6A96-0000-000000000066,SYN-GS-00102,SYNTH_SNP_5K,LEAF_TISSUE,2026-01-03 00:00:00.000,UNFAVOURABLE,INTERMEDIATE,HIGH,LATE,115.9,99.3,PASS,SYNTHETIC — hackathon mock data,2026-09-01 00:00:00.000,2026-09-26 12:00:00.000,28746B8C-C33F-C1A5-0000-000000000066,GENOMICS_MOCK,TRUE
23C6D4C2-C046-2378-0000-000000000067,1FC9E916-899C-6A96-0000-000000000067,SYN-GS-00103,SYNTH_SNP_5K,LEAF_TISSUE,2026-01-14 00:00:00.000,NEUTRAL,RESISTANT,LOW,MID,94.8,96.3,PASS,SYNTHETIC — hackathon mock data,2026-09-01 00:00:00.000,2026-09-26 12:00:00.000,28746B8C-C33F-C1A5-0000-000000000067,GENOMICS_MOCK,TRUE
23C6D4C2-C046-2378-0000-000000000068,1FC9E916-899C-6A96-0000-000000000068,SYN-GS-00104,SYNTH_SNP_5K,LEAF_TISSUE,2024-04-10 00:00:00.000,NEUTRAL,RESISTANT,LOW,EARLY,94.7,99.1,PASS,SYNTHETIC — hackathon mock data,2026-09-01 00:00:00.000,2026-09-26 12:00:00.000,28746B8C-C33F-C1A5-0000-000000000068,GENOMICS_MOCK,TRUE
23C6D4C2-C046-2378-0000-000000000069,1FC9E916-899C-6A96-0000-000000000069,SYN-GS-00105,SYNTH_SNP_5K,LEAF_TISSUE,2024-08-22 00:00:00.000,NEUTRAL,RESISTANT,MEDIUM,EARLY,105.0,97.1,PASS,SYNTHETIC — hackathon mock data,2026-09-01 00:00:00.000,2026-09-26 12:00:00.000,28746B8C-C33F-C1A5-0000-000000000069,GENOMICS_MOCK,TRUE
23C6D4C2-C046-2378-0000-00000000006A,1FC9E916-899C-6A96-0000-00000000006A,SYN-GS-00106,SYNTH_SNP_5K,LEAF_TISSUE,2026-05-09 00:00:00.000,NEUTRAL,SUSCEPTIBLE,HIGH,EARLY,104.8,99.3,PASS,SYNTHETIC — hackathon mock data,2026-09-01 00:00:00.000,2026-09-26 12:00:00.000,28746B8C-C33F-C1A5-0000-00000000006A,GENOMICS_MOCK,TRUE
23C6D4C2-C046-2378-0000-00000000006B,1FC9E916-899C-6A96-0000-00000000006B,SYN-GS-00107,SYNTH_SNP_5K,LEAF_TISSUE,2026-03-02 00:00:00.000,FAVOURABLE,RESISTANT,HIGH,LATE,122.2,94.3,PASS,SYNTHETIC — hackathon mock data,2026-09-01 00:00:00.000,2026-09-26 12:00:00.000,28746B8C-C33F-C1A5-0000-00000000006B,GENOMICS_MOCK,TRUE
23C6D4C2-C046-2378-0000-00000000006C,1FC9E916-899C-6A96-0000-00000000006C,SYN-GS-00108,SYNTH_SNP_5K,LEAF_TISSUE,2026-02-07 00:00:00.000,NEUTRAL,SUSCEPTIBLE,LOW,EARLY,88.5,94.1,PASS,SYNTHETIC — hackathon mock data,2026-09-01 00:00:00.000,2026-09-26 12:00:00.000,28746B8C-C33F-C1A5-0000-00000000006C,GENOMICS_MOCK,TRUE
23C6D4C2-C046-2378-0000-00000000006D,1FC9E916-899C-6A96-0000-00000000006D,SYN-GS-00109,SYNTH_SNP_5K,LEAF_TISSUE,2024-07-09 00:00:00.000,FAVOURABLE,SUSCEPTIBLE,HIGH,MID,107.4,96.2,PASS,SYNTHETIC — hackathon mock data,2026-09-01 00:00:00.000,2026-09-26 12:00:00.000,28746B8C-C33F-C1A5-0000-00000000006D,GENOMICS_MOCK,TRUE
23C6D4C2-C046-2378-0000-00000000006E,1FC9E916-899C-6A96-0000-00000000006E,SYN-GS-00110,SYNTH_SNP_5K,LEAF_TISSUE,2026-07-12 00:00:00.000,UNFAVOURABLE,RESISTANT,HIGH,EARLY,119.2,96.5,PASS,SYNTHETIC — hackathon mock data,2026-09-01 00:00:00.000,2026-09-26 12:00:00.000,28746B8C-C33F-C1A5-0000-00000000006E,GENOMICS_MOCK,TRUE
23C6D4C2-C046-2378-0000-00000000006F,1FC9E916-899C-6A96-0000-00000000006F,SYN-GS-00111,SYNTH_SNP_5K,LEAF_TISSUE,2026-06-07 00:00:00.000,FAVOURABLE,INTERMEDIATE,HIGH,MID,106.9,99.1,PASS,SYNTHETIC — hackathon mock data,2026-09-01 00:00:00.000,2026-09-26 12:00:00.000,28746B8C-C33F-C1A5-0000-00000000006F,GENOMICS_MOCK,TRUE
23C6D4C2-C046-2378-0000-000000000070,1FC9E916-899C-6A96-0000-000000000070,SYN-GS-00112,SYNTH_SNP_5K,LEAF_TISSUE,2026-01-08 00:00:00.000,NEUTRAL,INTERMEDIATE,MEDIUM,EARLY,96.9,94.3,PASS,SYNTHETIC — hackathon mock data,2026-09-01 00:00:00.000,2026-09-26 12:00:00.000,28746B8C-C33F-C1A5-0000-000000000070,GENOMICS_MOCK,TRUE
23C6D4C2-C046-2378-0000-000000000071,1FC9E916-899C-6A96-0000-000000000071,SYN-GS-00113,SYNTH_SNP_5K,LEAF_TISSUE,2024-07-03 00:00:00.000,NEUTRAL,RESISTANT,MEDIUM,LATE,112.4,94.9,PASS,SYNTHETIC — hackathon mock data,2026-09-01 00:00:00.000,2026-09-26 12:00:00.000,28746B8C-C33F-C1A5-0000-000000000071,GENOMICS_MOCK,TRUE
23C6D4C2-C046-2378-0000-000000000072,1FC9E916-899C-6A96-0000-000000000072,SYN-GS-00114,SYNTH_SNP_5K,LEAF_TISSUE,2024-02-15 00:00:00.000,FAVOURABLE,RESISTANT,HIGH,EARLY,116.0,95.0,PASS,SYNTHETIC — hackathon mock data,2026-09-01 00:00:00.000,2026-09-26 12:00:00.000,28746B8C-C33F-C1A5-0000-000000000072,GENOMICS_MOCK,TRUE
23C6D4C2-C046-2378-0000-000000000073,1FC9E916-899C-6A96-0000-000000000073,SYN-GS-00115,SYNTH_SNP_5K,LEAF_TISSUE,2024-06-15 00:00:00.000,FAVOURABLE,RESISTANT,HIGH,LATE,111.4,99.8,PASS,SYNTHETIC — hackathon mock data,2026-09-01 00:00:00.000,2026-09-26 12:00:00.000,28746B8C-C33F-C1A5-0000-000000000073,GENOMICS_MOCK,TRUE
23C6D4C2-C046-2378-0000-000000000074,1FC9E916-899C-6A96-0000-000000000074,SYN-GS-00116,SYNTH_SNP_5K,LEAF_TISSUE,2026-09-22 00:00:00.000,NEUTRAL,INTERMEDIATE,LOW,LATE,92.2,96.2,PASS,SYNTHETIC — hackathon mock data,2026-09-01 00:00:00.000,2026-09-26 12:00:00.000,28746B8C-C33F-C1A5-0000-000000000074,GENOMICS_MOCK,TRUE
23C6D4C2-C046-2378-0000-000000000075,1FC9E916-899C-6A96-0000-000000000075,SYN-GS-00117,SYNTH_SNP_5K,LEAF_TISSUE,2025-08-22 00:00:00.000,FAVOURABLE,RESISTANT,HIGH,MID,113.5,97.3,PASS,SYNTHETIC — hackathon mock data,2026-09-01 00:00:00.000,2026-09-26 12:00:00.000,28746B8C-C33F-C1A5-0000-000000000075,GENOMICS_MOCK,TRUE
23C6D4C2-C046-2378-0000-000000000076,1FC9E916-899C-6A96-0000-000000000076,SYN-GS-00118,SYNTH_SNP_5K,LEAF_TISSUE,2024-06-07 00:00:00.000,NEUTRAL,SUSCEPTIBLE,LOW,MID,79.7,96.2,PASS,SYNTHETIC — hackathon mock data,2026-09-01 00:00:00.000,2026-09-26 12:00:00.000,28746B8C-C33F-C1A5-0000-000000000076,GENOMICS_MOCK,TRUE
23C6D4C2-C046-2378-0000-000000000077,1FC9E916-899C-6A96-0000-000000000077,SYN-GS-00119,SYNTH_SNP_5K,LEAF_TISSUE,2024-04-15 00:00:00.000,UNFAVOURABLE,SUSCEPTIBLE,MEDIUM,EARLY,93.3,96.1,PASS,SYNTHETIC — hackathon mock data,2026-09-01 00:00:00.000,2026-09-26 12:00:00.000,28746B8C-C33F-C1A5-0000-000000000077,GENOMICS_MOCK,TRUE
23C6D4C2-C046-2378-0000-000000000078,1FC9E916-899C-6A96-0000-000000000078,SYN-GS-00120,SYNTH_SNP_5K,LEAF_TISSUE,2024-01-17 00:00:00.000,FAVOURABLE,SUSCEPTIBLE,LOW,MID,86.0,99.7,PASS,SYNTHETIC — hackathon mock data,2026-09-01 00:00:00.000,2026-09-26 12:00:00.000,28746B8C-C33F-C1A5-0000-000000000078,GENOMICS_MOCK,TRUE
23C6D4C2-C046-2378-0000-000000000079,1FC9E916-899C-6A96-0000-000000000079,SYN-GS-00121,SYNTH_SNP_5K,LEAF_TISSUE,2026-02-05 00:00:00.000,NEUTRAL,INTERMEDIATE,HIGH,MID,114.9,97.5,PASS,SYNTHETIC — hackathon mock data,2026-09-01 00:00:00.000,2026-09-26 12:00:00.000,28746B8C-C33F-C1A5-0000-000000000079,GENOMICS_MOCK,TRUE
23C6D4C2-C046-2378-0000-00000000007A,1FC9E916-899C-6A96-0000-00000000007A,SYN-GS-00122,SYNTH_SNP_5K,LEAF_TISSUE,2026-07-14 00:00:00.000,FAVOURABLE,RESISTANT,LOW,MID,93.3,99.0,PASS,SYNTHETIC — hackathon mock data,2026-09-01 00:00:00.000,2026-09-26 12:00:00.000,28746B8C-C33F-C1A5-0000-00000000007A,GENOMICS_MOCK,TRUE
23C6D4C2-C046-2378-0000-00000000007B,1FC9E916-899C-6A96-0000-00000000007B,SYN-GS-00123,SYNTH_SNP_5K,LEAF_TISSUE,2026-02-21 00:00:00.000,FAVOURABLE,INTERMEDIATE,LOW,MID,96.3,94.8,PASS,SYNTHETIC — hackathon mock data,2026-09-01 00:00:00.000,2026-09-26 12:00:00.000,28746B8C-C33F-C1A5-0000-00000000007B,GENOMICS_MOCK,TRUE
23C6D4C2-C046-2378-0000-00000000007C,1FC9E916-899C-6A96-0000-00000000007C,SYN-GS-00124,SYNTH_SNP_5K,LEAF_TISSUE,2024-06-08 00:00:00.000,NEUTRAL,RESISTANT,LOW,MID,94.7,95.8,PASS,SYNTHETIC — hackathon mock data,2026-09-01 00:00:00.000,2026-09-26 12:00:00.000,28746B8C-C33F-C1A5-0000-00000000007C,GENOMICS_MOCK,TRUE
23C6D4C2-C046-2378-0000-00000000007D,1FC9E916-899C-6A96-0000-00000000007D,SYN-GS-00125,SYNTH_SNP_5K,LEAF_TISSUE,2026-03-21 00:00:00.000,FAVOURABLE,RESISTANT,LOW,MID,100.1,99.8,PASS,SYNTHETIC — hackathon mock data,2026-09-01 00:00:00.000,2026-09-26 12:00:00.000,28746B8C-C33F-C1A5-0000-00000000007D,GENOMICS_MOCK,TRUE
23C6D4C2-C046-2378-0000-00000000007E,1FC9E916-899C-6A96-0000-00000000007E,SYN-GS-00126,SYNTH_SNP_5K,LEAF_TISSUE,2025-07-09 00:00:00.000,NEUTRAL,RESISTANT,HIGH,EARLY,116.4,95.9,PASS,SYNTHETIC — hackathon mock data,2026-09-01 00:00:00.000,2026-09-26 12:00:00.000,28746B8C-C33F-C1A5-0000-00000000007E,GENOMICS_MOCK,TRUE
23C6D4C2-C046-2378-0000-00000000007F,1FC9E916-899C-6A96-0000-00000000007F,SYN-GS-00127,SYNTH_SNP_5K,LEAF_TISSUE,2026-02-20 00:00:00.000,UNFAVOURABLE,RESISTANT,LOW,LATE,94.5,96.2,PASS,SYNTHETIC — hackathon mock data,2026-09-01 00:00:00.000,2026-09-26 12:00:00.000,28746B8C-C33F-C1A5-0000-00000000007F,GENOMICS_MOCK,TRUE
23C6D4C2-C046-2378-0000-000000000080,1FC9E916-899C-6A96-0000-000000000080,SYN-GS-00128,SYNTH_SNP_5K,LEAF_TISSUE,2024-09-20 00:00:00.000,FAVOURABLE,RESISTANT,HIGH,MID,128.3,94.1,PASS,SYNTHETIC — hackathon mock data,2026-09-01 00:00:00.000,2026-09-26 12:00:00.000,28746B8C-C33F-C1A5-0000-000000000080,GENOMICS_MOCK,TRUE
23C6D4C2-C046-2378-0000-000000000081,1FC9E916-899C-6A96-0000-000000000081,SYN-GS-00129,SYNTH_SNP_5K,LEAF_TISSUE,2025-09-01 00:00:00.000,FAVOURABLE,INTERMEDIATE,MEDIUM,EARLY,98.6,96.8,PASS,SYNTHETIC — hackathon mock data,2026-09-01 00:00:00.000,2026-09-26 12:00:00.000,28746B8C-C33F-C1A5-0000-000000000081,GENOMICS_MOCK,TRUE
23C6D4C2-C046-2378-0000-000000000082,1FC9E916-899C-6A96-0000-000000000082,SYN-GS-00130,SYNTH_SNP_5K,LEAF_TISSUE,2024-05-16 00:00:00.000,FAVOURABLE,RESISTANT,HIGH,EARLY,118.1,95.6,PASS,SYNTHETIC — hackathon mock data,2026-09-01 00:00:00.000,2026-09-26 12:00:00.000,28746B8C-C33F-C1A5-0000-000000000082,GENOMICS_MOCK,TRUE
23C6D4C2-C046-2378-0000-000000000083,1FC9E916-899C-6A96-0000-000000000083,SYN-GS-00131,SYNTH_SNP_5K,LEAF_TISSUE,2024-01-06 00:00:00.000,FAVOURABLE,RESISTANT,LOW,LATE,94.1,97.7,PASS,SYNTHETIC — hackathon mock data,2026-09-01 00:00:00.000,2026-09-26 12:00:00.000,28746B8C-C33F-C1A5-0000-000000000083,GENOMICS_MOCK,TRUE
23C6D4C2-C046-2378-0000-000000000084,1FC9E916-899C-6A96-0000-000000000084,SYN-GS-00132,SYNTH_SNP_5K,LEAF_TISSUE,2026-09-03 00:00:00.000,NEUTRAL,INTERMEDIATE,HIGH,MID,102.8,98.5,PASS,SYNTHETIC — hackathon mock data,2026-09-01 00:00:00.000,2026-09-26 12:00:00.000,28746B8C-C33F-C1A5-0000-000000000084,GENOMICS_MOCK,TRUE
23C6D4C2-C046-2378-0000-000000000085,1FC9E916-899C-6A96-0000-000000000085,SYN-GS-00133,SYNTH_SNP_5K,LEAF_TISSUE,2026-04-18 00:00:00.000,NEUTRAL,INTERMEDIATE,HIGH,MID,113.4,97.6,PASS,SYNTHETIC — hackathon mock data,2026-09-01 00:00:00.000,2026-09-26 12:00:00.000,28746B8C-C33F-C1A5-0000-000000000085,GENOMICS_MOCK,TRUE
23C6D4C2-C046-2378-0000-000000000086,1FC9E916-899C-6A96-0000-000000000086,SYN-GS-00134,SYNTH_SNP_5K,LEAF_TISSUE,2026-05-09 00:00:00.000,FAVOURABLE,SUSCEPTIBLE,MEDIUM,MID,93.3,95.8,PASS,SYNTHETIC — hackathon mock data,2026-09-01 00:00:00.000,2026-09-26 12:00:00.000,28746B8C-C33F-C1A5-0000-000000000086,GENOMICS_MOCK,TRUE
23C6D4C2-C046-2378-0000-000000000087,1FC9E916-899C-6A96-0000-000000000087,SYN-GS-00135,SYNTH_SNP_5K,LEAF_TISSUE,2024-06-05 00:00:00.000,NEUTRAL,INTERMEDIATE,MEDIUM,MID,100.7,97.4,PASS,SYNTHETIC — hackathon mock data,2026-09-01 00:00:00.000,2026-09-26 12:00:00.000,28746B8C-C33F-C1A5-0000-000000000087,GENOMICS_MOCK,TRUE
23C6D4C2-C046-2378-0000-000000000088,1FC9E916-899C-6A96-0000-000000000088,SYN-GS-00136,SYNTH_SNP_5K,LEAF_TISSUE,2026-04-28 00:00:00.000,FAVOURABLE,RESISTANT,HIGH,MID,118.2,96.3,PASS,SYNTHETIC — hackathon mock data,2026-09-01 00:00:00.000,2026-09-26 12:00:00.000,28746B8C-C33F-C1A5-0000-000000000088,GENOMICS_MOCK,TRUE
23C6D4C2-C046-2378-0000-000000000089,1FC9E916-899C-6A96-0000-000000000089,SYN-GS-00137,SYNTH_SNP_5K,LEAF_TISSUE,2024-08-03 00:00:00.000,NEUTRAL,INTERMEDIATE,LOW,EARLY,85.9,96.1,PASS,SYNTHETIC — hackathon mock data,2026-09-01 00:00:00.000,2026-09-26 12:00:00.000,28746B8C-C33F-C1A5-0000-000000000089,GENOMICS_MOCK,TRUE
23C6D4C2-C046-2378-0000-00000000008A,1FC9E916-899C-6A96-0000-00000000008A,SYN-GS-00138,SYNTH_SNP_5K,LEAF_TISSUE,2026-05-08 00:00:00.000,UNFAVOURABLE,RESISTANT,MEDIUM,MID,110.1,95.6,PASS,SYNTHETIC — hackathon mock data,2026-09-01 00:00:00.000,2026-09-26 12:00:00.000,28746B8C-C33F-C1A5-0000-00000000008A,GENOMICS_MOCK,TRUE
23C6D4C2-C046-2378-0000-00000000008B,1FC9E916-899C-6A96-0000-00000000008B,SYN-GS-00139,SYNTH_SNP_5K,LEAF_TISSUE,2024-06-06 00:00:00.000,UNFAVOURABLE,SUSCEPTIBLE,HIGH,EARLY,111.9,97.2,PASS,SYNTHETIC — hackathon mock data,2026-09-01 00:00:00.000,2026-09-26 12:00:00.000,28746B8C-C33F-C1A5-0000-00000000008B,GENOMICS_MOCK,TRUE
23C6D4C2-C046-2378-0000-00000000008C,1FC9E916-899C-6A96-0000-00000000008C,SYN-GS-00140,SYNTH_SNP_5K,LEAF_TISSUE,2025-07-25 00:00:00.000,FAVOURABLE,SUSCEPTIBLE,LOW,MID,79.2,99.1,PASS,SYNTHETIC — hackathon mock data,2026-09-01 00:00:00.000,2026-09-26 12:00:00.000,28746B8C-C33F-C1A5-0000-00000000008C,GENOMICS_MOCK,TRUE
23C6D4C2-C046-2378-0000-00000000008D,1FC9E916-899C-6A96-0000-00000000008D,SYN-GS-00141,SYNTH_SNP_5K,LEAF_TISSUE,2024-06-12 00:00:00.000,FAVOURABLE,INTERMEDIATE,MEDIUM,MID,105.4,95.4,PASS,SYNTHETIC — hackathon mock data,2026-09-01 00:00:00.000,2026-09-26 12:00:00.000,28746B8C-C33F-C1A5-0000-00000000008D,GENOMICS_MOCK,TRUE
23C6D4C2-C046-2378-0000-00000000008E,1FC9E916-899C-6A96-0000-00000000008E,SYN-GS-00142,SYNTH_SNP_5K,LEAF_TISSUE,2025-07-07 00:00:00.000,NEUTRAL,RESISTANT,LOW,LATE,96.3,99.4,PASS,SYNTHETIC — hackathon mock data,2026-09-01 00:00:00.000,2026-09-26 12:00:00.000,28746B8C-C33F-C1A5-0000-00000000008E,GENOMICS_MOCK,TRUE
23C6D4C2-C046-2378-0000-00000000008F,1FC9E916-899C-6A96-0000-00000000008F,SYN-GS-00143,SYNTH_SNP_5K,LEAF_TISSUE,2024-02-25 00:00:00.000,UNFAVOURABLE,RESISTANT,LOW,EARLY,79.4,99.2,PASS,SYNTHETIC — hackathon mock data,2026-09-01 00:00:00.000,2026-09-26 12:00:00.000,28746B8C-C33F-C1A5-0000-00000000008F,GENOMICS_MOCK,TRUE
23C6D4C2-C046-2378-0000-000000000090,1FC9E916-899C-6A96-0000-000000000090,SYN-GS-00144,SYNTH_SNP_5K,LEAF_TISSUE,2024-02-21 00:00:00.000,FAVOURABLE,SUSCEPTIBLE,LOW,MID,84.2,94.3,PASS,SYNTHETIC — hackathon mock data,2026-09-01 00:00:00.000,2026-09-26 12:00:00.000,28746B8C-C33F-C1A5-0000-000000000090,GENOMICS_MOCK,TRUE
23C6D4C2-C046-2378-0000-000000000091,1FC9E916-899C-6A96-0000-000000000091,SYN-GS-00145,SYNTH_SNP_5K,LEAF_TISSUE,2026-01-13 00:00:00.000,FAVOURABLE,RESISTANT,HIGH,MID,110.8,99.7,PASS,SYNTHETIC — hackathon mock data,2026-09-01 00:00:00.000,2026-09-26 12:00:00.000,28746B8C-C33F-C1A5-0000-000000000091,GENOMICS_MOCK,TRUE
23C6D4C2-C046-2378-0000-000000000092,1FC9E916-899C-6A96-0000-000000000092,SYN-GS-00146,SYNTH_SNP_5K,LEAF_TISSUE,2026-03-19 00:00:00.000,FAVOURABLE,INTERMEDIATE,LOW,MID,92.1,98.5,PASS,SYNTHETIC — hackathon mock data,2026-09-01 00:00:00.000,2026-09-26 12:00:00.000,28746B8C-C33F-C1A5-0000-000000000092,GENOMICS_MOCK,TRUE
23C6D4C2-C046-2378-0000-000000000093,1FC9E916-899C-6A96-0000-000000000093,SYN-GS-00147,SYNTH_SNP_5K,LEAF_TISSUE,2025-05-07 00:00:00.000,NEUTRAL,SUSCEPTIBLE,LOW,MID,83.5,96.1,PASS,SYNTHETIC — hackathon mock data,2026-09-01 00:00:00.000,2026-09-26 12:00:00.000,28746B8C-C33F-C1A5-0000-000000000093,GENOMICS_MOCK,TRUE
23C6D4C2-C046-2378-0000-000000000094,1FC9E916-899C-6A96-0000-000000000094,SYN-GS-00148,SYNTH_SNP_5K,LEAF_TISSUE,2025-06-01 00:00:00.000,FAVOURABLE,INTERMEDIATE,HIGH,MID,118.7,96.9,PASS,SYNTHETIC — hackathon mock data,2026-09-01 00:00:00.000,2026-09-26 12:00:00.000,28746B8C-C33F-C1A5-0000-000000000094,GENOMICS_MOCK,TRUE
23C6D4C2-C046-2378-0000-000000000095,1FC9E916-899C-6A96-0000-000000000095,SYN-GS-00149,SYNTH_SNP_5K,LEAF_TISSUE,2026-08-12 00:00:00.000,UNFAVOURABLE,INTERMEDIATE,LOW,MID,86.3,96.1,PASS,SYNTHETIC — hackathon mock data,2026-09-01 00:00:00.000,2026-09-26 12:00:00.000,28746B8C-C33F-C1A5-0000-000000000095,GENOMICS_MOCK,TRUE
23C6D4C2-C046-2378-0000-000000000096,1FC9E916-899C-6A96-0000-000000000096,SYN-GS-00150,SYNTH_SNP_5K,LEAF_TISSUE,2026-07-01 00:00:00.000,FAVOURABLE,INTERMEDIATE,MEDIUM,LATE,96.3,99.0,PASS,SYNTHETIC — hackathon mock data,2026-09-01 00:00:00.000,2026-09-26 12:00:00.000,28746B8C-C33F-C1A5-0000-000000000096,GENOMICS_MOCK,TRUE
