OPERATION_GUID,TRIAL_GUID,MATERIAL_GUID,LOCATION_GUID,OPERATION_TYPE_LID,OPERATION_STATUS_LID,OPERATION_DATE,PLOT_NO,REMARK,IS_SYNTHETIC
372ED14B-F396-F334-0000-000000000001,620A7637-3BE2-7307-0000-000000000002,1FC9E916-899C-6A96-0000-000000000008,69F84508-D13B-4A83-0000-000000000002,PLANTING,COMPLETED,2026-09-21 00:00:00.000,1001,SYNTHETIC — hackathon mock data,TRUE
372ED14B-F396-F334-0000-000000000002,620A7637-3BE2-7307-0000-000000000003,1FC9E916-899C-6A96-0000-00000000000F,69F84508-D13B-4A83-0000-000000000003,IRRIGATION,COMPLETED,2026-06-09 00:00:00.000,1002,SYNTHETIC — hackathon mock data,TRUE
372ED14B-F396-F334-0000-000000000003,620A7637-3BE2-7307-0000-000000000004,1FC9E916-899C-6A96-0000-000000000016,69F84508-D13B-4A83-0000-000000000004,IRRIGATION,PLANNED,2026-05-15 00:00:00.000,1003,SYNTHETIC — hackathon mock data,TRUE
372ED14B-F396-F334-0000-000000000004,620A7637-3BE2-7307-0000-000000000005,1FC9E916-899C-6A96-0000-00000000001D,69F84508-D13B-4A83-0000-000000000005,IRRIGATION,COMPLETED,2026-06-16 00:00:00.000,1004,SYNTHETIC — hackathon mock data,TRUE
372ED14B-F396-F334-0000-000000000005,620A7637-3BE2-7307-0000-000000000006,1FC9E916-899C-6A96-0000-000000000024,69F84508-D13B-4A83-0000-000000000006,HARVEST,COMPLETED,2026-05-14 00:00:00.000,1005,SYNTHETIC — hackathon mock data,TRUE
372ED14B-F396-F334-0000-000000000006,620A7637-3BE2-7307-0000-000000000007,1FC9E916-899C-6A96-0000-00000000002B,69F84508-D13B-4A83-0000-000000000001,PLANTING,PLANNED,2026-09-14 00:00:00.000,1006,SYNTHETIC — hackathon mock data,TRUE
372ED14B-F396-F334-0000-000000000007,620A7637-3BE2-7307-0000-000000000008,1FC9E916-899C-6A96-0000-000000000032,69F84508-D13B-4A83-0000-000000000002,IRRIGATION,COMPLETED,2026-07-01 00:00:00.000,1007,SYNTHETIC — hackathon mock data,TRUE
372ED14B-F396-F334-0000-000000000008,620A7637-3BE2-7307-0000-000000000009,1FC9E916-899C-6A96-0000-000000000039,69F84508-D13B-4A83-0000-000000000003,HARVEST,COMPLETED,2026-04-02 00:00:00.000,1008,SYNTHETIC — hackathon mock data,TRUE
372ED14B-F396-F334-0000-000000000009,620A7637-3BE2-7307-0000-00000000000A,1FC9E916-899C-6A96-0000-000000000040,69F84508-D13B-4A83-0000-000000000004,PLANTING,PLANNED,2026-07-24 00:00:00.000,1009,SYNTHETIC — hackathon mock data,TRUE
372ED14B-F396-F334-0000-00000000000A,620A7637-3BE2-7307-0000-00000000000B,1FC9E916-899C-6A96-0000-000000000047,69F84508-D13B-4A83-0000-000000000005,PLANTING,PLANNED,2026-07-15 00:00:00.000,1010,SYNTHETIC — hackathon mock data,TRUE
372ED14B-F396-F334-0000-00000000000B,620A7637-3BE2-7307-0000-00000000000C,1FC9E916-899C-6A96-0000-00000000004E,69F84508-D13B-4A83-0000-000000000006,HARVEST,PLANNED,2026-08-04 00:00:00.000,1011,SYNTHETIC — hackathon mock data,TRUE
372ED14B-F396-F334-0000-00000000000C,620A7637-3BE2-7307-0000-00000000000D,1FC9E916-899C-6A96-0000-000000000055,69F84508-D13B-4A83-0000-000000000001,PLANTING,COMPLETED,2026-06-12 00:00:00.000,1012,SYNTHETIC — hackathon mock data,TRUE
372ED14B-F396-F334-0000-00000000000D,620A7637-3BE2-7307-0000-00000000000E,1FC9E916-899C-6A96-0000-00000000005C,69F84508-D13B-4A83-0000-000000000002,HARVEST,PLANNED,2026-06-25 00:00:00.000,1013,SYNTHETIC — hackathon mock data,TRUE
372ED14B-F396-F334-0000-00000000000E,620A7637-3BE2-7307-0000-00000000000F,1FC9E916-899C-6A96-0000-000000000063,69F84508-D13B-4A83-0000-000000000003,IRRIGATION,COMPLETED,2026-06-25 00:00:00.000,1014,SYNTHETIC — hackathon mock data,TRUE
372ED14B-F396-F334-0000-00000000000F,620A7637-3BE2-7307-0000-000000000010,1FC9E916-899C-6A96-0000-00000000006A,69F84508-D13B-4A83-0000-000000000004,HARVEST,PLANNED,2026-04-10 00:00:00.000,1015,SYNTHETIC — hackathon mock data,TRUE
372ED14B-F396-F334-0000-000000000010,620A7637-3BE2-7307-0000-000000000011,1FC9E916-899C-6A96-0000-000000000071,69F84508-D13B-4A83-0000-000000000005,HARVEST,PLANNED,2026-07-10 00:00:00.000,1016,SYNTHETIC — hackathon mock data,TRUE
372ED14B-F396-F334-0000-000000000011,620A7637-3BE2-7307-0000-000000000012,1FC9E916-899C-6A96-0000-000000000078,69F84508-D13B-4A83-0000-000000000006,IRRIGATION,PLANNED,2026-05-20 00:00:00.000,1017,SYNTHETIC — hackathon mock data,TRUE
372ED14B-F396-F334-0000-000000000012,620A7637-3BE2-7307-0000-000000000013,1FC9E916-899C-6A96-0000-00000000007F,69F84508-D13B-4A83-0000-000000000001,IRRIGATION,COMPLETED,2026-06-10 00:00:00.000,1018,SYNTHETIC — hackathon mock data,TRUE
372ED14B-F396-F334-0000-000000000013,620A7637-3BE2-7307-0000-000000000014,1FC9E916-899C-6A96-0000-000000000086,69F84508-D13B-4A83-0000-000000000002,HARVEST,PLANNED,2026-07-17 00:00:00.000,1019,SYNTHETIC — hackathon mock data,TRUE
372ED14B-F396-F334-0000-000000000014,620A7637-3BE2-7307-0000-000000000015,1FC9E916-899C-6A96-0000-00000000008D,69F84508-D13B-4A83-0000-000000000003,IRRIGATION,PLANNED,2026-08-02 00:00:00.000,1020,SYNTHETIC — hackathon mock data,TRUE
372ED14B-F396-F334-0000-000000000015,620A7637-3BE2-7307-0000-000000000016,1FC9E916-899C-6A96-0000-000000000094,69F84508-D13B-4A83-0000-000000000004,HARVEST,PLANNED,2026-07-26 00:00:00.000,1021,SYNTHETIC — hackathon mock data,TRUE
372ED14B-F396-F334-0000-000000000016,620A7637-3BE2-7307-0000-000000000017,1FC9E916-899C-6A96-0000-000000000005,69F84508-D13B-4A83-0000-000000000005,IRRIGATION,COMPLETED,2026-07-27 00:00:00.000,1022,SYNTHETIC — hackathon mock data,TRUE
372ED14B-F396-F334-0000-000000000017,620A7637-3BE2-7307-0000-000000000018,1FC9E916-899C-6A96-0000-00000000000C,69F84508-D13B-4A83-0000-000000000006,PLANTING,COMPLETED,2026-08-12 00:00:00.000,1023,SYNTHETIC — hackathon mock data,TRUE
372ED14B-F396-F334-0000-000000000018,620A7637-3BE2-7307-0000-000000000019,1FC9E916-899C-6A96-0000-000000000013,69F84508-D13B-4A83-0000-000000000001,IRRIGATION,PLANNED,2026-08-27 00:00:00.000,1024,SYNTHETIC — hackathon mock data,TRUE
372ED14B-F396-F334-0000-000000000019,620A7637-3BE2-7307-0000-00000000001A,1FC9E916-899C-6A96-0000-00000000001A,69F84508-D13B-4A83-0000-000000000002,HARVEST,PLANNED,2026-06-15 00:00:00.000,1025,SYNTHETIC — hackathon mock data,TRUE
372ED14B-F396-F334-0000-00000000001A,620A7637-3BE2-7307-0000-00000000001B,1FC9E916-899C-6A96-0000-000000000021,69F84508-D13B-4A83-0000-000000000003,IRRIGATION,PLANNED,2026-07-19 00:00:00.000,1026,SYNTHETIC — hackathon mock data,TRUE
372ED14B-F396-F334-0000-00000000001B,620A7637-3BE2-7307-0000-00000000001C,1FC9E916-899C-6A96-0000-000000000028,69F84508-D13B-4A83-0000-000000000004,PLANTING,PLANNED,2026-09-07 00:00:00.000,1027,SYNTHETIC — hackathon mock data,TRUE
372ED14B-F396-F334-0000-00000000001C,620A7637-3BE2-7307-0000-00000000001D,1FC9E916-899C-6A96-0000-00000000002F,69F84508-D13B-4A83-0000-000000000005,HARVEST,PLANNED,2026-08-26 00:00:00.000,1028,SYNTHETIC — hackathon mock data,TRUE
372ED14B-F396-F334-0000-00000000001D,620A7637-3BE2-7307-0000-00000000001E,1FC9E916-899C-6A96-0000-000000000036,69F84508-D13B-4A83-0000-000000000006,HARVEST,COMPLETED,2026-07-07 00:00:00.000,1029,SYNTHETIC — hackathon mock data,TRUE
372ED14B-F396-F334-0000-00000000001E,620A7637-3BE2-7307-0000-00000000001F,1FC9E916-899C-6A96-0000-00000000003D,69F84508-D13B-4A83-0000-000000000001,HARVEST,PLANNED,2026-09-05 00:00:00.000,1030,SYNTHETIC — hackathon mock data,TRUE
372ED14B-F396-F334-0000-00000000001F,620A7637-3BE2-7307-0000-000000000020,1FC9E916-899C-6A96-0000-000000000044,69F84508-D13B-4A83-0000-000000000002,IRRIGATION,COMPLETED,2026-06-23 00:00:00.000,1031,SYNTHETIC — hackathon mock data,TRUE
372ED14B-F396-F334-0000-000000000020,620A7637-3BE2-7307-0000-000000000021,1FC9E916-899C-6A96-0000-00000000004B,69F84508-D13B-4A83-0000-000000000003,PLANTING,PLANNED,2026-07-01 00:00:00.000,1032,SYNTHETIC — hackathon mock data,TRUE
372ED14B-F396-F334-0000-000000000021,620A7637-3BE2-7307-0000-000000000022,1FC9E916-899C-6A96-0000-000000000052,69F84508-D13B-4A83-0000-000000000004,PLANTING,PLANNED,2026-06-26 00:00:00.000,1033,SYNTHETIC — hackathon mock data,TRUE
372ED14B-F396-F334-0000-000000000022,620A7637-3BE2-7307-0000-000000000023,1FC9E916-899C-6A96-0000-000000000059,69F84508-D13B-4A83-0000-000000000005,HARVEST,PLANNED,2026-09-09 00:00:00.000,1034,SYNTHETIC — hackathon mock data,TRUE
372ED14B-F396-F334-0000-000000000023,620A7637-3BE2-7307-0000-000000000024,1FC9E916-899C-6A96-0000-000000000060,69F84508-D13B-4A83-0000-000000000006,HARVEST,PLANNED,2026-05-04 00:00:00.000,1035,SYNTHETIC — hackathon mock data,TRUE
372ED14B-F396-F334-0000-000000000024,620A7637-3BE2-7307-0000-000000000025,1FC9E916-899C-6A96-0000-000000000067,69F84508-D13B-4A83-0000-000000000001,PLANTING,PLANNED,2026-09-02 00:00:00.000,1036,SYNTHETIC — hackathon mock data,TRUE
372ED14B-F396-F334-0000-000000000025,620A7637-3BE2-7307-0000-000000000026,1FC9E916-899C-6A96-0000-00000000006E,69F84508-D13B-4A83-0000-000000000002,PLANTING,PLANNED,2026-04-09 00:00:00.000,1037,SYNTHETIC — hackathon mock data,TRUE
372ED14B-F396-F334-0000-000000000026,620A7637-3BE2-7307-0000-000000000027,1FC9E916-899C-6A96-0000-000000000075,69F84508-D13B-4A83-0000-000000000003,HARVEST,COMPLETED,2026-08-12 00:00:00.000,1038,SYNTHETIC — hackathon mock data,TRUE
372ED14B-F396-F334-0000-000000000027,620A7637-3BE2-7307-0000-000000000028,1FC9E916-899C-6A96-0000-00000000007C,69F84508-D13B-4A83-0000-000000000004,IRRIGATION,COMPLETED,2026-06-04 00:00:00.000,1039,SYNTHETIC — hackathon mock data,TRUE
372ED14B-F396-F334-0000-000000000028,620A7637-3BE2-7307-0000-000000000029,1FC9E916-899C-6A96-0000-000000000083,69F84508-D13B-4A83-0000-000000000005,PLANTING,PLANNED,2026-09-14 00:00:00.000,1040,SYNTHETIC — hackathon mock data,TRUE
372ED14B-F396-F334-0000-000000000029,620A7637-3BE2-7307-0000-00000000002A,1FC9E916-899C-6A96-0000-00000000008A,69F84508-D13B-4A83-0000-000000000006,IRRIGATION,COMPLETED,2026-06-03 00:00:00.000,1041,SYNTHETIC — hackathon mock data,TRUE
372ED14B-F396-F334-0000-00000000002A,620A7637-3BE2-7307-0000-00000000002B,1FC9E916-899C-6A96-0000-000000000091,69F84508-D13B-4A83-0000-000000000001,HARVEST,PLANNED,2026-05-09 00:00:00.000,1042,SYNTHETIC — hackathon mock data,TRUE
372ED14B-F396-F334-0000-00000000002B,620A7637-3BE2-7307-0000-00000000002C,1FC9E916-899C-6A96-0000-000000000002,69F84508-D13B-4A83-0000-000000000002,PLANTING,PLANNED,2026-08-09 00:00:00.000,1043,SYNTHETIC — hackathon mock data,TRUE
372ED14B-F396-F334-0000-00000000002C,620A7637-3BE2-7307-0000-00000000002D,1FC9E916-899C-6A96-0000-000000000009,69F84508-D13B-4A83-0000-000000000003,HARVEST,COMPLETED,2026-05-22 00:00:00.000,1044,SYNTHETIC — hackathon mock data,TRUE
372ED14B-F396-F334-0000-00000000002D,620A7637-3BE2-7307-0000-00000000002E,1FC9E916-899C-6A96-0000-000000000010,69F84508-D13B-4A83-0000-000000000004,IRRIGATION,COMPLETED,2026-09-26 00:00:00.000,1045,SYNTHETIC — hackathon mock data,TRUE
372ED14B-F396-F334-0000-00000000002E,620A7637-3BE2-7307-0000-00000000002F,1FC9E916-899C-6A96-0000-000000000017,69F84508-D13B-4A83-0000-000000000005,HARVEST,COMPLETED,2026-05-23 00:00:00.000,1046,SYNTHETIC — hackathon mock data,TRUE
372ED14B-F396-F334-0000-00000000002F,620A7637-3BE2-7307-0000-000000000030,1FC9E916-899C-6A96-0000-00000000001E,69F84508-D13B-4A83-0000-000000000006,PLANTING,PLANNED,2026-08-25 00:00:00.000,1047,SYNTHETIC — hackathon mock data,TRUE
372ED14B-F396-F334-0000-000000000030,620A7637-3BE2-7307-0000-000000000031,1FC9E916-899C-6A96-0000-000000000025,69F84508-D13B-4A83-0000-000000000001,HARVEST,PLANNED,2026-06-27 00:00:00.000,1048,SYNTHETIC — hackathon mock data,TRUE
372ED14B-F396-F334-0000-000000000031,620A7637-3BE2-7307-0000-000000000032,1FC9E916-899C-6A96-0000-00000000002C,69F84508-D13B-4A83-0000-000000000002,IRRIGATION,COMPLETED,2026-05-17 00:00:00.000,1049,SYNTHETIC — hackathon mock data,TRUE
372ED14B-F396-F334-0000-000000000032,620A7637-3BE2-7307-0000-000000000033,1FC9E916-899C-6A96-0000-000000000033,69F84508-D13B-4A83-0000-000000000003,PLANTING,COMPLETED,2026-08-03 00:00:00.000,1050,SYNTHETIC — hackathon mock data,TRUE
372ED14B-F396-F334-0000-000000000033,620A7637-3BE2-7307-0000-000000000034,1FC9E916-899C-6A96-0000-00000000003A,69F84508-D13B-4A83-0000-000000000004,HARVEST,PLANNED,2026-04-11 00:00:00.000,1051,SYNTHETIC — hackathon mock data,TRUE
372ED14B-F396-F334-0000-000000000034,620A7637-3BE2-7307-0000-000000000035,1FC9E916-899C-6A96-0000-000000000041,69F84508-D13B-4A83-0000-000000000005,IRRIGATION,PLANNED,2026-07-01 00:00:00.000,1052,SYNTHETIC — hackathon mock data,TRUE
372ED14B-F396-F334-0000-000000000035,620A7637-3BE2-7307-0000-000000000036,1FC9E916-899C-6A96-0000-000000000048,69F84508-D13B-4A83-0000-000000000006,IRRIGATION,PLANNED,2026-09-08 00:00:00.000,1053,SYNTHETIC — hackathon mock data,TRUE
372ED14B-F396-F334-0000-000000000036,620A7637-3BE2-7307-0000-000000000037,1FC9E916-899C-6A96-0000-00000000004F,69F84508-D13B-4A83-0000-000000000001,HARVEST,PLANNED,2026-04-15 00:00:00.000,1054,SYNTHETIC — hackathon mock data,TRUE
372ED14B-F396-F334-0000-000000000037,620A7637-3BE2-7307-0000-000000000038,1FC9E916-899C-6A96-0000-000000000056,69F84508-D13B-4A83-0000-000000000002,PLANTING,PLANNED,2026-06-08 00:00:00.000,1055,SYNTHETIC — hackathon mock data,TRUE
372ED14B-F396-F334-0000-000000000038,620A7637-3BE2-7307-0000-000000000039,1FC9E916-899C-6A96-0000-00000000005D,69F84508-D13B-4A83-0000-000000000003,IRRIGATION,PLANNED,2026-08-21 00:00:00.000,1056,SYNTHETIC — hackathon mock data,TRUE
372ED14B-F396-F334-0000-000000000039,620A7637-3BE2-7307-0000-00000000003A,1FC9E916-899C-6A96-0000-000000000064,69F84508-D13B-4A83-0000-000000000004,HARVEST,PLANNED,2026-06-24 00:00:00.000,1057,SYNTHETIC — hackathon mock data,TRUE
372ED14B-F396-F334-0000-00000000003A,620A7637-3BE2-7307-0000-00000000003B,1FC9E916-899C-6A96-0000-00000000006B,69F84508-D13B-4A83-0000-000000000005,IRRIGATION,PLANNED,2026-04-12 00:00:00.000,1058,SYNTHETIC — hackathon mock data,TRUE
372ED14B-F396-F334-0000-00000000003B,620A7637-3BE2-7307-0000-00000000003C,1FC9E916-899C-6A96-0000-000000000072,69F84508-D13B-4A83-0000-000000000006,IRRIGATION,COMPLETED,2026-05-13 00:00:00.000,1059,SYNTHETIC — hackathon mock data,TRUE
372ED14B-F396-F334-0000-00000000003C,620A7637-3BE2-7307-0000-00000000003D,1FC9E916-899C-6A96-0000-000000000079,69F84508-D13B-4A83-0000-000000000001,HARVEST,COMPLETED,2026-07-18 00:00:00.000,1060,SYNTHETIC — hackathon mock data,TRUE
372ED14B-F396-F334-0000-00000000003D,620A7637-3BE2-7307-0000-00000000003E,1FC9E916-899C-6A96-0000-000000000080,69F84508-D13B-4A83-0000-000000000002,IRRIGATION,PLANNED,2026-09-03 00:00:00.000,1061,SYNTHETIC — hackathon mock data,TRUE
372ED14B-F396-F334-0000-00000000003E,620A7637-3BE2-7307-0000-00000000003F,1FC9E916-899C-6A96-0000-000000000087,69F84508-D13B-4A83-0000-000000000003,PLANTING,PLANNED,2026-09-10 00:00:00.000,1062,SYNTHETIC — hackathon mock data,TRUE
372ED14B-F396-F334-0000-00000000003F,620A7637-3BE2-7307-0000-000000000040,1FC9E916-899C-6A96-0000-00000000008E,69F84508-D13B-4A83-0000-000000000004,HARVEST,PLANNED,2026-04-08 00:00:00.000,1063,SYNTHETIC — hackathon mock data,TRUE
372ED14B-F396-F334-0000-000000000040,620A7637-3BE2-7307-0000-000000000041,1FC9E916-899C-6A96-0000-000000000095,69F84508-D13B-4A83-0000-000000000005,IRRIGATION,COMPLETED,2026-04-23 00:00:00.000,1064,SYNTHETIC — hackathon mock data,TRUE
372ED14B-F396-F334-0000-000000000041,620A7637-3BE2-7307-0000-000000000042,1FC9E916-899C-6A96-0000-000000000006,69F84508-D13B-4A83-0000-000000000006,PLANTING,PLANNED,2026-06-22 00:00:00.000,1065,SYNTHETIC — hackathon mock data,TRUE
372ED14B-F396-F334-0000-000000000042,620A7637-3BE2-7307-0000-000000000043,1FC9E916-899C-6A96-0000-00000000000D,69F84508-D13B-4A83-0000-000000000001,IRRIGATION,COMPLETED,2026-08-10 00:00:00.000,1066,SYNTHETIC — hackathon mock data,TRUE
372ED14B-F396-F334-0000-000000000043,620A7637-3BE2-7307-0000-000000000044,1FC9E916-899C-6A96-0000-000000000014,69F84508-D13B-4A83-0000-000000000002,PLANTING,PLANNED,2026-08-23 00:00:00.000,1067,SYNTHETIC — hackathon mock data,TRUE
372ED14B-F396-F334-0000-000000000044,620A7637-3BE2-7307-0000-000000000045,1FC9E916-899C-6A96-0000-00000000001B,69F84508-D13B-4A83-0000-000000000003,HARVEST,PLANNED,2026-09-06 00:00:00.000,1068,SYNTHETIC — hackathon mock data,TRUE
372ED14B-F396-F334-0000-000000000045,620A7637-3BE2-7307-0000-000000000046,1FC9E916-899C-6A96-0000-000000000022,69F84508-D13B-4A83-0000-000000000004,HARVEST,PLANNED,2026-08-15 00:00:00.000,1069,SYNTHETIC — hackathon mock data,TRUE
372ED14B-F396-F334-0000-000000000046,620A7637-3BE2-7307-0000-000000000047,1FC9E916-899C-6A96-0000-000000000029,69F84508-D13B-4A83-0000-000000000005,PLANTING,PLANNED,2026-05-20 00:00:00.000,1070,SYNTHETIC — hackathon mock data,TRUE
372ED14B-F396-F334-0000-000000000047,620A7637-3BE2-7307-0000-000000000048,1FC9E916-899C-6A96-0000-000000000030,69F84508-D13B-4A83-0000-000000000006,PLANTING,COMPLETED,2026-07-08 00:00:00.000,1071,SYNTHETIC — hackathon mock data,TRUE
372ED14B-F396-F334-0000-000000000048,620A7637-3BE2-7307-0000-000000000001,1FC9E916-899C-6A96-0000-000000000037,69F84508-D13B-4A83-0000-000000000001,IRRIGATION,PLANNED,2026-09-03 00:00:00.000,1072,SYNTHETIC — hackathon mock data,TRUE
372ED14B-F396-F334-0000-000000000049,620A7637-3BE2-7307-0000-000000000002,1FC9E916-899C-6A96-0000-00000000003E,69F84508-D13B-4A83-0000-000000000002,HARVEST,COMPLETED,2026-08-26 00:00:00.000,1073,SYNTHETIC — hackathon mock data,TRUE
372ED14B-F396-F334-0000-00000000004A,620A7637-3BE2-7307-0000-000000000003,1FC9E916-899C-6A96-0000-000000000045,69F84508-D13B-4A83-0000-000000000003,IRRIGATION,PLANNED,2026-09-12 00:00:00.000,1074,SYNTHETIC — hackathon mock data,TRUE
372ED14B-F396-F334-0000-00000000004B,620A7637-3BE2-7307-0000-000000000004,1FC9E916-899C-6A96-0000-00000000004C,69F84508-D13B-4A83-0000-000000000004,PLANTING,COMPLETED,2026-06-01 00:00:00.000,1075,SYNTHETIC — hackathon mock data,TRUE
372ED14B-F396-F334-0000-00000000004C,620A7637-3BE2-7307-0000-000000000005,1FC9E916-899C-6A96-0000-000000000053,69F84508-D13B-4A83-0000-000000000005,PLANTING,COMPLETED,2026-07-26 00:00:00.000,1076,SYNTHETIC — hackathon mock data,TRUE
372ED14B-F396-F334-0000-00000000004D,620A7637-3BE2-7307-0000-000000000006,1FC9E916-899C-6A96-0000-00000000005A,69F84508-D13B-4A83-0000-000000000006,PLANTING,COMPLETED,2026-09-16 00:00:00.000,1077,SYNTHETIC — hackathon mock data,TRUE
372ED14B-F396-F334-0000-00000000004E,620A7637-3BE2-7307-0000-000000000007,1FC9E916-899C-6A96-0000-000000000061,69F84508-D13B-4A83-0000-000000000001,PLANTING,PLANNED,2026-04-13 00:00:00.000,1078,SYNTHETIC — hackathon mock data,TRUE
372ED14B-F396-F334-0000-00000000004F,620A7637-3BE2-7307-0000-000000000008,1FC9E916-899C-6A96-0000-000000000068,69F84508-D13B-4A83-0000-000000000002,IRRIGATION,COMPLETED,2026-04-10 00:00:00.000,1079,SYNTHETIC — hackathon mock data,TRUE
372ED14B-F396-F334-0000-000000000050,620A7637-3BE2-7307-0000-000000000009,1FC9E916-899C-6A96-0000-00000000006F,69F84508-D13B-4A83-0000-000000000003,IRRIGATION,COMPLETED,2026-09-25 00:00:00.000,1080,SYNTHETIC — hackathon mock data,TRUE
372ED14B-F396-F334-0000-000000000051,620A7637-3BE2-7307-0000-00000000000A,1FC9E916-899C-6A96-0000-000000000076,69F84508-D13B-4A83-0000-000000000004,IRRIGATION,PLANNED,2026-06-20 00:00:00.000,1081,SYNTHETIC — hackathon mock data,TRUE
372ED14B-F396-F334-0000-000000000052,620A7637-3BE2-7307-0000-00000000000B,1FC9E916-899C-6A96-0000-00000000007D,69F84508-D13B-4A83-0000-000000000005,HARVEST,COMPLETED,2026-04-19 00:00:00.000,1082,SYNTHETIC — hackathon mock data,TRUE
372ED14B-F396-F334-0000-000000000053,620A7637-3BE2-7307-0000-00000000000C,1FC9E916-899C-6A96-0000-000000000084,69F84508-D13B-4A83-0000-000000000006,PLANTING,PLANNED,2026-06-04 00:00:00.000,1083,SYNTHETIC — hackathon mock data,TRUE
372ED14B-F396-F334-0000-000000000054,620A7637-3BE2-7307-0000-00000000000D,1FC9E916-899C-6A96-0000-00000000008B,69F84508-D13B-4A83-0000-000000000001,IRRIGATION,PLANNED,2026-06-01 00:00:00.000,1084,SYNTHETIC — hackathon mock data,TRUE
372ED14B-F396-F334-0000-000000000055,620A7637-3BE2-7307-0000-00000000000E,1FC9E916-899C-6A96-0000-000000000092,69F84508-D13B-4A83-0000-000000000002,PLANTING,COMPLETED,2026-08-15 00:00:00.000,1085,SYNTHETIC — hackathon mock data,TRUE
372ED14B-F396-F334-0000-000000000056,620A7637-3BE2-7307-0000-00000000000F,1FC9E916-899C-6A96-0000-000000000003,69F84508-D13B-4A83-0000-000000000003,IRRIGATION,COMPLETED,2026-07-07 00:00:00.000,1086,SYNTHETIC — hackathon mock data,TRUE
372ED14B-F396-F334-0000-000000000057,620A7637-3BE2-7307-0000-000000000010,1FC9E916-899C-6A96-0000-00000000000A,69F84508-D13B-4A83-0000-000000000004,IRRIGATION,PLANNED,2026-06-26 00:00:00.000,1087,SYNTHETIC — hackathon mock data,TRUE
372ED14B-F396-F334-0000-000000000058,620A7637-3BE2-7307-0000-000000000011,1FC9E916-899C-6A96-0000-000000000011,69F84508-D13B-4A83-0000-000000000005,HARVEST,COMPLETED,2026-09-16 00:00:00.000,1088,SYNTHETIC — hackathon mock data,TRUE
372ED14B-F396-F334-0000-000000000059,620A7637-3BE2-7307-0000-000000000012,1FC9E916-899C-6A96-0000-000000000018,69F84508-D13B-4A83-0000-000000000006,HARVEST,PLANNED,2026-06-23 00:00:00.000,1089,SYNTHETIC — hackathon mock data,TRUE
372ED14B-F396-F334-0000-00000000005A,620A7637-3BE2-7307-0000-000000000013,1FC9E916-899C-6A96-0000-00000000001F,69F84508-D13B-4A83-0000-000000000001,PLANTING,COMPLETED,2026-04-18 00:00:00.000,1090,SYNTHETIC — hackathon mock data,TRUE
372ED14B-F396-F334-0000-00000000005B,620A7637-3BE2-7307-0000-000000000014,1FC9E916-899C-6A96-0000-000000000026,69F84508-D13B-4A83-0000-000000000002,IRRIGATION,COMPLETED,2026-08-08 00:00:00.000,1091,SYNTHETIC — hackathon mock data,TRUE
372ED14B-F396-F334-0000-00000000005C,620A7637-3BE2-7307-0000-000000000015,1FC9E916-899C-6A96-0000-00000000002D,69F84508-D13B-4A83-0000-000000000003,PLANTING,PLANNED,2026-08-02 00:00:00.000,1092,SYNTHETIC — hackathon mock data,TRUE
372ED14B-F396-F334-0000-00000000005D,620A7637-3BE2-7307-0000-000000000016,1FC9E916-899C-6A96-0000-000000000034,69F84508-D13B-4A83-0000-000000000004,HARVEST,PLANNED,2026-04-26 00:00:00.000,1093,SYNTHETIC — hackathon mock data,TRUE
372ED14B-F396-F334-0000-00000000005E,620A7637-3BE2-7307-0000-000000000017,1FC9E916-899C-6A96-0000-00000000003B,69F84508-D13B-4A83-0000-000000000005,HARVEST,PLANNED,2026-06-08 00:00:00.000,1094,SYNTHETIC — hackathon mock data,TRUE
372ED14B-F396-F334-0000-00000000005F,620A7637-3BE2-7307-0000-000000000018,1FC9E916-899C-6A96-0000-000000000042,69F84508-D13B-4A83-0000-000000000006,PLANTING,PLANNED,2026-08-05 00:00:00.000,1095,SYNTHETIC — hackathon mock data,TRUE
372ED14B-F396-F334-0000-000000000060,620A7637-3BE2-7307-0000-000000000019,1FC9E916-899C-6A96-0000-000000000049,69F84508-D13B-4A83-0000-000000000001,HARVEST,PLANNED,2026-04-03 00:00:00.000,1000,SYNTHETIC — hackathon mock data,TRUE
372ED14B-F396-F334-0000-000000000061,620A7637-3BE2-7307-0000-00000000001A,1FC9E916-899C-6A96-0000-000000000050,69F84508-D13B-4A83-0000-000000000002,IRRIGATION,COMPLETED,2026-04-12 00:00:00.000,1001,SYNTHETIC — hackathon mock data,TRUE
372ED14B-F396-F334-0000-000000000062,620A7637-3BE2-7307-0000-00000000001B,1FC9E916-899C-6A96-0000-000000000057,69F84508-D13B-4A83-0000-000000000003,HARVEST,PLANNED,2026-04-07 00:00:00.000,1002,SYNTHETIC — hackathon mock data,TRUE
372ED14B-F396-F334-0000-000000000063,620A7637-3BE2-7307-0000-00000000001C,1FC9E916-899C-6A96-0000-00000000005E,69F84508-D13B-4A83-0000-000000000004,PLANTING,PLANNED,2026-09-02 00:00:00.000,1003,SYNTHETIC — hackathon mock data,TRUE
372ED14B-F396-F334-0000-000000000064,620A7637-3BE2-7307-0000-00000000001D,1FC9E916-899C-6A96-0000-000000000065,69F84508-D13B-4A83-0000-000000000005,IRRIGATION,PLANNED,2026-04-27 00:00:00.000,1004,SYNTHETIC — hackathon mock data,TRUE
372ED14B-F396-F334-0000-000000000065,620A7637-3BE2-7307-0000-00000000001E,1FC9E916-899C-6A96-0000-00000000006C,69F84508-D13B-4A83-0000-000000000006,PLANTING,PLANNED,2026-05-22 00:00:00.000,1005,SYNTHETIC — hackathon mock data,TRUE
372ED14B-F396-F334-0000-000000000066,620A7637-3BE2-7307-0000-00000000001F,1FC9E916-899C-6A96-0000-000000000073,69F84508-D13B-4A83-0000-000000000001,HARVEST,COMPLETED,2026-07-04 00:00:00.000,1006,SYNTHETIC — hackathon mock data,TRUE
372ED14B-F396-F334-0000-000000000067,620A7637-3BE2-7307-0000-000000000020,1FC9E916-899C-6A96-0000-00000000007A,69F84508-D13B-4A83-0000-000000000002,HARVEST,PLANNED,2026-07-28 00:00:00.000,1007,SYNTHETIC — hackathon mock data,TRUE
372ED14B-F396-F334-0000-000000000068,620A7637-3BE2-7307-0000-000000000021,1FC9E916-899C-6A96-0000-000000000081,69F84508-D13B-4A83-0000-000000000003,HARVEST,COMPLETED,2026-08-20 00:00:00.000,1008,SYNTHETIC — hackathon mock data,TRUE
372ED14B-F396-F334-0000-000000000069,620A7637-3BE2-7307-0000-000000000022,1FC9E916-899C-6A96-0000-000000000088,69F84508-D13B-4A83-0000-000000000004,IRRIGATION,PLANNED,2026-05-24 00:00:00.000,1009,SYNTHETIC — hackathon mock data,TRUE
372ED14B-F396-F334-0000-00000000006A,620A7637-3BE2-7307-0000-000000000023,1FC9E916-899C-6A96-0000-00000000008F,69F84508-D13B-4A83-0000-000000000005,IRRIGATION,COMPLETED,2026-06-04 00:00:00.000,1010,SYNTHETIC — hackathon mock data,TRUE
372ED14B-F396-F334-0000-00000000006B,620A7637-3BE2-7307-0000-000000000024,1FC9E916-899C-6A96-0000-000000000096,69F84508-D13B-4A83-0000-000000000006,IRRIGATION,PLANNED,2026-08-15 00:00:00.000,1011,SYNTHETIC — hackathon mock data,TRUE
372ED14B-F396-F334-0000-00000000006C,620A7637-3BE2-7307-0000-000000000025,1FC9E916-899C-6A96-0000-000000000007,69F84508-D13B-4A83-0000-000000000001,HARVEST,PLANNED,2026-09-11 00:00:00.000,1012,SYNTHETIC — hackathon mock data,TRUE
372ED14B-F396-F334-0000-00000000006D,620A7637-3BE2-7307-0000-000000000026,1FC9E916-899C-6A96-0000-00000000000E,69F84508-D13B-4A83-0000-000000000002,PLANTING,COMPLETED,2026-08-01 00:00:00.000,1013,SYNTHETIC — hackathon mock data,TRUE
372ED14B-F396-F334-0000-00000000006E,620A7637-3BE2-7307-0000-000000000027,1FC9E916-899C-6A96-0000-000000000015,69F84508-D13B-4A83-0000-000000000003,IRRIGATION,COMPLETED,2026-06-10 00:00:00.000,1014,SYNTHETIC — hackathon mock data,TRUE
372ED14B-F396-F334-0000-00000000006F,620A7637-3BE2-7307-0000-000000000028,1FC9E916-899C-6A96-0000-00000000001C,69F84508-D13B-4A83-0000-000000000004,IRRIGATION,COMPLETED,2026-08-11 00:00:00.000,1015,SYNTHETIC — hackathon mock data,TRUE
372ED14B-F396-F334-0000-000000000070,620A7637-3BE2-7307-0000-000000000029,1FC9E916-899C-6A96-0000-000000000023,69F84508-D13B-4A83-0000-000000000005,HARVEST,PLANNED,2026-05-08 00:00:00.000,1016,SYNTHETIC — hackathon mock data,TRUE
372ED14B-F396-F334-0000-000000000071,620A7637-3BE2-7307-0000-00000000002A,1FC9E916-899C-6A96-0000-00000000002A,69F84508-D13B-4A83-0000-000000000006,PLANTING,PLANNED,2026-08-05 00:00:00.000,1017,SYNTHETIC — hackathon mock data,TRUE
372ED14B-F396-F334-0000-000000000072,620A7637-3BE2-7307-0000-00000000002B,1FC9E916-899C-6A96-0000-000000000031,69F84508-D13B-4A83-0000-000000000001,IRRIGATION,PLANNED,2026-05-04 00:00:00.000,1018,SYNTHETIC — hackathon mock data,TRUE
372ED14B-F396-F334-0000-000000000073,620A7637-3BE2-7307-0000-00000000002C,1FC9E916-899C-6A96-0000-000000000038,69F84508-D13B-4A83-0000-000000000002,PLANTING,COMPLETED,2026-04-09 00:00:00.000,1019,SYNTHETIC — hackathon mock data,TRUE
372ED14B-F396-F334-0000-000000000074,620A7637-3BE2-7307-0000-00000000002D,1FC9E916-899C-6A96-0000-00000000003F,69F84508-D13B-4A83-0000-000000000003,PLANTING,PLANNED,2026-05-20 00:00:00.000,1020,SYNTHETIC — hackathon mock data,TRUE
372ED14B-F396-F334-0000-000000000075,620A7637-3BE2-7307-0000-00000000002E,1FC9E916-899C-6A96-0000-000000000046,69F84508-D13B-4A83-0000-000000000004,PLANTING,COMPLETED,2026-04-04 00:00:00.000,1021,SYNTHETIC — hackathon mock data,TRUE
372ED14B-F396-F334-0000-000000000076,620A7637-3BE2-7307-0000-00000000002F,1FC9E916-899C-6A96-0000-00000000004D,69F84508-D13B-4A83-0000-000000000005,HARVEST,PLANNED,2026-07-26 00:00:00.000,1022,SYNTHETIC — hackathon mock data,TRUE
372ED14B-F396-F334-0000-000000000077,620A7637-3BE2-7307-0000-000000000030,1FC9E916-899C-6A96-0000-000000000054,69F84508-D13B-4A83-0000-000000000006,HARVEST,PLANNED,2026-04-12 00:00:00.000,1023,SYNTHETIC — hackathon mock data,TRUE
372ED14B-F396-F334-0000-000000000078,620A7637-3BE2-7307-0000-000000000031,1FC9E916-899C-6A96-0000-00000000005B,69F84508-D13B-4A83-0000-000000000001,PLANTING,PLANNED,2026-04-20 00:00:00.000,1024,SYNTHETIC — hackathon mock data,TRUE
372ED14B-F396-F334-0000-000000000079,620A7637-3BE2-7307-0000-000000000032,1FC9E916-899C-6A96-0000-000000000062,69F84508-D13B-4A83-0000-000000000002,PLANTING,PLANNED,2026-05-03 00:00:00.000,1025,SYNTHETIC — hackathon mock data,TRUE
372ED14B-F396-F334-0000-00000000007A,620A7637-3BE2-7307-0000-000000000033,1FC9E916-899C-6A96-0000-000000000069,69F84508-D13B-4A83-0000-000000000003,IRRIGATION,PLANNED,2026-05-07 00:00:00.000,1026,SYNTHETIC — hackathon mock data,TRUE
372ED14B-F396-F334-0000-00000000007B,620A7637-3BE2-7307-0000-000000000034,1FC9E916-899C-6A96-0000-000000000070,69F84508-D13B-4A83-0000-000000000004,PLANTING,PLANNED,2026-09-12 00:00:00.000,1027,SYNTHETIC — hackathon mock data,TRUE
372ED14B-F396-F334-0000-00000000007C,620A7637-3BE2-7307-0000-000000000035,1FC9E916-899C-6A96-0000-000000000077,69F84508-D13B-4A83-0000-000000000005,IRRIGATION,COMPLETED,2026-04-07 00:00:00.000,1028,SYNTHETIC — hackathon mock data,TRUE
372ED14B-F396-F334-0000-00000000007D,620A7637-3BE2-7307-0000-000000000036,1FC9E916-899C-6A96-0000-00000000007E,69F84508-D13B-4A83-0000-000000000006,IRRIGATION,COMPLETED,2026-09-20 00:00:00.000,1029,SYNTHETIC — hackathon mock data,TRUE
372ED14B-F396-F334-0000-00000000007E,620A7637-3BE2-7307-0000-000000000037,1FC9E916-899C-6A96-0000-000000000085,69F84508-D13B-4A83-0000-000000000001,PLANTING,PLANNED,2026-07-15 00:00:00.000,1030,SYNTHETIC — hackathon mock data,TRUE
372ED14B-F396-F334-0000-00000000007F,620A7637-3BE2-7307-0000-000000000038,1FC9E916-899C-6A96-0000-00000000008C,69F84508-D13B-4A83-0000-000000000002,IRRIGATION,COMPLETED,2026-04-09 00:00:00.000,1031,SYNTHETIC — hackathon mock data,TRUE
372ED14B-F396-F334-0000-000000000080,620A7637-3BE2-7307-0000-000000000039,1FC9E916-899C-6A96-0000-000000000093,69F84508-D13B-4A83-0000-000000000003,HARVEST,PLANNED,2026-08-21 00:00:00.000,1032,SYNTHETIC — hackathon mock data,TRUE
372ED14B-F396-F334-0000-000000000081,620A7637-3BE2-7307-0000-00000000003A,1FC9E916-899C-6A96-0000-000000000004,69F84508-D13B-4A83-0000-000000000004,IRRIGATION,COMPLETED,2026-07-20 00:00:00.000,1033,SYNTHETIC — hackathon mock data,TRUE
372ED14B-F396-F334-0000-000000000082,620A7637-3BE2-7307-0000-00000000003B,1FC9E916-899C-6A96-0000-00000000000B,69F84508-D13B-4A83-0000-000000000005,PLANTING,COMPLETED,2026-07-11 00:00:00.000,1034,SYNTHETIC — hackathon mock data,TRUE
372ED14B-F396-F334-0000-000000000083,620A7637-3BE2-7307-0000-00000000003C,1FC9E916-899C-6A96-0000-000000000012,69F84508-D13B-4A83-0000-000000000006,HARVEST,COMPLETED,2026-07-20 00:00:00.000,1035,SYNTHETIC — hackathon mock data,TRUE
372ED14B-F396-F334-0000-000000000084,620A7637-3BE2-7307-0000-00000000003D,1FC9E916-899C-6A96-0000-000000000019,69F84508-D13B-4A83-0000-000000000001,HARVEST,PLANNED,2026-09-20 00:00:00.000,1036,SYNTHETIC — hackathon mock data,TRUE
372ED14B-F396-F334-0000-000000000085,620A7637-3BE2-7307-0000-00000000003E,1FC9E916-899C-6A96-0000-000000000020,69F84508-D13B-4A83-0000-000000000002,HARVEST,COMPLETED,2026-07-13 00:00:00.000,1037,SYNTHETIC — hackathon mock data,TRUE
372ED14B-F396-F334-0000-000000000086,620A7637-3BE2-7307-0000-00000000003F,1FC9E916-899C-6A96-0000-000000000027,69F84508-D13B-4A83-0000-000000000003,IRRIGATION,PLANNED,2026-09-18 00:00:00.000,1038,SYNTHETIC — hackathon mock data,TRUE
372ED14B-F396-F334-0000-000000000087,620A7637-3BE2-7307-0000-000000000040,1FC9E916-899C-6A96-0000-00000000002E,69F84508-D13B-4A83-0000-000000000004,HARVEST,COMPLETED,2026-09-17 00:00:00.000,1039,SYNTHETIC — hackathon mock data,TRUE
372ED14B-F396-F334-0000-000000000088,620A7637-3BE2-7307-0000-000000000041,1FC9E916-899C-6A96-0000-000000000035,69F84508-D13B-4A83-0000-000000000005,IRRIGATION,COMPLETED,2026-04-07 00:00:00.000,1040,SYNTHETIC — hackathon mock data,TRUE
372ED14B-F396-F334-0000-000000000089,620A7637-3BE2-7307-0000-000000000042,1FC9E916-899C-6A96-0000-00000000003C,69F84508-D13B-4A83-0000-000000000006,IRRIGATION,PLANNED,2026-05-10 00:00:00.000,1041,SYNTHETIC — hackathon mock data,TRUE
372ED14B-F396-F334-0000-00000000008A,620A7637-3BE2-7307-0000-000000000043,1FC9E916-899C-6A96-0000-000000000043,69F84508-D13B-4A83-0000-000000000001,PLANTING,COMPLETED,2026-07-22 00:00:00.000,1042,SYNTHETIC — hackathon mock data,TRUE
372ED14B-F396-F334-0000-00000000008B,620A7637-3BE2-7307-0000-000000000044,1FC9E916-899C-6A96-0000-00000000004A,69F84508-D13B-4A83-0000-000000000002,HARVEST,PLANNED,2026-08-24 00:00:00.000,1043,SYNTHETIC — hackathon mock data,TRUE
372ED14B-F396-F334-0000-00000000008C,620A7637-3BE2-7307-0000-000000000045,1FC9E916-899C-6A96-0000-000000000051,69F84508-D13B-4A83-0000-000000000003,IRRIGATION,COMPLETED,2026-04-18 00:00:00.000,1044,SYNTHETIC — hackathon mock data,TRUE
372ED14B-F396-F334-0000-00000000008D,620A7637-3BE2-7307-0000-000000000046,1FC9E916-899C-6A96-0000-000000000058,69F84508-D13B-4A83-0000-000000000004,IRRIGATION,PLANNED,2026-06-03 00:00:00.000,1045,SYNTHETIC — hackathon mock data,TRUE
372ED14B-F396-F334-0000-00000000008E,620A7637-3BE2-7307-0000-000000000047,1FC9E916-899C-6A96-0000-00000000005F,69F84508-D13B-4A83-0000-000000000005,HARVEST,COMPLETED,2026-09-06 00:00:00.000,1046,SYNTHETIC — hackathon mock data,TRUE
372ED14B-F396-F334-0000-00000000008F,620A7637-3BE2-7307-0000-000000000048,1FC9E916-899C-6A96-0000-000000000066,69F84508-D13B-4A83-0000-000000000006,IRRIGATION,COMPLETED,2026-04-02 00:00:00.000,1047,SYNTHETIC — hackathon mock data,TRUE
372ED14B-F396-F334-0000-000000000090,620A7637-3BE2-7307-0000-000000000001,1FC9E916-899C-6A96-0000-00000000006D,69F84508-D13B-4A83-0000-000000000001,IRRIGATION,PLANNED,2026-07-14 00:00:00.000,1048,SYNTHETIC — hackathon mock data,TRUE
372ED14B-F396-F334-0000-000000000091,620A7637-3BE2-7307-0000-000000000002,1FC9E916-899C-6A96-0000-000000000074,69F84508-D13B-4A83-0000-000000000002,PLANTING,COMPLETED,2026-05-01 00:00:00.000,1049,SYNTHETIC — hackathon mock data,TRUE
372ED14B-F396-F334-0000-000000000092,620A7637-3BE2-7307-0000-000000000003,1FC9E916-899C-6A96-0000-00000000007B,69F84508-D13B-4A83-0000-000000000003,HARVEST,COMPLETED,2026-09-15 00:00:00.000,1050,SYNTHETIC — hackathon mock data,TRUE
372ED14B-F396-F334-0000-000000000093,620A7637-3BE2-7307-0000-000000000004,1FC9E916-899C-6A96-0000-000000000082,69F84508-D13B-4A83-0000-000000000004,HARVEST,COMPLETED,2026-05-04 00:00:00.000,1051,SYNTHETIC — hackathon mock data,TRUE
372ED14B-F396-F334-0000-000000000094,620A7637-3BE2-7307-0000-000000000005,1FC9E916-899C-6A96-0000-000000000089,69F84508-D13B-4A83-0000-000000000005,IRRIGATION,PLANNED,2026-06-06 00:00:00.000,1052,SYNTHETIC — hackathon mock data,TRUE
372ED14B-F396-F334-0000-000000000095,620A7637-3BE2-7307-0000-000000000006,1FC9E916-899C-6A96-0000-000000000090,69F84508-D13B-4A83-0000-000000000006,IRRIGATION,COMPLETED,2026-05-04 00:00:00.000,1053,SYNTHETIC — hackathon mock data,TRUE
372ED14B-F396-F334-0000-000000000096,620A7637-3BE2-7307-0000-000000000007,1FC9E916-899C-6A96-0000-000000000001,69F84508-D13B-4A83-0000-000000000001,HARVEST,PLANNED,2026-06-14 00:00:00.000,1054,SYNTHETIC — hackathon mock data,TRUE
372ED14B-F396-F334-0000-000000000097,620A7637-3BE2-7307-0000-000000000008,1FC9E916-899C-6A96-0000-000000000008,69F84508-D13B-4A83-0000-000000000002,HARVEST,COMPLETED,2026-09-09 00:00:00.000,1055,SYNTHETIC — hackathon mock data,TRUE
372ED14B-F396-F334-0000-000000000098,620A7637-3BE2-7307-0000-000000000009,1FC9E916-899C-6A96-0000-00000000000F,69F84508-D13B-4A83-0000-000000000003,PLANTING,COMPLETED,2026-09-12 00:00:00.000,1056,SYNTHETIC — hackathon mock data,TRUE
372ED14B-F396-F334-0000-000000000099,620A7637-3BE2-7307-0000-00000000000A,1FC9E916-899C-6A96-0000-000000000016,69F84508-D13B-4A83-0000-000000000004,PLANTING,PLANNED,2026-06-18 00:00:00.000,1057,SYNTHETIC — hackathon mock data,TRUE
372ED14B-F396-F334-0000-00000000009A,620A7637-3BE2-7307-0000-00000000000B,1FC9E916-899C-6A96-0000-00000000001D,69F84508-D13B-4A83-0000-000000000005,IRRIGATION,PLANNED,2026-08-17 00:00:00.000,1058,SYNTHETIC — hackathon mock data,TRUE
372ED14B-F396-F334-0000-00000000009B,620A7637-3BE2-7307-0000-00000000000C,1FC9E916-899C-6A96-0000-000000000024,69F84508-D13B-4A83-0000-000000000006,PLANTING,COMPLETED,2026-05-02 00:00:00.000,1059,SYNTHETIC — hackathon mock data,TRUE
372ED14B-F396-F334-0000-00000000009C,620A7637-3BE2-7307-0000-00000000000D,1FC9E916-899C-6A96-0000-00000000002B,69F84508-D13B-4A83-0000-000000000001,IRRIGATION,PLANNED,2026-04-09 00:00:00.000,1060,SYNTHETIC — hackathon mock data,TRUE
372ED14B-F396-F334-0000-00000000009D,620A7637-3BE2-7307-0000-00000000000E,1FC9E916-899C-6A96-0000-000000000032,69F84508-D13B-4A83-0000-000000000002,HARVEST,PLANNED,2026-04-13 00:00:00.000,1061,SYNTHETIC — hackathon mock data,TRUE
372ED14B-F396-F334-0000-00000000009E,620A7637-3BE2-7307-0000-00000000000F,1FC9E916-899C-6A96-0000-000000000039,69F84508-D13B-4A83-0000-000000000003,PLANTING,COMPLETED,2026-09-20 00:00:00.000,1062,SYNTHETIC — hackathon mock data,TRUE
372ED14B-F396-F334-0000-00000000009F,620A7637-3BE2-7307-0000-000000000010,1FC9E916-899C-6A96-0000-000000000040,69F84508-D13B-4A83-0000-000000000004,PLANTING,COMPLETED,2026-04-01 00:00:00.000,1063,SYNTHETIC — hackathon mock data,TRUE
372ED14B-F396-F334-0000-0000000000A0,620A7637-3BE2-7307-0000-000000000011,1FC9E916-899C-6A96-0000-000000000047,69F84508-D13B-4A83-0000-000000000005,PLANTING,COMPLETED,2026-07-06 00:00:00.000,1064,SYNTHETIC — hackathon mock data,TRUE
372ED14B-F396-F334-0000-0000000000A1,620A7637-3BE2-7307-0000-000000000012,1FC9E916-899C-6A96-0000-00000000004E,69F84508-D13B-4A83-0000-000000000006,PLANTING,COMPLETED,2026-09-18 00:00:00.000,1065,SYNTHETIC — hackathon mock data,TRUE
372ED14B-F396-F334-0000-0000000000A2,620A7637-3BE2-7307-0000-000000000013,1FC9E916-899C-6A96-0000-000000000055,69F84508-D13B-4A83-0000-000000000001,HARVEST,COMPLETED,2026-07-01 00:00:00.000,1066,SYNTHETIC — hackathon mock data,TRUE
372ED14B-F396-F334-0000-0000000000A3,620A7637-3BE2-7307-0000-000000000014,1FC9E916-899C-6A96-0000-00000000005C,69F84508-D13B-4A83-0000-000000000002,HARVEST,PLANNED,2026-07-06 00:00:00.000,1067,SYNTHETIC — hackathon mock data,TRUE
372ED14B-F396-F334-0000-0000000000A4,620A7637-3BE2-7307-0000-000000000015,1FC9E916-899C-6A96-0000-000000000063,69F84508-D13B-4A83-0000-000000000003,HARVEST,PLANNED,2026-06-16 00:00:00.000,1068,SYNTHETIC — hackathon mock data,TRUE
372ED14B-F396-F334-0000-0000000000A5,620A7637-3BE2-7307-0000-000000000016,1FC9E916-899C-6A96-0000-00000000006A,69F84508-D13B-4A83-0000-000000000004,HARVEST,PLANNED,2026-09-17 00:00:00.000,1069,SYNTHETIC — hackathon mock data,TRUE
372ED14B-F396-F334-0000-0000000000A6,620A7637-3BE2-7307-0000-000000000017,1FC9E916-899C-6A96-0000-000000000071,69F84508-D13B-4A83-0000-000000000005,HARVEST,PLANNED,2026-06-08 00:00:00.000,1070,SYNTHETIC — hackathon mock data,TRUE
372ED14B-F396-F334-0000-0000000000A7,620A7637-3BE2-7307-0000-000000000018,1FC9E916-899C-6A96-0000-000000000078,69F84508-D13B-4A83-0000-000000000006,HARVEST,COMPLETED,2026-08-21 00:00:00.000,1071,SYNTHETIC — hackathon mock data,TRUE
372ED14B-F396-F334-0000-0000000000A8,620A7637-3BE2-7307-0000-000000000019,1FC9E916-899C-6A96-0000-00000000007F,69F84508-D13B-4A83-0000-000000000001,HARVEST,COMPLETED,2026-09-11 00:00:00.000,1072,SYNTHETIC — hackathon mock data,TRUE
372ED14B-F396-F334-0000-0000000000A9,620A7637-3BE2-7307-0000-00000000001A,1FC9E916-899C-6A96-0000-000000000086,69F84508-D13B-4A83-0000-000000000002,IRRIGATION,PLANNED,2026-09-18 00:00:00.000,1073,SYNTHETIC — hackathon mock data,TRUE
372ED14B-F396-F334-0000-0000000000AA,620A7637-3BE2-7307-0000-00000000001B,1FC9E916-899C-6A96-0000-00000000008D,69F84508-D13B-4A83-0000-000000000003,IRRIGATION,PLANNED,2026-07-12 00:00:00.000,1074,SYNTHETIC — hackathon mock data,TRUE
372ED14B-F396-F334-0000-0000000000AB,620A7637-3BE2-7307-0000-00000000001C,1FC9E916-899C-6A96-0000-000000000094,69F84508-D13B-4A83-0000-000000000004,PLANTING,PLANNED,2026-05-12 00:00:00.000,1075,SYNTHETIC — hackathon mock data,TRUE
372ED14B-F396-F334-0000-0000000000AC,620A7637-3BE2-7307-0000-00000000001D,1FC9E916-899C-6A96-0000-000000000005,69F84508-D13B-4A83-0000-000000000005,PLANTING,PLANNED,2026-07-27 00:00:00.000,1076,SYNTHETIC — hackathon mock data,TRUE
372ED14B-F396-F334-0000-0000000000AD,620A7637-3BE2-7307-0000-00000000001E,1FC9E916-899C-6A96-0000-00000000000C,69F84508-D13B-4A83-0000-000000000006,IRRIGATION,COMPLETED,2026-05-21 00:00:00.000,1077,SYNTHETIC — hackathon mock data,TRUE
372ED14B-F396-F334-0000-0000000000AE,620A7637-3BE2-7307-0000-00000000001F,1FC9E916-899C-6A96-0000-000000000013,69F84508-D13B-4A83-0000-000000000001,PLANTING,PLANNED,2026-06-27 00:00:00.000,1078,SYNTHETIC — hackathon mock data,TRUE
372ED14B-F396-F334-0000-0000000000AF,620A7637-3BE2-7307-0000-000000000020,1FC9E916-899C-6A96-0000-00000000001A,69F84508-D13B-4A83-0000-000000000002,PLANTING,PLANNED,2026-07-18 00:00:00.000,1079,SYNTHETIC — hackathon mock data,TRUE
372ED14B-F396-F334-0000-0000000000B0,620A7637-3BE2-7307-0000-000000000021,1FC9E916-899C-6A96-0000-000000000021,69F84508-D13B-4A83-0000-000000000003,PLANTING,COMPLETED,2026-04-17 00:00:00.000,1080,SYNTHETIC — hackathon mock data,TRUE
372ED14B-F396-F334-0000-0000000000B1,620A7637-3BE2-7307-0000-000000000022,1FC9E916-899C-6A96-0000-000000000028,69F84508-D13B-4A83-0000-000000000004,IRRIGATION,PLANNED,2026-09-17 00:00:00.000,1081,SYNTHETIC — hackathon mock data,TRUE
372ED14B-F396-F334-0000-0000000000B2,620A7637-3BE2-7307-0000-000000000023,1FC9E916-899C-6A96-0000-00000000002F,69F84508-D13B-4A83-0000-000000000005,PLANTING,PLANNED,2026-09-04 00:00:00.000,1082,SYNTHETIC — hackathon mock data,TRUE
372ED14B-F396-F334-0000-0000000000B3,620A7637-3BE2-7307-0000-000000000024,1FC9E916-899C-6A96-0000-000000000036,69F84508-D13B-4A83-0000-000000000006,PLANTING,COMPLETED,2026-05-16 00:00:00.000,1083,SYNTHETIC — hackathon mock data,TRUE
372ED14B-F396-F334-0000-0000000000B4,620A7637-3BE2-7307-0000-000000000025,1FC9E916-899C-6A96-0000-00000000003D,69F84508-D13B-4A83-0000-000000000001,PLANTING,PLANNED,2026-07-28 00:00:00.000,1084,SYNTHETIC — hackathon mock data,TRUE
372ED14B-F396-F334-0000-0000000000B5,620A7637-3BE2-7307-0000-000000000026,1FC9E916-899C-6A96-0000-000000000044,69F84508-D13B-4A83-0000-000000000002,IRRIGATION,COMPLETED,2026-06-14 00:00:00.000,1085,SYNTHETIC — hackathon mock data,TRUE
372ED14B-F396-F334-0000-0000000000B6,620A7637-3BE2-7307-0000-000000000027,1FC9E916-899C-6A96-0000-00000000004B,69F84508-D13B-4A83-0000-000000000003,HARVEST,COMPLETED,2026-08-24 00:00:00.000,1086,SYNTHETIC — hackathon mock data,TRUE
372ED14B-F396-F334-0000-0000000000B7,620A7637-3BE2-7307-0000-000000000028,1FC9E916-899C-6A96-0000-000000000052,69F84508-D13B-4A83-0000-000000000004,PLANTING,COMPLETED,2026-08-12 00:00:00.000,1087,SYNTHETIC — hackathon mock data,TRUE
372ED14B-F396-F334-0000-0000000000B8,620A7637-3BE2-7307-0000-000000000029,1FC9E916-899C-6A96-0000-000000000059,69F84508-D13B-4A83-0000-000000000005,PLANTING,PLANNED,2026-05-08 00:00:00.000,1088,SYNTHETIC — hackathon mock data,TRUE
372ED14B-F396-F334-0000-0000000000B9,620A7637-3BE2-7307-0000-00000000002A,1FC9E916-899C-6A96-0000-000000000060,69F84508-D13B-4A83-0000-000000000006,IRRIGATION,COMPLETED,2026-06-04 00:00:00.000,1089,SYNTHETIC — hackathon mock data,TRUE
372ED14B-F396-F334-0000-0000000000BA,620A7637-3BE2-7307-0000-00000000002B,1FC9E916-899C-6A96-0000-000000000067,69F84508-D13B-4A83-0000-000000000001,HARVEST,COMPLETED,2026-05-15 00:00:00.000,1090,SYNTHETIC — hackathon mock data,TRUE
372ED14B-F396-F334-0000-0000000000BB,620A7637-3BE2-7307-0000-00000000002C,1FC9E916-899C-6A96-0000-00000000006E,69F84508-D13B-4A83-0000-000000000002,PLANTING,COMPLETED,2026-09-10 00:00:00.000,1091,SYNTHETIC — hackathon mock data,TRUE
372ED14B-F396-F334-0000-0000000000BC,620A7637-3BE2-7307-0000-00000000002D,1FC9E916-899C-6A96-0000-000000000075,69F84508-D13B-4A83-0000-000000000003,IRRIGATION,COMPLETED,2026-09-08 00:00:00.000,1092,SYNTHETIC — hackathon mock data,TRUE
372ED14B-F396-F334-0000-0000000000BD,620A7637-3BE2-7307-0000-00000000002E,1FC9E916-899C-6A96-0000-00000000007C,69F84508-D13B-4A83-0000-000000000004,HARVEST,COMPLETED,2026-06-19 00:00:00.000,1093,SYNTHETIC — hackathon mock data,TRUE
372ED14B-F396-F334-0000-0000000000BE,620A7637-3BE2-7307-0000-00000000002F,1FC9E916-899C-6A96-0000-000000000083,69F84508-D13B-4A83-0000-000000000005,HARVEST,PLANNED,2026-06-11 00:00:00.000,1094,SYNTHETIC — hackathon mock data,TRUE
372ED14B-F396-F334-0000-0000000000BF,620A7637-3BE2-7307-0000-000000000030,1FC9E916-899C-6A96-0000-00000000008A,69F84508-D13B-4A83-0000-000000000006,HARVEST,PLANNED,2026-05-16 00:00:00.000,1095,SYNTHETIC — hackathon mock data,TRUE
372ED14B-F396-F334-0000-0000000000C0,620A7637-3BE2-7307-0000-000000000031,1FC9E916-899C-6A96-0000-000000000091,69F84508-D13B-4A83-0000-000000000001,IRRIGATION,COMPLETED,2026-08-12 00:00:00.000,1000,SYNTHETIC — hackathon mock data,TRUE
372ED14B-F396-F334-0000-0000000000C1,620A7637-3BE2-7307-0000-000000000032,1FC9E916-899C-6A96-0000-000000000002,69F84508-D13B-4A83-0000-000000000002,IRRIGATION,COMPLETED,2026-04-17 00:00:00.000,1001,SYNTHETIC — hackathon mock data,TRUE
372ED14B-F396-F334-0000-0000000000C2,620A7637-3BE2-7307-0000-000000000033,1FC9E916-899C-6A96-0000-000000000009,69F84508-D13B-4A83-0000-000000000003,PLANTING,PLANNED,2026-04-23 00:00:00.000,1002,SYNTHETIC — hackathon mock data,TRUE
372ED14B-F396-F334-0000-0000000000C3,620A7637-3BE2-7307-0000-000000000034,1FC9E916-899C-6A96-0000-000000000010,69F84508-D13B-4A83-0000-000000000004,HARVEST,COMPLETED,2026-04-11 00:00:00.000,1003,SYNTHETIC — hackathon mock data,TRUE
372ED14B-F396-F334-0000-0000000000C4,620A7637-3BE2-7307-0000-000000000035,1FC9E916-899C-6A96-0000-000000000017,69F84508-D13B-4A83-0000-000000000005,IRRIGATION,COMPLETED,2026-07-22 00:00:00.000,1004,SYNTHETIC — hackathon mock data,TRUE
372ED14B-F396-F334-0000-0000000000C5,620A7637-3BE2-7307-0000-000000000036,1FC9E916-899C-6A96-0000-00000000001E,69F84508-D13B-4A83-0000-000000000006,HARVEST,COMPLETED,2026-07-16 00:00:00.000,1005,SYNTHETIC — hackathon mock data,TRUE
372ED14B-F396-F334-0000-0000000000C6,620A7637-3BE2-7307-0000-000000000037,1FC9E916-899C-6A96-0000-000000000025,69F84508-D13B-4A83-0000-000000000001,HARVEST,COMPLETED,2026-05-25 00:00:00.000,1006,SYNTHETIC — hackathon mock data,TRUE
372ED14B-F396-F334-0000-0000000000C7,620A7637-3BE2-7307-0000-000000000038,1FC9E916-899C-6A96-0000-00000000002C,69F84508-D13B-4A83-0000-000000000002,HARVEST,COMPLETED,2026-09-26 00:00:00.000,1007,SYNTHETIC — hackathon mock data,TRUE
372ED14B-F396-F334-0000-0000000000C8,620A7637-3BE2-7307-0000-000000000039,1FC9E916-899C-6A96-0000-000000000033,69F84508-D13B-4A83-0000-000000000003,PLANTING,COMPLETED,2026-06-16 00:00:00.000,1008,SYNTHETIC — hackathon mock data,TRUE
372ED14B-F396-F334-0000-0000000000C9,620A7637-3BE2-7307-0000-00000000003A,1FC9E916-899C-6A96-0000-00000000003A,69F84508-D13B-4A83-0000-000000000004,IRRIGATION,COMPLETED,2026-04-23 00:00:00.000,1009,SYNTHETIC — hackathon mock data,TRUE
372ED14B-F396-F334-0000-0000000000CA,620A7637-3BE2-7307-0000-00000000003B,1FC9E916-899C-6A96-0000-000000000041,69F84508-D13B-4A83-0000-000000000005,HARVEST,PLANNED,2026-07-01 00:00:00.000,1010,SYNTHETIC — hackathon mock data,TRUE
372ED14B-F396-F334-0000-0000000000CB,620A7637-3BE2-7307-0000-00000000003C,1FC9E916-899C-6A96-0000-000000000048,69F84508-D13B-4A83-0000-000000000006,PLANTING,COMPLETED,2026-09-12 00:00:00.000,1011,SYNTHETIC — hackathon mock data,TRUE
372ED14B-F396-F334-0000-0000000000CC,620A7637-3BE2-7307-0000-00000000003D,1FC9E916-899C-6A96-0000-00000000004F,69F84508-D13B-4A83-0000-000000000001,IRRIGATION,PLANNED,2026-05-11 00:00:00.000,1012,SYNTHETIC — hackathon mock data,TRUE
372ED14B-F396-F334-0000-0000000000CD,620A7637-3BE2-7307-0000-00000000003E,1FC9E916-899C-6A96-0000-000000000056,69F84508-D13B-4A83-0000-000000000002,HARVEST,COMPLETED,2026-07-09 00:00:00.000,1013,SYNTHETIC — hackathon mock data,TRUE
372ED14B-F396-F334-0000-0000000000CE,620A7637-3BE2-7307-0000-00000000003F,1FC9E916-899C-6A96-0000-00000000005D,69F84508-D13B-4A83-0000-000000000003,IRRIGATION,COMPLETED,2026-05-21 00:00:00.000,1014,SYNTHETIC — hackathon mock data,TRUE
372ED14B-F396-F334-0000-0000000000CF,620A7637-3BE2-7307-0000-000000000040,1FC9E916-899C-6A96-0000-000000000064,69F84508-D13B-4A83-0000-000000000004,HARVEST,COMPLETED,2026-08-20 00:00:00.000,1015,SYNTHETIC — hackathon mock data,TRUE
372ED14B-F396-F334-0000-0000000000D0,620A7637-3BE2-7307-0000-000000000041,1FC9E916-899C-6A96-0000-00000000006B,69F84508-D13B-4A83-0000-000000000005,HARVEST,COMPLETED,2026-07-21 00:00:00.000,1016,SYNTHETIC — hackathon mock data,TRUE
372ED14B-F396-F334-0000-0000000000D1,620A7637-3BE2-7307-0000-000000000042,1FC9E916-899C-6A96-0000-000000000072,69F84508-D13B-4A83-0000-000000000006,IRRIGATION,PLANNED,2026-08-26 00:00:00.000,1017,SYNTHETIC — hackathon mock data,TRUE
372ED14B-F396-F334-0000-0000000000D2,620A7637-3BE2-7307-0000-000000000043,1FC9E916-899C-6A96-0000-000000000079,69F84508-D13B-4A83-0000-000000000001,IRRIGATION,PLANNED,2026-06-13 00:00:00.000,1018,SYNTHETIC — hackathon mock data,TRUE
372ED14B-F396-F334-0000-0000000000D3,620A7637-3BE2-7307-0000-000000000044,1FC9E916-899C-6A96-0000-000000000080,69F84508-D13B-4A83-0000-000000000002,IRRIGATION,PLANNED,2026-06-27 00:00:00.000,1019,SYNTHETIC — hackathon mock data,TRUE
372ED14B-F396-F334-0000-0000000000D4,620A7637-3BE2-7307-0000-000000000045,1FC9E916-899C-6A96-0000-000000000087,69F84508-D13B-4A83-0000-000000000003,PLANTING,COMPLETED,2026-06-05 00:00:00.000,1020,SYNTHETIC — hackathon mock data,TRUE
372ED14B-F396-F334-0000-0000000000D5,620A7637-3BE2-7307-0000-000000000046,1FC9E916-899C-6A96-0000-00000000008E,69F84508-D13B-4A83-0000-000000000004,HARVEST,PLANNED,2026-08-25 00:00:00.000,1021,SYNTHETIC — hackathon mock data,TRUE
372ED14B-F396-F334-0000-0000000000D6,620A7637-3BE2-7307-0000-000000000047,1FC9E916-899C-6A96-0000-000000000095,69F84508-D13B-4A83-0000-000000000005,PLANTING,COMPLETED,2026-05-23 00:00:00.000,1022,SYNTHETIC — hackathon mock data,TRUE
372ED14B-F396-F334-0000-0000000000D7,620A7637-3BE2-7307-0000-000000000048,1FC9E916-899C-6A96-0000-000000000006,69F84508-D13B-4A83-0000-000000000006,PLANTING,COMPLETED,2026-07-09 00:00:00.000,1023,SYNTHETIC — hackathon mock data,TRUE
372ED14B-F396-F334-0000-0000000000D8,620A7637-3BE2-7307-0000-000000000001,1FC9E916-899C-6A96-0000-00000000000D,69F84508-D13B-4A83-0000-000000000001,HARVEST,PLANNED,2026-07-03 00:00:00.000,1024,SYNTHETIC — hackathon mock data,TRUE
