TRIAL_GUID,KIKKER_APPROVAL,EXCLUDE_FROM_ANALYSIS,PROTOCOL_SITE_GUID,PROTOCOL_GUID,LAST_ANALYZED_DATE,REMARK,BIOPLAN_PI_NUMBER,USAGE_SYSTEM_LID,TRIAL_LINE_CODE,INITIATOR,TRIAL_DESCRIPTION,START_PLOT_NO,TRIAL_ID,COMPANY_COOPERATOR_GUID,PLOT_PREFIX,BEGIN_PLOT_NO,STATUS_LID,TRIAL_PLANNING_SET_GUID,TRIAL_LAST_CHG_DATE,SEQUENCE,NO_OF_REPLICATIONS,USE_FOR_INBREEDING,TRIAL_MAPPED,TRIAL_TYPE_LID,START_YEAR,BEGIN_DATE,RESPONSIBLE_MATERIAL_STORE_GUID,CROP_GUID,TRIAL_EXPERIMENT_GUID,LOCATION_GUID,LAST_CHG_USER,ROWGUID,BREEDING_GROUP_GUID,BEGIN_BASIC_PLAN_NO,PLANTING_AREA_GUID,TRIAL_CORE_GUID,MALE_LINE_GUID,END_PLOT_NO,PLANNED_POLLINATIONS_SET_GUID,MALE_MATERIAL_GUID,MINT_READY_PROCESSING,PLANTING_POPULATION,MINT_RDYPR_SUBMITTER,LAST_CHG_DATE,START_WEEK,GREENHOUSE_TRIAL,TRIAL_DESIGN_GUID,INTENT_TYPE_LID,CREATE_DATE,TRIAL_ENTRY_DEFAULTS_GUID,BREEDING_GOAL_GUID,CREATE_PERSON,PEGASYS_CREATE_DATE,PEGASYS_UPDATE_DATE,PEGASYS_PURGED
620A7637-3BE2-7307-0000-000000000001,,,,,,SYNTHETIC — hackathon mock data,,,,,Synthetic performance trial 0001,,SYN-TR-0001,,,,COMPLETE,,,,,,,,2024,,,,,69F84508-D13B-4A83-0000-000000000001,,0017EBBD-1D92-1992-0000-000000000001,,,,,,,,,,,,,,,,,,,,,,,FALSE
620A7637-3BE2-7307-0000-000000000002,,,,,,SYNTHETIC — hackathon mock data,,,,,Synthetic performance trial 0002,,SYN-TR-0002,,,,COMPLETE,,,,,,,,2025,,,,,69F84508-D13B-4A83-0000-000000000002,,0017EBBD-1D92-1992-0000-000000000002,,,,,,,,,,,,,,,,,,,,,,,FALSE
620A7637-3BE2-7307-0000-000000000003,,,,,,SYNTHETIC — hackathon mock data,,,,,Synthetic performance trial 0003,,SYN-TR-0003,,,,COMPLETE,,,,,,,,2026,,,,,69F84508-D13B-4A83-0000-000000000003,,0017EBBD-1D92-1992-0000-000000000003,,,,,,,,,,,,,,,,,,,,,,,FALSE
620A7637-3BE2-7307-0000-000000000004,,,,,,SYNTHETIC — hackathon mock data,,,,,Synthetic performance trial 0004,,SYN-TR-0004,,,,COMPLETE,,,,,,,,2024,,,,,69F84508-D13B-4A83-0000-000000000004,,0017EBBD-1D92-1992-0000-000000000004,,,,,,,,,,,,,,,,,,,,,,,FALSE
620A7637-3BE2-7307-0000-000000000005,,,,,,SYNTHETIC — hackathon mock data,,,,,Synthetic performance trial 0005,,SYN-TR-0005,,,,COMPLETE,,,,,,,,2025,,,,,69F84508-D13B-4A83-0000-000000000005,,0017EBBD-1D92-1992-0000-000000000005,,,,,,,,,,,,,,,,,,,,,,,FALSE
620A7637-3BE2-7307-0000-000000000006,,,,,,SYNTHETIC — hackathon mock data,,,,,Synthetic performance trial 0006,,SYN-TR-0006,,,,COMPLETE,,,,,,,,2026,,,,,69F84508-D13B-4A83-0000-000000000006,,0017EBBD-1D92-1992-0000-000000000006,,,,,,,,,,,,,,,,,,,,,,,FALSE
620A7637-3BE2-7307-0000-000000000007,,,,,,SYNTHETIC — hackathon mock data,,,,,Synthetic performance trial 0007,,SYN-TR-0007,,,,COMPLETE,,,,,,,,2024,,,,,69F84508-D13B-4A83-0000-000000000001,,0017EBBD-1D92-1992-0000-000000000007,,,,,,,,,,,,,,,,,,,,,,,FALSE
620A7637-3BE2-7307-0000-000000000008,,,,,,SYNTHETIC — hackathon mock data,,,,,Synthetic performance trial 0008,,SYN-TR-0008,,,,COMPLETE,,,,,,,,2025,,,,,69F84508-D13B-4A83-0000-000000000002,,0017EBBD-1D92-1992-0000-000000000008,,,,,,,,,,,,,,,,,,,,,,,FALSE
620A7637-3BE2-7307-0000-000000000009,,,,,,SYNTHETIC — hackathon mock data,,,,,Synthetic performance trial 0009,,SYN-TR-0009,,,,COMPLETE,,,,,,,,2026,,,,,69F84508-D13B-4A83-0000-000000000003,,0017EBBD-1D92-1992-0000-000000000009,,,,,,,,,,,,,,,,,,,,,,,FALSE
620A7637-3BE2-7307-0000-00000000000A,,,,,,SYNTHETIC — hackathon mock data,,,,,Synthetic performance trial 0010,,SYN-TR-0010,,,,COMPLETE,,,,,,,,2024,,,,,69F84508-D13B-4A83-0000-000000000004,,0017EBBD-1D92-1992-0000-00000000000A,,,,,,,,,,,,,,,,,,,,,,,FALSE
620A7637-3BE2-7307-0000-00000000000B,,,,,,SYNTHETIC — hackathon mock data,,,,,Synthetic performance trial 0011,,SYN-TR-0011,,,,COMPLETE,,,,,,,,2025,,,,,69F84508-D13B-4A83-0000-000000000005,,0017EBBD-1D92-1992-0000-00000000000B,,,,,,,,,,,,,,,,,,,,,,,FALSE
620A7637-3BE2-7307-0000-00000000000C,,,,,,SYNTHETIC — hackathon mock data,,,,,Synthetic performance trial 0012,,SYN-TR-0012,,,,COMPLETE,,,,,,,,2026,,,,,69F84508-D13B-4A83-0000-000000000006,,0017EBBD-1D92-1992-0000-00000000000C,,,,,,,,,,,,,,,,,,,,,,,FALSE
620A7637-3BE2-7307-0000-00000000000D,,,,,,SYNTHETIC — hackathon mock data,,,,,Synthetic performance trial 0013,,SYN-TR-0013,,,,COMPLETE,,,,,,,,2024,,,,,69F84508-D13B-4A83-0000-000000000001,,0017EBBD-1D92-1992-0000-00000000000D,,,,,,,,,,,,,,,,,,,,,,,FALSE
620A7637-3BE2-7307-0000-00000000000E,,,,,,SYNTHETIC — hackathon mock data,,,,,Synthetic performance trial 0014,,SYN-TR-0014,,,,COMPLETE,,,,,,,,2025,,,,,69F84508-D13B-4A83-0000-000000000002,,0017EBBD-1D92-1992-0000-00000000000E,,,,,,,,,,,,,,,,,,,,,,,FALSE
620A7637-3BE2-7307-0000-00000000000F,,,,,,SYNTHETIC — hackathon mock data,,,,,Synthetic performance trial 0015,,SYN-TR-0015,,,,COMPLETE,,,,,,,,2026,,,,,69F84508-D13B-4A83-0000-000000000003,,0017EBBD-1D92-1992-0000-00000000000F,,,,,,,,,,,,,,,,,,,,,,,FALSE
620A7637-3BE2-7307-0000-000000000010,,,,,,SYNTHETIC — hackathon mock data,,,,,Synthetic performance trial 0016,,SYN-TR-0016,,,,COMPLETE,,,,,,,,2024,,,,,69F84508-D13B-4A83-0000-000000000004,,0017EBBD-1D92-1992-0000-000000000010,,,,,,,,,,,,,,,,,,,,,,,FALSE
620A7637-3BE2-7307-0000-000000000011,,,,,,SYNTHETIC — hackathon mock data,,,,,Synthetic performance trial 0017,,SYN-TR-0017,,,,COMPLETE,,,,,,,,2025,,,,,69F84508-D13B-4A83-0000-000000000005,,0017EBBD-1D92-1992-0000-000000000011,,,,,,,,,,,,,,,,,,,,,,,FALSE
620A7637-3BE2-7307-0000-000000000012,,,,,,SYNTHETIC — hackathon mock data,,,,,Synthetic performance trial 0018,,SYN-TR-0018,,,,COMPLETE,,,,,,,,2026,,,,,69F84508-D13B-4A83-0000-000000000006,,0017EBBD-1D92-1992-0000-000000000012,,,,,,,,,,,,,,,,,,,,,,,FALSE
620A7637-3BE2-7307-0000-000000000013,,,,,,SYNTHETIC — hackathon mock data,,,,,Synthetic performance trial 0019,,SYN-TR-0019,,,,COMPLETE,,,,,,,,2024,,,,,69F84508-D13B-4A83-0000-000000000001,,0017EBBD-1D92-1992-0000-000000000013,,,,,,,,,,,,,,,,,,,,,,,FALSE
620A7637-3BE2-7307-0000-000000000014,,,,,,SYNTHETIC — hackathon mock data,,,,,Synthetic performance trial 0020,,SYN-TR-0020,,,,COMPLETE,,,,,,,,2025,,,,,69F84508-D13B-4A83-0000-000000000002,,0017EBBD-1D92-1992-0000-000000000014,,,,,,,,,,,,,,,,,,,,,,,FALSE
620A7637-3BE2-7307-0000-000000000015,,,,,,SYNTHETIC — hackathon mock data,,,,,Synthetic performance trial 0021,,SYN-TR-0021,,,,COMPLETE,,,,,,,,2026,,,,,69F84508-D13B-4A83-0000-000000000003,,0017EBBD-1D92-1992-0000-000000000015,,,,,,,,,,,,,,,,,,,,,,,FALSE
620A7637-3BE2-7307-0000-000000000016,,,,,,SYNTHETIC — hackathon mock data,,,,,Synthetic performance trial 0022,,SYN-TR-0022,,,,COMPLETE,,,,,,,,2024,,,,,69F84508-D13B-4A83-0000-000000000004,,0017EBBD-1D92-1992-0000-000000000016,,,,,,,,,,,,,,,,,,,,,,,FALSE
620A7637-3BE2-7307-0000-000000000017,,,,,,SYNTHETIC — hackathon mock data,,,,,Synthetic performance trial 0023,,SYN-TR-0023,,,,COMPLETE,,,,,,,,2025,,,,,69F84508-D13B-4A83-0000-000000000005,,0017EBBD-1D92-1992-0000-000000000017,,,,,,,,,,,,,,,,,,,,,,,FALSE
620A7637-3BE2-7307-0000-000000000018,,,,,,SYNTHETIC — hackathon mock data,,,,,Synthetic performance trial 0024,,SYN-TR-0024,,,,COMPLETE,,,,,,,,2026,,,,,69F84508-D13B-4A83-0000-000000000006,,0017EBBD-1D92-1992-0000-000000000018,,,,,,,,,,,,,,,,,,,,,,,FALSE
620A7637-3BE2-7307-0000-000000000019,,,,,,SYNTHETIC — hackathon mock data,,,,,Synthetic performance trial 0025,,SYN-TR-0025,,,,COMPLETE,,,,,,,,2024,,,,,69F84508-D13B-4A83-0000-000000000001,,0017EBBD-1D92-1992-0000-000000000019,,,,,,,,,,,,,,,,,,,,,,,FALSE
620A7637-3BE2-7307-0000-00000000001A,,,,,,SYNTHETIC — hackathon mock data,,,,,Synthetic performance trial 0026,,SYN-TR-0026,,,,COMPLETE,,,,,,,,2025,,,,,69F84508-D13B-4A83-0000-000000000002,,0017EBBD-1D92-1992-0000-00000000001A,,,,,,,,,,,,,,,,,,,,,,,FALSE
620A7637-3BE2-7307-0000-00000000001B,,,,,,SYNTHETIC — hackathon mock data,,,,,Synthetic performance trial 0027,,SYN-TR-0027,,,,COMPLETE,,,,,,,,2026,,,,,69F84508-D13B-4A83-0000-000000000003,,0017EBBD-1D92-1992-0000-00000000001B,,,,,,,,,,,,,,,,,,,,,,,FALSE
620A7637-3BE2-7307-0000-00000000001C,,,,,,SYNTHETIC — hackathon mock data,,,,,Synthetic performance trial 0028,,SYN-TR-0028,,,,COMPLETE,,,,,,,,2024,,,,,69F84508-D13B-4A83-0000-000000000004,,0017EBBD-1D92-1992-0000-00000000001C,,,,,,,,,,,,,,,,,,,,,,,FALSE
620A7637-3BE2-7307-0000-00000000001D,,,,,,SYNTHETIC — hackathon mock data,,,,,Synthetic performance trial 0029,,SYN-TR-0029,,,,COMPLETE,,,,,,,,2025,,,,,69F84508-D13B-4A83-0000-000000000005,,0017EBBD-1D92-1992-0000-00000000001D,,,,,,,,,,,,,,,,,,,,,,,FALSE
620A7637-3BE2-7307-0000-00000000001E,,,,,,SYNTHETIC — hackathon mock data,,,,,Synthetic performance trial 0030,,SYN-TR-0030,,,,COMPLETE,,,,,,,,2026,,,,,69F84508-D13B-4A83-0000-000000000006,,0017EBBD-1D92-1992-0000-00000000001E,,,,,,,,,,,,,,,,,,,,,,,FALSE
620A7637-3BE2-7307-0000-00000000001F,,,,,,SYNTHETIC — hackathon mock data,,,,,Synthetic performance trial 0031,,SYN-TR-0031,,,,COMPLETE,,,,,,,,2024,,,,,69F84508-D13B-4A83-0000-000000000001,,0017EBBD-1D92-1992-0000-00000000001F,,,,,,,,,,,,,,,,,,,,,,,FALSE
620A7637-3BE2-7307-0000-000000000020,,,,,,SYNTHETIC — hackathon mock data,,,,,Synthetic performance trial 0032,,SYN-TR-0032,,,,COMPLETE,,,,,,,,2025,,,,,69F84508-D13B-4A83-0000-000000000002,,0017EBBD-1D92-1992-0000-000000000020,,,,,,,,,,,,,,,,,,,,,,,FALSE
620A7637-3BE2-7307-0000-000000000021,,,,,,SYNTHETIC — hackathon mock data,,,,,Synthetic performance trial 0033,,SYN-TR-0033,,,,COMPLETE,,,,,,,,2026,,,,,69F84508-D13B-4A83-0000-000000000003,,0017EBBD-1D92-1992-0000-000000000021,,,,,,,,,,,,,,,,,,,,,,,FALSE
620A7637-3BE2-7307-0000-000000000022,,,,,,SYNTHETIC — hackathon mock data,,,,,Synthetic performance trial 0034,,SYN-TR-0034,,,,COMPLETE,,,,,,,,2024,,,,,69F84508-D13B-4A83-0000-000000000004,,0017EBBD-1D92-1992-0000-000000000022,,,,,,,,,,,,,,,,,,,,,,,FALSE
620A7637-3BE2-7307-0000-000000000023,,,,,,SYNTHETIC — hackathon mock data,,,,,Synthetic performance trial 0035,,SYN-TR-0035,,,,COMPLETE,,,,,,,,2025,,,,,69F84508-D13B-4A83-0000-000000000005,,0017EBBD-1D92-1992-0000-000000000023,,,,,,,,,,,,,,,,,,,,,,,FALSE
620A7637-3BE2-7307-0000-000000000024,,,,,,SYNTHETIC — hackathon mock data,,,,,Synthetic performance trial 0036,,SYN-TR-0036,,,,COMPLETE,,,,,,,,2026,,,,,69F84508-D13B-4A83-0000-000000000006,,0017EBBD-1D92-1992-0000-000000000024,,,,,,,,,,,,,,,,,,,,,,,FALSE
620A7637-3BE2-7307-0000-000000000025,,,,,,SYNTHETIC — hackathon mock data,,,,,Synthetic performance trial 0037,,SYN-TR-0037,,,,COMPLETE,,,,,,,,2024,,,,,69F84508-D13B-4A83-0000-000000000001,,0017EBBD-1D92-1992-0000-000000000025,,,,,,,,,,,,,,,,,,,,,,,FALSE
620A7637-3BE2-7307-0000-000000000026,,,,,,SYNTHETIC — hackathon mock data,,,,,Synthetic performance trial 0038,,SYN-TR-0038,,,,COMPLETE,,,,,,,,2025,,,,,69F84508-D13B-4A83-0000-000000000002,,0017EBBD-1D92-1992-0000-000000000026,,,,,,,,,,,,,,,,,,,,,,,FALSE
620A7637-3BE2-7307-0000-000000000027,,,,,,SYNTHETIC — hackathon mock data,,,,,Synthetic performance trial 0039,,SYN-TR-0039,,,,COMPLETE,,,,,,,,2026,,,,,69F84508-D13B-4A83-0000-000000000003,,0017EBBD-1D92-1992-0000-000000000027,,,,,,,,,,,,,,,,,,,,,,,FALSE
620A7637-3BE2-7307-0000-000000000028,,,,,,SYNTHETIC — hackathon mock data,,,,,Synthetic performance trial 0040,,SYN-TR-0040,,,,COMPLETE,,,,,,,,2024,,,,,69F84508-D13B-4A83-0000-000000000004,,0017EBBD-1D92-1992-0000-000000000028,,,,,,,,,,,,,,,,,,,,,,,FALSE
620A7637-3BE2-7307-0000-000000000029,,,,,,SYNTHETIC — hackathon mock data,,,,,Synthetic performance trial 0041,,SYN-TR-0041,,,,COMPLETE,,,,,,,,2025,,,,,69F84508-D13B-4A83-0000-000000000005,,0017EBBD-1D92-1992-0000-000000000029,,,,,,,,,,,,,,,,,,,,,,,FALSE
620A7637-3BE2-7307-0000-00000000002A,,,,,,SYNTHETIC — hackathon mock data,,,,,Synthetic performance trial 0042,,SYN-TR-0042,,,,COMPLETE,,,,,,,,2026,,,,,69F84508-D13B-4A83-0000-000000000006,,0017EBBD-1D92-1992-0000-00000000002A,,,,,,,,,,,,,,,,,,,,,,,FALSE
620A7637-3BE2-7307-0000-00000000002B,,,,,,SYNTHETIC — hackathon mock data,,,,,Synthetic performance trial 0043,,SYN-TR-0043,,,,COMPLETE,,,,,,,,2024,,,,,69F84508-D13B-4A83-0000-000000000001,,0017EBBD-1D92-1992-0000-00000000002B,,,,,,,,,,,,,,,,,,,,,,,FALSE
620A7637-3BE2-7307-0000-00000000002C,,,,,,SYNTHETIC — hackathon mock data,,,,,Synthetic performance trial 0044,,SYN-TR-0044,,,,COMPLETE,,,,,,,,2025,,,,,69F84508-D13B-4A83-0000-000000000002,,0017EBBD-1D92-1992-0000-00000000002C,,,,,,,,,,,,,,,,,,,,,,,FALSE
620A7637-3BE2-7307-0000-00000000002D,,,,,,SYNTHETIC — hackathon mock data,,,,,Synthetic performance trial 0045,,SYN-TR-0045,,,,COMPLETE,,,,,,,,2026,,,,,69F84508-D13B-4A83-0000-000000000003,,0017EBBD-1D92-1992-0000-00000000002D,,,,,,,,,,,,,,,,,,,,,,,FALSE
620A7637-3BE2-7307-0000-00000000002E,,,,,,SYNTHETIC — hackathon mock data,,,,,Synthetic performance trial 0046,,SYN-TR-0046,,,,COMPLETE,,,,,,,,2024,,,,,69F84508-D13B-4A83-0000-000000000004,,0017EBBD-1D92-1992-0000-00000000002E,,,,,,,,,,,,,,,,,,,,,,,FALSE
620A7637-3BE2-7307-0000-00000000002F,,,,,,SYNTHETIC — hackathon mock data,,,,,Synthetic performance trial 0047,,SYN-TR-0047,,,,COMPLETE,,,,,,,,2025,,,,,69F84508-D13B-4A83-0000-000000000005,,0017EBBD-1D92-1992-0000-00000000002F,,,,,,,,,,,,,,,,,,,,,,,FALSE
620A7637-3BE2-7307-0000-000000000030,,,,,,SYNTHETIC — hackathon mock data,,,,,Synthetic performance trial 0048,,SYN-TR-0048,,,,COMPLETE,,,,,,,,2026,,,,,69F84508-D13B-4A83-0000-000000000006,,0017EBBD-1D92-1992-0000-000000000030,,,,,,,,,,,,,,,,,,,,,,,FALSE
620A7637-3BE2-7307-0000-000000000031,,,,,,SYNTHETIC — hackathon mock data,,,,,Synthetic performance trial 0049,,SYN-TR-0049,,,,COMPLETE,,,,,,,,2024,,,,,69F84508-D13B-4A83-0000-000000000001,,0017EBBD-1D92-1992-0000-000000000031,,,,,,,,,,,,,,,,,,,,,,,FALSE
620A7637-3BE2-7307-0000-000000000032,,,,,,SYNTHETIC — hackathon mock data,,,,,Synthetic performance trial 0050,,SYN-TR-0050,,,,COMPLETE,,,,,,,,2025,,,,,69F84508-D13B-4A83-0000-000000000002,,0017EBBD-1D92-1992-0000-000000000032,,,,,,,,,,,,,,,,,,,,,,,FALSE
620A7637-3BE2-7307-0000-000000000033,,,,,,SYNTHETIC — hackathon mock data,,,,,Synthetic performance trial 0051,,SYN-TR-0051,,,,COMPLETE,,,,,,,,2026,,,,,69F84508-D13B-4A83-0000-000000000003,,0017EBBD-1D92-1992-0000-000000000033,,,,,,,,,,,,,,,,,,,,,,,FALSE
620A7637-3BE2-7307-0000-000000000034,,,,,,SYNTHETIC — hackathon mock data,,,,,Synthetic performance trial 0052,,SYN-TR-0052,,,,COMPLETE,,,,,,,,2024,,,,,69F84508-D13B-4A83-0000-000000000004,,0017EBBD-1D92-1992-0000-000000000034,,,,,,,,,,,,,,,,,,,,,,,FALSE
620A7637-3BE2-7307-0000-000000000035,,,,,,SYNTHETIC — hackathon mock data,,,,,Synthetic performance trial 0053,,SYN-TR-0053,,,,COMPLETE,,,,,,,,2025,,,,,69F84508-D13B-4A83-0000-000000000005,,0017EBBD-1D92-1992-0000-000000000035,,,,,,,,,,,,,,,,,,,,,,,FALSE
620A7637-3BE2-7307-0000-000000000036,,,,,,SYNTHETIC — hackathon mock data,,,,,Synthetic performance trial 0054,,SYN-TR-0054,,,,COMPLETE,,,,,,,,2026,,,,,69F84508-D13B-4A83-0000-000000000006,,0017EBBD-1D92-1992-0000-000000000036,,,,,,,,,,,,,,,,,,,,,,,FALSE
620A7637-3BE2-7307-0000-000000000037,,,,,,SYNTHETIC — hackathon mock data,,,,,Synthetic performance trial 0055,,SYN-TR-0055,,,,COMPLETE,,,,,,,,2024,,,,,69F84508-D13B-4A83-0000-000000000001,,0017EBBD-1D92-1992-0000-000000000037,,,,,,,,,,,,,,,,,,,,,,,FALSE
620A7637-3BE2-7307-0000-000000000038,,,,,,SYNTHETIC — hackathon mock data,,,,,Synthetic performance trial 0056,,SYN-TR-0056,,,,COMPLETE,,,,,,,,2025,,,,,69F84508-D13B-4A83-0000-000000000002,,0017EBBD-1D92-1992-0000-000000000038,,,,,,,,,,,,,,,,,,,,,,,FALSE
620A7637-3BE2-7307-0000-000000000039,,,,,,SYNTHETIC — hackathon mock data,,,,,Synthetic performance trial 0057,,SYN-TR-0057,,,,COMPLETE,,,,,,,,2026,,,,,69F84508-D13B-4A83-0000-000000000003,,0017EBBD-1D92-1992-0000-000000000039,,,,,,,,,,,,,,,,,,,,,,,FALSE
620A7637-3BE2-7307-0000-00000000003A,,,,,,SYNTHETIC — hackathon mock data,,,,,Synthetic performance trial 0058,,SYN-TR-0058,,,,COMPLETE,,,,,,,,2024,,,,,69F84508-D13B-4A83-0000-000000000004,,0017EBBD-1D92-1992-0000-00000000003A,,,,,,,,,,,,,,,,,,,,,,,FALSE
620A7637-3BE2-7307-0000-00000000003B,,,,,,SYNTHETIC — hackathon mock data,,,,,Synthetic performance trial 0059,,SYN-TR-0059,,,,COMPLETE,,,,,,,,2025,,,,,69F84508-D13B-4A83-0000-000000000005,,0017EBBD-1D92-1992-0000-00000000003B,,,,,,,,,,,,,,,,,,,,,,,FALSE
620A7637-3BE2-7307-0000-00000000003C,,,,,,SYNTHETIC — hackathon mock data,,,,,Synthetic performance trial 0060,,SYN-TR-0060,,,,COMPLETE,,,,,,,,2026,,,,,69F84508-D13B-4A83-0000-000000000006,,0017EBBD-1D92-1992-0000-00000000003C,,,,,,,,,,,,,,,,,,,,,,,FALSE
620A7637-3BE2-7307-0000-00000000003D,,,,,,SYNTHETIC — hackathon mock data,,,,,Synthetic performance trial 0061,,SYN-TR-0061,,,,COMPLETE,,,,,,,,2024,,,,,69F84508-D13B-4A83-0000-000000000001,,0017EBBD-1D92-1992-0000-00000000003D,,,,,,,,,,,,,,,,,,,,,,,FALSE
620A7637-3BE2-7307-0000-00000000003E,,,,,,SYNTHETIC — hackathon mock data,,,,,Synthetic performance trial 0062,,SYN-TR-0062,,,,COMPLETE,,,,,,,,2025,,,,,69F84508-D13B-4A83-0000-000000000002,,0017EBBD-1D92-1992-0000-00000000003E,,,,,,,,,,,,,,,,,,,,,,,FALSE
620A7637-3BE2-7307-0000-00000000003F,,,,,,SYNTHETIC — hackathon mock data,,,,,Synthetic performance trial 0063,,SYN-TR-0063,,,,COMPLETE,,,,,,,,2026,,,,,69F84508-D13B-4A83-0000-000000000003,,0017EBBD-1D92-1992-0000-00000000003F,,,,,,,,,,,,,,,,,,,,,,,FALSE
620A7637-3BE2-7307-0000-000000000040,,,,,,SYNTHETIC — hackathon mock data,,,,,Synthetic performance trial 0064,,SYN-TR-0064,,,,COMPLETE,,,,,,,,2024,,,,,69F84508-D13B-4A83-0000-000000000004,,0017EBBD-1D92-1992-0000-000000000040,,,,,,,,,,,,,,,,,,,,,,,FALSE
620A7637-3BE2-7307-0000-000000000041,,,,,,SYNTHETIC — hackathon mock data,,,,,Synthetic performance trial 0065,,SYN-TR-0065,,,,COMPLETE,,,,,,,,2025,,,,,69F84508-D13B-4A83-0000-000000000005,,0017EBBD-1D92-1992-0000-000000000041,,,,,,,,,,,,,,,,,,,,,,,FALSE
620A7637-3BE2-7307-0000-000000000042,,,,,,SYNTHETIC — hackathon mock data,,,,,Synthetic performance trial 0066,,SYN-TR-0066,,,,COMPLETE,,,,,,,,2026,,,,,69F84508-D13B-4A83-0000-000000000006,,0017EBBD-1D92-1992-0000-000000000042,,,,,,,,,,,,,,,,,,,,,,,FALSE
620A7637-3BE2-7307-0000-000000000043,,,,,,SYNTHETIC — hackathon mock data,,,,,Synthetic performance trial 0067,,SYN-TR-0067,,,,COMPLETE,,,,,,,,2024,,,,,69F84508-D13B-4A83-0000-000000000001,,0017EBBD-1D92-1992-0000-000000000043,,,,,,,,,,,,,,,,,,,,,,,FALSE
620A7637-3BE2-7307-0000-000000000044,,,,,,SYNTHETIC — hackathon mock data,,,,,Synthetic performance trial 0068,,SYN-TR-0068,,,,COMPLETE,,,,,,,,2025,,,,,69F84508-D13B-4A83-0000-000000000002,,0017EBBD-1D92-1992-0000-000000000044,,,,,,,,,,,,,,,,,,,,,,,FALSE
620A7637-3BE2-7307-0000-000000000045,,,,,,SYNTHETIC — hackathon mock data,,,,,Synthetic performance trial 0069,,SYN-TR-0069,,,,COMPLETE,,,,,,,,2026,,,,,69F84508-D13B-4A83-0000-000000000003,,0017EBBD-1D92-1992-0000-000000000045,,,,,,,,,,,,,,,,,,,,,,,FALSE
620A7637-3BE2-7307-0000-000000000046,,,,,,SYNTHETIC — hackathon mock data,,,,,Synthetic performance trial 0070,,SYN-TR-0070,,,,COMPLETE,,,,,,,,2024,,,,,69F84508-D13B-4A83-0000-000000000004,,0017EBBD-1D92-1992-0000-000000000046,,,,,,,,,,,,,,,,,,,,,,,FALSE
620A7637-3BE2-7307-0000-000000000047,,,,,,SYNTHETIC — hackathon mock data,,,,,Synthetic performance trial 0071,,SYN-TR-0071,,,,COMPLETE,,,,,,,,2025,,,,,69F84508-D13B-4A83-0000-000000000005,,0017EBBD-1D92-1992-0000-000000000047,,,,,,,,,,,,,,,,,,,,,,,FALSE
620A7637-3BE2-7307-0000-000000000048,,,,,,SYNTHETIC — hackathon mock data,,,,,Synthetic performance trial 0072,,SYN-TR-0072,,,,COMPLETE,,,,,,,,2026,,,,,69F84508-D13B-4A83-0000-000000000006,,0017EBBD-1D92-1992-0000-000000000048,,,,,,,,,,,,,,,,,,,,,,,FALSE
