TRIAL_GUID,TRIAL_ID,TRIAL_DESCRIPTION,LOCATION_GUID,STATUS_LID,START_YEAR,YIELD_T_HA,MOISTURE_PCT,DISEASE_SCORE,PLANT_HEIGHT_CM,FLOWERING_DAYS,GENOMIC_BREEDING_VALUE_MEAN,RESISTANT_MATERIAL_PCT,GENOMICS_QC_PASS_PCT,TRIAL_RECOMMENDATION,RECOMMENDATION_RATIONALE,RULE_VERSION,IS_SYNTHETIC
620A7637-3BE2-7307-0000-000000000001,SYN-TR-0001,Synthetic performance trial 0001,69F84508-D13B-4A83-0000-000000000001,COMPLETE,2024,10.05,15.4,7.7,226.6,59,105.4,30.0,100.0,FAIL,yield meets threshold; moisture meets threshold; disease risk elevated; genomic value favourable,SYNTH_V1,TRUE
620A7637-3BE2-7307-0000-000000000002,SYN-TR-0002,Synthetic performance trial 0002,69F84508-D13B-4A83-0000-000000000002,COMPLETE,2025,10.08,17.4,4.9,251.3,63,99.9,50.0,100.0,HOLD,yield meets threshold; moisture meets threshold; disease score acceptable; genomic value below target,SYNTH_V1,TRUE
620A7637-3BE2-7307-0000-000000000003,SYN-TR-0003,Synthetic performance trial 0003,69F84508-D13B-4A83-0000-000000000003,COMPLETE,2026,10.79,16.8,3.3,224.5,50,106.8,70.0,100.0,PASS,yield meets threshold; moisture meets threshold; disease score acceptable; genomic value favourable,SYNTH_V1,TRUE
620A7637-3BE2-7307-0000-000000000004,SYN-TR-0004,Synthetic performance trial 0004,69F84508-D13B-4A83-0000-000000000004,COMPLETE,2024,9.69,21.0,7.2,156.1,54,108.9,50.0,100.0,FAIL,yield meets threshold; moisture meets threshold; disease risk elevated; genomic value favourable,SYNTH_V1,TRUE
620A7637-3BE2-7307-0000-000000000005,SYN-TR-0005,Synthetic performance trial 0005,69F84508-D13B-4A83-0000-000000000005,COMPLETE,2025,13.45,18.9,5.8,229.6,78,108.9,50.0,100.0,HOLD,yield meets threshold; moisture meets threshold; disease risk elevated; genomic value favourable,SYNTH_V1,TRUE
620A7637-3BE2-7307-0000-000000000006,SYN-TR-0006,Synthetic performance trial 0006,69F84508-D13B-4A83-0000-000000000006,COMPLETE,2026,8.34,13.2,8.4,293.1,55,98.6,20.0,100.0,FAIL,yield below target; moisture meets threshold; disease risk elevated; genomic value below target,SYNTH_V1,TRUE
620A7637-3BE2-7307-0000-000000000007,SYN-TR-0007,Synthetic performance trial 0007,69F84508-D13B-4A83-0000-000000000001,COMPLETE,2024,12.68,18.3,8.2,192.1,56,105.2,30.0,100.0,FAIL,yield meets threshold; moisture meets threshold; disease risk elevated; genomic value favourable,SYNTH_V1,TRUE
620A7637-3BE2-7307-0000-000000000008,SYN-TR-0008,Synthetic performance trial 0008,69F84508-D13B-4A83-0000-000000000002,COMPLETE,2025,10.08,21.8,8.3,253.7,62,103.4,10.0,100.0,FAIL,yield meets threshold; moisture meets threshold; disease risk elevated; genomic value favourable,SYNTH_V1,TRUE
620A7637-3BE2-7307-0000-000000000009,SYN-TR-0009,Synthetic performance trial 0009,69F84508-D13B-4A83-0000-000000000003,COMPLETE,2026,6.04,16.0,7.0,187.8,59,109.8,50.0,100.0,FAIL,yield below target; moisture meets threshold; disease risk elevated; genomic value favourable,SYNTH_V1,TRUE
620A7637-3BE2-7307-0000-00000000000A,SYN-TR-0010,Synthetic performance trial 0010,69F84508-D13B-4A83-0000-000000000004,COMPLETE,2024,6.6,26.4,1.6,267.1,87,105.5,50.0,100.0,FAIL,yield below target; moisture above target; disease score acceptable; genomic value favourable,SYNTH_V1,TRUE
620A7637-3BE2-7307-0000-00000000000B,SYN-TR-0011,Synthetic performance trial 0011,69F84508-D13B-4A83-0000-000000000005,COMPLETE,2025,11.23,22.3,2.1,228.3,88,105.0,50.0,100.0,HOLD,yield meets threshold; moisture above target; disease score acceptable; genomic value favourable,SYNTH_V1,TRUE
620A7637-3BE2-7307-0000-00000000000C,SYN-TR-0012,Synthetic performance trial 0012,69F84508-D13B-4A83-0000-000000000006,COMPLETE,2026,5.64,13.4,7.6,259.9,68,100.8,40.0,100.0,FAIL,yield below target; moisture meets threshold; disease risk elevated; genomic value below target,SYNTH_V1,TRUE
620A7637-3BE2-7307-0000-00000000000D,SYN-TR-0013,Synthetic performance trial 0013,69F84508-D13B-4A83-0000-000000000001,COMPLETE,2024,9.41,22.8,6.5,242.2,72,105.5,70.0,100.0,HOLD,yield meets threshold; moisture above target; disease risk elevated; genomic value favourable,SYNTH_V1,TRUE
620A7637-3BE2-7307-0000-00000000000E,SYN-TR-0014,Synthetic performance trial 0014,69F84508-D13B-4A83-0000-000000000002,COMPLETE,2025,12.23,20.9,4.2,199.2,76,101.0,30.0,100.0,HOLD,yield meets threshold; moisture meets threshold; disease score acceptable; genomic value below target,SYNTH_V1,TRUE
620A7637-3BE2-7307-0000-00000000000F,SYN-TR-0015,Synthetic performance trial 0015,69F84508-D13B-4A83-0000-000000000003,COMPLETE,2026,5.52,19.8,1.8,176.0,53,95.3,30.0,100.0,FAIL,yield below target; moisture meets threshold; disease score acceptable; genomic value below target,SYNTH_V1,TRUE
620A7637-3BE2-7307-0000-000000000010,SYN-TR-0016,Synthetic performance trial 0016,69F84508-D13B-4A83-0000-000000000004,COMPLETE,2024,6.35,23.5,1.2,288.6,54,105.4,30.0,100.0,FAIL,yield below target; moisture above target; disease score acceptable; genomic value favourable,SYNTH_V1,TRUE
620A7637-3BE2-7307-0000-000000000011,SYN-TR-0017,Synthetic performance trial 0017,69F84508-D13B-4A83-0000-000000000005,COMPLETE,2025,9.66,22.9,1.3,242.4,80,99.9,50.0,100.0,HOLD,yield meets threshold; moisture above target; disease score acceptable; genomic value below target,SYNTH_V1,TRUE
620A7637-3BE2-7307-0000-000000000012,SYN-TR-0018,Synthetic performance trial 0018,69F84508-D13B-4A83-0000-000000000006,COMPLETE,2026,13.42,17.1,3.3,253.1,52,106.8,70.0,100.0,PASS,yield meets threshold; moisture meets threshold; disease score acceptable; genomic value favourable,SYNTH_V1,TRUE
620A7637-3BE2-7307-0000-000000000013,SYN-TR-0019,Synthetic performance trial 0019,69F84508-D13B-4A83-0000-000000000001,COMPLETE,2024,10.68,14.0,6.3,210.2,59,108.9,50.0,100.0,HOLD,yield meets threshold; moisture meets threshold; disease risk elevated; genomic value favourable,SYNTH_V1,TRUE
620A7637-3BE2-7307-0000-000000000014,SYN-TR-0020,Synthetic performance trial 0020,69F84508-D13B-4A83-0000-000000000002,COMPLETE,2025,5.65,15.0,8.0,202.7,52,108.9,50.0,100.0,FAIL,yield below target; moisture meets threshold; disease risk elevated; genomic value favourable,SYNTH_V1,TRUE
620A7637-3BE2-7307-0000-000000000015,SYN-TR-0021,Synthetic performance trial 0021,69F84508-D13B-4A83-0000-000000000003,COMPLETE,2026,8.03,22.1,8.2,172.8,68,98.6,20.0,100.0,FAIL,yield below target; moisture above target; disease risk elevated; genomic value below target,SYNTH_V1,TRUE
620A7637-3BE2-7307-0000-000000000016,SYN-TR-0022,Synthetic performance trial 0022,69F84508-D13B-4A83-0000-000000000004,COMPLETE,2024,6.07,14.0,3.1,223.5,58,105.2,30.0,100.0,FAIL,yield below target; moisture meets threshold; disease score acceptable; genomic value favourable,SYNTH_V1,TRUE
620A7637-3BE2-7307-0000-000000000017,SYN-TR-0023,Synthetic performance trial 0023,69F84508-D13B-4A83-0000-000000000005,COMPLETE,2025,10.32,22.5,7.8,167.4,69,103.4,10.0,100.0,FAIL,yield meets threshold; moisture above target; disease risk elevated; genomic value favourable,SYNTH_V1,TRUE
620A7637-3BE2-7307-0000-000000000018,SYN-TR-0024,Synthetic performance trial 0024,69F84508-D13B-4A83-0000-000000000006,COMPLETE,2026,12.13,15.1,6.7,262.2,61,109.8,50.0,100.0,HOLD,yield meets threshold; moisture meets threshold; disease risk elevated; genomic value favourable,SYNTH_V1,TRUE
620A7637-3BE2-7307-0000-000000000019,SYN-TR-0025,Synthetic performance trial 0025,69F84508-D13B-4A83-0000-000000000001,COMPLETE,2024,10.43,16.1,8.3,202.8,66,105.5,50.0,100.0,FAIL,yield meets threshold; moisture meets threshold; disease risk elevated; genomic value favourable,SYNTH_V1,TRUE
620A7637-3BE2-7307-0000-00000000001A,SYN-TR-0026,Synthetic performance trial 0026,69F84508-D13B-4A83-0000-000000000002,COMPLETE,2025,10.17,26.3,2.6,180.6,82,105.0,50.0,100.0,HOLD,yield meets threshold; moisture above target; disease score acceptable; genomic value favourable,SYNTH_V1,TRUE
620A7637-3BE2-7307-0000-00000000001B,SYN-TR-0027,Synthetic performance trial 0027,69F84508-D13B-4A83-0000-000000000003,COMPLETE,2026,9.48,18.8,8.2,277.0,63,100.8,40.0,100.0,FAIL,yield meets threshold; moisture meets threshold; disease risk elevated; genomic value below target,SYNTH_V1,TRUE
620A7637-3BE2-7307-0000-00000000001C,SYN-TR-0028,Synthetic performance trial 0028,69F84508-D13B-4A83-0000-000000000004,COMPLETE,2024,7.13,16.0,2.2,160.5,89,105.5,70.0,100.0,HOLD,yield below target; moisture meets threshold; disease score acceptable; genomic value favourable,SYNTH_V1,TRUE
620A7637-3BE2-7307-0000-00000000001D,SYN-TR-0029,Synthetic performance trial 0029,69F84508-D13B-4A83-0000-000000000005,COMPLETE,2025,6.2,25.6,8.3,266.4,58,101.0,30.0,100.0,FAIL,yield below target; moisture above target; disease risk elevated; genomic value below target,SYNTH_V1,TRUE
620A7637-3BE2-7307-0000-00000000001E,SYN-TR-0030,Synthetic performance trial 0030,69F84508-D13B-4A83-0000-000000000006,COMPLETE,2026,6.72,13.3,6.6,196.6,71,95.3,30.0,100.0,FAIL,yield below target; moisture meets threshold; disease risk elevated; genomic value below target,SYNTH_V1,TRUE
620A7637-3BE2-7307-0000-00000000001F,SYN-TR-0031,Synthetic performance trial 0031,69F84508-D13B-4A83-0000-000000000001,COMPLETE,2024,8.5,20.9,3.9,175.4,50,105.4,30.0,100.0,HOLD,yield below target; moisture meets threshold; disease score acceptable; genomic value favourable,SYNTH_V1,TRUE
620A7637-3BE2-7307-0000-000000000020,SYN-TR-0032,Synthetic performance trial 0032,69F84508-D13B-4A83-0000-000000000002,COMPLETE,2025,9.77,22.4,6.1,178.5,85,99.9,50.0,100.0,HOLD,yield meets threshold; moisture above target; disease risk elevated; genomic value below target,SYNTH_V1,TRUE
620A7637-3BE2-7307-0000-000000000021,SYN-TR-0033,Synthetic performance trial 0033,69F84508-D13B-4A83-0000-000000000003,COMPLETE,2026,12.63,21.5,1.3,283.5,58,106.8,70.0,100.0,PASS,yield meets threshold; moisture meets threshold; disease score acceptable; genomic value favourable,SYNTH_V1,TRUE
620A7637-3BE2-7307-0000-000000000022,SYN-TR-0034,Synthetic performance trial 0034,69F84508-D13B-4A83-0000-000000000004,COMPLETE,2024,11.05,15.7,1.5,260.0,57,108.9,50.0,100.0,PASS,yield meets threshold; moisture meets threshold; disease score acceptable; genomic value favourable,SYNTH_V1,TRUE
620A7637-3BE2-7307-0000-000000000023,SYN-TR-0035,Synthetic performance trial 0035,69F84508-D13B-4A83-0000-000000000005,COMPLETE,2025,11.05,23.1,1.4,256.7,89,108.9,50.0,100.0,HOLD,yield meets threshold; moisture above target; disease score acceptable; genomic value favourable,SYNTH_V1,TRUE
620A7637-3BE2-7307-0000-000000000024,SYN-TR-0036,Synthetic performance trial 0036,69F84508-D13B-4A83-0000-000000000006,COMPLETE,2026,6.28,17.7,2.8,156.2,76,98.6,20.0,100.0,FAIL,yield below target; moisture meets threshold; disease score acceptable; genomic value below target,SYNTH_V1,TRUE
620A7637-3BE2-7307-0000-000000000025,SYN-TR-0037,Synthetic performance trial 0037,69F84508-D13B-4A83-0000-000000000001,COMPLETE,2024,12.58,16.2,4.2,236.9,65,105.2,30.0,100.0,HOLD,yield meets threshold; moisture meets threshold; disease score acceptable; genomic value favourable,SYNTH_V1,TRUE
620A7637-3BE2-7307-0000-000000000026,SYN-TR-0038,Synthetic performance trial 0038,69F84508-D13B-4A83-0000-000000000002,COMPLETE,2025,11.58,16.2,4.9,217.7,89,103.4,10.0,100.0,HOLD,yield meets threshold; moisture meets threshold; disease score acceptable; genomic value favourable,SYNTH_V1,TRUE
620A7637-3BE2-7307-0000-000000000027,SYN-TR-0039,Synthetic performance trial 0039,69F84508-D13B-4A83-0000-000000000003,COMPLETE,2026,12.06,15.2,7.7,273.0,90,109.8,50.0,100.0,FAIL,yield meets threshold; moisture meets threshold; disease risk elevated; genomic value favourable,SYNTH_V1,TRUE
620A7637-3BE2-7307-0000-000000000028,SYN-TR-0040,Synthetic performance trial 0040,69F84508-D13B-4A83-0000-000000000004,COMPLETE,2024,12.07,19.8,2.1,203.3,66,105.5,50.0,100.0,PASS,yield meets threshold; moisture meets threshold; disease score acceptable; genomic value favourable,SYNTH_V1,TRUE
620A7637-3BE2-7307-0000-000000000029,SYN-TR-0041,Synthetic performance trial 0041,69F84508-D13B-4A83-0000-000000000005,COMPLETE,2025,12.32,16.1,6.4,276.9,53,105.0,50.0,100.0,HOLD,yield meets threshold; moisture meets threshold; disease risk elevated; genomic value favourable,SYNTH_V1,TRUE
620A7637-3BE2-7307-0000-00000000002A,SYN-TR-0042,Synthetic performance trial 0042,69F84508-D13B-4A83-0000-000000000006,COMPLETE,2026,11.0,17.6,7.7,188.7,61,100.8,40.0,100.0,FAIL,yield meets threshold; moisture meets threshold; disease risk elevated; genomic value below target,SYNTH_V1,TRUE
620A7637-3BE2-7307-0000-00000000002B,SYN-TR-0043,Synthetic performance trial 0043,69F84508-D13B-4A83-0000-000000000001,COMPLETE,2024,9.25,26.5,1.1,288.3,57,105.5,70.0,100.0,HOLD,yield meets threshold; moisture above target; disease score acceptable; genomic value favourable,SYNTH_V1,TRUE
620A7637-3BE2-7307-0000-00000000002C,SYN-TR-0044,Synthetic performance trial 0044,69F84508-D13B-4A83-0000-000000000002,COMPLETE,2025,11.23,23.9,1.6,295.5,67,101.0,30.0,100.0,HOLD,yield meets threshold; moisture above target; disease score acceptable; genomic value below target,SYNTH_V1,TRUE
620A7637-3BE2-7307-0000-00000000002D,SYN-TR-0045,Synthetic performance trial 0045,69F84508-D13B-4A83-0000-000000000003,COMPLETE,2026,10.12,25.4,8.2,181.9,86,95.3,30.0,100.0,FAIL,yield meets threshold; moisture above target; disease risk elevated; genomic value below target,SYNTH_V1,TRUE
620A7637-3BE2-7307-0000-00000000002E,SYN-TR-0046,Synthetic performance trial 0046,69F84508-D13B-4A83-0000-000000000004,COMPLETE,2024,10.31,15.3,3.2,169.8,81,105.4,30.0,100.0,HOLD,yield meets threshold; moisture meets threshold; disease score acceptable; genomic value favourable,SYNTH_V1,TRUE
620A7637-3BE2-7307-0000-00000000002F,SYN-TR-0047,Synthetic performance trial 0047,69F84508-D13B-4A83-0000-000000000005,COMPLETE,2025,5.9,17.9,7.5,240.4,61,99.9,50.0,100.0,FAIL,yield below target; moisture meets threshold; disease risk elevated; genomic value below target,SYNTH_V1,TRUE
620A7637-3BE2-7307-0000-000000000030,SYN-TR-0048,Synthetic performance trial 0048,69F84508-D13B-4A83-0000-000000000006,COMPLETE,2026,8.72,18.9,7.6,202.1,70,106.8,70.0,100.0,FAIL,yield below target; moisture meets threshold; disease risk elevated; genomic value favourable,SYNTH_V1,TRUE
620A7637-3BE2-7307-0000-000000000031,SYN-TR-0049,Synthetic performance trial 0049,69F84508-D13B-4A83-0000-000000000001,COMPLETE,2024,7.37,22.4,3.7,256.5,67,108.9,50.0,100.0,HOLD,yield below target; moisture above target; disease score acceptable; genomic value favourable,SYNTH_V1,TRUE
620A7637-3BE2-7307-0000-000000000032,SYN-TR-0050,Synthetic performance trial 0050,69F84508-D13B-4A83-0000-000000000002,COMPLETE,2025,9.9,18.2,1.7,191.7,82,108.9,50.0,100.0,PASS,yield meets threshold; moisture meets threshold; disease score acceptable; genomic value favourable,SYNTH_V1,TRUE
620A7637-3BE2-7307-0000-000000000033,SYN-TR-0051,Synthetic performance trial 0051,69F84508-D13B-4A83-0000-000000000003,COMPLETE,2026,13.22,18.7,6.0,217.8,76,98.6,20.0,100.0,HOLD,yield meets threshold; moisture meets threshold; disease risk elevated; genomic value below target,SYNTH_V1,TRUE
620A7637-3BE2-7307-0000-000000000034,SYN-TR-0052,Synthetic performance trial 0052,69F84508-D13B-4A83-0000-000000000004,COMPLETE,2024,12.31,17.1,2.5,176.0,83,105.2,30.0,100.0,HOLD,yield meets threshold; moisture meets threshold; disease score acceptable; genomic value favourable,SYNTH_V1,TRUE
620A7637-3BE2-7307-0000-000000000035,SYN-TR-0053,Synthetic performance trial 0053,69F84508-D13B-4A83-0000-000000000005,COMPLETE,2025,5.67,25.8,5.9,180.9,80,103.4,10.0,100.0,FAIL,yield below target; moisture above target; disease risk elevated; genomic value favourable,SYNTH_V1,TRUE
620A7637-3BE2-7307-0000-000000000036,SYN-TR-0054,Synthetic performance trial 0054,69F84508-D13B-4A83-0000-000000000006,COMPLETE,2026,7.6,25.8,7.4,250.9,71,109.8,50.0,100.0,FAIL,yield below target; moisture above target; disease risk elevated; genomic value favourable,SYNTH_V1,TRUE
620A7637-3BE2-7307-0000-000000000037,SYN-TR-0055,Synthetic performance trial 0055,69F84508-D13B-4A83-0000-000000000001,COMPLETE,2024,12.36,25.1,5.8,277.5,80,105.5,50.0,100.0,HOLD,yield meets threshold; moisture above target; disease risk elevated; genomic value favourable,SYNTH_V1,TRUE
620A7637-3BE2-7307-0000-000000000038,SYN-TR-0056,Synthetic performance trial 0056,69F84508-D13B-4A83-0000-000000000002,COMPLETE,2025,9.54,23.8,3.3,193.0,59,105.0,50.0,100.0,HOLD,yield meets threshold; moisture above target; disease score acceptable; genomic value favourable,SYNTH_V1,TRUE
620A7637-3BE2-7307-0000-000000000039,SYN-TR-0057,Synthetic performance trial 0057,69F84508-D13B-4A83-0000-000000000003,COMPLETE,2026,12.9,24.9,3.7,222.5,81,100.8,40.0,100.0,HOLD,yield meets threshold; moisture above target; disease score acceptable; genomic value below target,SYNTH_V1,TRUE
620A7637-3BE2-7307-0000-00000000003A,SYN-TR-0058,Synthetic performance trial 0058,69F84508-D13B-4A83-0000-000000000004,COMPLETE,2024,7.63,20.0,5.3,172.3,68,105.5,70.0,100.0,HOLD,yield below target; moisture meets threshold; disease risk elevated; genomic value favourable,SYNTH_V1,TRUE
620A7637-3BE2-7307-0000-00000000003B,SYN-TR-0059,Synthetic performance trial 0059,69F84508-D13B-4A83-0000-000000000005,COMPLETE,2025,9.54,22.2,2.5,205.0,61,101.0,30.0,100.0,HOLD,yield meets threshold; moisture above target; disease score acceptable; genomic value below target,SYNTH_V1,TRUE
620A7637-3BE2-7307-0000-00000000003C,SYN-TR-0060,Synthetic performance trial 0060,69F84508-D13B-4A83-0000-000000000006,COMPLETE,2026,10.58,14.6,1.4,199.9,53,95.3,30.0,100.0,HOLD,yield meets threshold; moisture meets threshold; disease score acceptable; genomic value below target,SYNTH_V1,TRUE
620A7637-3BE2-7307-0000-00000000003D,SYN-TR-0061,Synthetic performance trial 0061,69F84508-D13B-4A83-0000-000000000001,COMPLETE,2024,9.14,19.2,7.0,226.1,77,105.4,30.0,100.0,HOLD,yield meets threshold; moisture meets threshold; disease risk elevated; genomic value favourable,SYNTH_V1,TRUE
620A7637-3BE2-7307-0000-00000000003E,SYN-TR-0062,Synthetic performance trial 0062,69F84508-D13B-4A83-0000-000000000002,COMPLETE,2025,9.27,24.1,3.2,170.2,72,99.9,50.0,100.0,HOLD,yield meets threshold; moisture above target; disease score acceptable; genomic value below target,SYNTH_V1,TRUE
620A7637-3BE2-7307-0000-00000000003F,SYN-TR-0063,Synthetic performance trial 0063,69F84508-D13B-4A83-0000-000000000003,COMPLETE,2026,6.39,19.9,5.9,189.3,83,106.8,70.0,100.0,FAIL,yield below target; moisture meets threshold; disease risk elevated; genomic value favourable,SYNTH_V1,TRUE
620A7637-3BE2-7307-0000-000000000040,SYN-TR-0064,Synthetic performance trial 0064,69F84508-D13B-4A83-0000-000000000004,COMPLETE,2024,6.37,13.2,6.0,238.7,50,108.9,50.0,100.0,FAIL,yield below target; moisture meets threshold; disease risk elevated; genomic value favourable,SYNTH_V1,TRUE
620A7637-3BE2-7307-0000-000000000041,SYN-TR-0065,Synthetic performance trial 0065,69F84508-D13B-4A83-0000-000000000005,COMPLETE,2025,11.91,20.9,7.9,228.7,78,108.9,50.0,100.0,FAIL,yield meets threshold; moisture meets threshold; disease risk elevated; genomic value favourable,SYNTH_V1,TRUE
620A7637-3BE2-7307-0000-000000000042,SYN-TR-0066,Synthetic performance trial 0066,69F84508-D13B-4A83-0000-000000000006,COMPLETE,2026,8.9,17.5,6.4,250.8,65,98.6,20.0,100.0,HOLD,yield below target; moisture meets threshold; disease risk elevated; genomic value below target,SYNTH_V1,TRUE
620A7637-3BE2-7307-0000-000000000043,SYN-TR-0067,Synthetic performance trial 0067,69F84508-D13B-4A83-0000-000000000001,COMPLETE,2024,12.17,23.7,5.2,208.1,86,105.2,30.0,100.0,HOLD,yield meets threshold; moisture above target; disease risk elevated; genomic value favourable,SYNTH_V1,TRUE
620A7637-3BE2-7307-0000-000000000044,SYN-TR-0068,Synthetic performance trial 0068,69F84508-D13B-4A83-0000-000000000002,COMPLETE,2025,12.53,25.6,6.7,219.6,81,103.4,10.0,100.0,HOLD,yield meets threshold; moisture above target; disease risk elevated; genomic value favourable,SYNTH_V1,TRUE
620A7637-3BE2-7307-0000-000000000045,SYN-TR-0069,Synthetic performance trial 0069,69F84508-D13B-4A83-0000-000000000003,COMPLETE,2026,8.77,18.9,8.4,225.9,59,109.8,50.0,100.0,FAIL,yield below target; moisture meets threshold; disease risk elevated; genomic value favourable,SYNTH_V1,TRUE
620A7637-3BE2-7307-0000-000000000046,SYN-TR-0070,Synthetic performance trial 0070,69F84508-D13B-4A83-0000-000000000004,COMPLETE,2024,11.24,14.0,1.4,281.4,79,105.5,50.0,100.0,PASS,yield meets threshold; moisture meets threshold; disease score acceptable; genomic value favourable,SYNTH_V1,TRUE
620A7637-3BE2-7307-0000-000000000047,SYN-TR-0071,Synthetic performance trial 0071,69F84508-D13B-4A83-0000-000000000005,COMPLETE,2025,7.66,15.8,2.6,251.6,53,105.0,50.0,100.0,HOLD,yield below target; moisture meets threshold; disease score acceptable; genomic value favourable,SYNTH_V1,TRUE
620A7637-3BE2-7307-0000-000000000048,SYN-TR-0072,Synthetic performance trial 0072,69F84508-D13B-4A83-0000-000000000006,COMPLETE,2026,10.26,17.4,5.9,230.8,86,100.8,40.0,100.0,HOLD,yield meets threshold; moisture meets threshold; disease risk elevated; genomic value below target,SYNTH_V1,TRUE
